Timestamp,Log Type ,  Actor  ,  Interface Mode  ,Indoor Temp (°C),Outdoor Temp (°C),Action,Energy (kWh),Fee (RM),PMV,Latency (ms),Indoor Humidity (%),Outdoor Humidity (%),AI Setpoint  (°C),,
30/04/2026 20:28:07,SYSTEM,BOOT,PI_HARDWARE,24,24,--- Raspberry Pi AI Master Started ---,15.7886,3.4419,-0.77,-,50,50,-,,
30/04/2026 20:28:10,ACTION,LSTM_AI,PI_HARDWARE,30.14,24,Set AC Fan to HIGH & Peltier ON,15.7886,3.4419,+3.00,413.2,50,50,24,,
30/04/2026 20:29:08,ENVIRONMENT,Sensors,PI_HARDWARE,29.09,30.46,-,15.8051,3.4455,+1.30,-,65.64,63.27,-,,
30/04/2026 20:30:08,ENVIRONMENT,Sensors,PI_HARDWARE,28.33,30.06,-,15.8219,3.4492,+1.00,-,65.5,62.3,-,,
30/04/2026 20:31:08,ENVIRONMENT,Sensors,PI_HARDWARE,27.89,29.69,-,15.8386,3.4528,+0.82,-,64.78,61.17,-,,
30/04/2026 20:32:08,ENVIRONMENT,Sensors,PI_HARDWARE,27.52,29.36,-,15.8554,3.4565,+0.68,-,64.26,60.25,-,,
30/04/2026 20:33:08,ENVIRONMENT,Sensors,PI_HARDWARE,27.28,29.07,-,15.8721,3.4601,+0.59,-,64.5,60.43,-,,
30/04/2026 20:34:08,ENVIRONMENT,Sensors,PI_HARDWARE,27.2,28.9,-,15.8889,3.4638,+0.55,-,64.27,60.31,-,,
30/04/2026 20:34:35,ACTION,USER,PI_HARDWARE,27.2,28.9,Set STATUS to OFF,15.8962,3.4654,+0.55,-,64.27,60.31,-,,
30/04/2026 20:35:08,ENVIRONMENT,Sensors,PI_HARDWARE,26.7,28.52,-,15.9057,3.4674,+0.36,-,63.55,59.15,-,,
30/04/2026 20:36:08,ENVIRONMENT,Sensors,PI_HARDWARE,26.44,28.35,-,15.9224,3.4711,+0.25,-,62.93,58.46,-,,
30/04/2026 20:37:09,ENVIRONMENT,Sensors,PI_HARDWARE,26.17,28.11,-,15.9392,3.4747,+0.15,-,62.49,57.7,-,,
30/04/2026 20:37:46,ACTION,USER,PI_HARDWARE,26.11,28.09,Set STATUS to OFF,15.9493,3.4769,+0.12,-,62.41,57.66,-,,
30/04/2026 20:37:52,ACTION,LSTM_AI,PI_HARDWARE,25.96,27.96,Set AC Fan to MEDIUM & Peltier ON,15.9509,3.4773,+0.06,114.7,62.35,57.28,24,,
30/04/2026 20:38:08,ENVIRONMENT,Sensors,PI_HARDWARE,25.94,27.97,-,15.956,3.4784,+0.05,-,61.95,57.16,-,,
30/04/2026 20:38:28,ACTION,LSTM_AI,PI_HARDWARE,26.01,27.84,Set AC Fan to HIGH & Peltier ON,15.961,3.4795,+0.08,113.8,61.38,57.04,24,,
30/04/2026 20:38:37,ACTION,LSTM_AI,PI_HARDWARE,26,27.83,Set AC Fan to MEDIUM & Peltier ON,15.9638,3.4801,+0.07,116.5,61.39,56.83,24,,
30/04/2026 20:39:10,ENVIRONMENT,Sensors,PI_HARDWARE,25.97,27.71,-,15.973,3.4821,+0.06,-,60.99,56.7,-,,
30/04/2026 20:40:10,ENVIRONMENT,Sensors,PI_HARDWARE,25.94,27.67,-,15.9898,3.4858,+0.04,-,60.72,56.55,-,,
30/04/2026 20:40:24,ACTION,USER,PI_HARDWARE,25.94,27.67,Set STATUS to OFF,15.9937,3.4866,+0.04,-,60.72,56.55,-,,
30/04/2026 20:40:25,ACTION,LSTM_AI,PI_HARDWARE,25.8,27.67,Set AC Fan to LOW & Peltier OFF,15.9937,3.4866,-0.01,112.7,60.72,56.55,26.66,,
30/04/2026 20:41:10,ENVIRONMENT,Sensors,PI_HARDWARE,25.69,27.41,-,15.9938,3.4866,-0.03,-,63.05,55.88,-,,
30/04/2026 20:41:21,ACTION,LSTM_AI,PI_HARDWARE,25.86,27.38,Set AC Fan to MEDIUM & Peltier ON,15.9938,3.4866,+0.03,114.2,62.62,55.78,24,,
30/04/2026 20:42:04,ACTION,USER,PI_HARDWARE,25.86,27.41,Set STATUS to OFF,16.0061,3.4893,+0.03,-,62.47,55.79,-,,
30/04/2026 20:42:10,ENVIRONMENT,Sensors,PI_HARDWARE,25.87,27.31,-,16.0077,3.4897,+0.00,-,59.14,55.2,-,,
30/04/2026 20:42:20,ACTION,LSTM_AI,PI_HARDWARE,25.75,27.28,Set AC Fan to LOW & Peltier OFF,16.01,3.4902,-0.05,114.3,59.11,55.18,26.67,,
30/04/2026 20:42:47,ACTION,LSTM_AI,PI_HARDWARE,25.82,27.22,Set AC Fan to MEDIUM & Peltier ON,16.01,3.4902,-0.01,113.8,59.95,55.05,24,,
30/04/2026 20:43:10,ENVIRONMENT,Sensors,PI_HARDWARE,25.91,27.19,-,16.0167,3.4916,+0.01,-,58.78,54.84,-,,
30/04/2026 20:43:26,ACTION,LSTM_AI,PI_HARDWARE,25.79,27.16,Set AC Fan to LOW & Peltier OFF,16.0206,3.4925,-0.04,114.1,58.41,54.77,26.66,,
30/04/2026 20:43:41,ACTION,LSTM_AI,PI_HARDWARE,25.81,27.15,Set AC Fan to MEDIUM & Peltier ON,16.0207,3.4925,-0.02,113.4,58.61,54.63,24,,
30/04/2026 20:44:05,ACTION,LSTM_AI,PI_HARDWARE,25.77,27.11,Set AC Fan to LOW & Peltier OFF,16.0274,3.494,-0.04,114.6,58.25,54.54,26.66,,
30/04/2026 20:44:10,ENVIRONMENT,Sensors,PI_HARDWARE,25.76,27.08,-,16.0274,3.494,-0.05,-,58.11,54.43,-,,
30/04/2026 20:44:32,ACTION,LSTM_AI,PI_HARDWARE,25.82,27.05,Set AC Fan to MEDIUM & Peltier ON,16.0274,3.494,-0.03,114.2,58.36,54.38,24,,
30/04/2026 20:45:10,ENVIRONMENT,Sensors,PI_HARDWARE,25.85,26.98,-,16.0386,3.4964,-0.02,-,57.2,54.07,-,,
30/04/2026 20:45:20,ACTION,LSTM_AI,PI_HARDWARE,25.71,27.01,Set AC Fan to LOW & Peltier OFF,16.0408,3.4969,-0.07,113.7,57.22,53.99,26.66,,
30/04/2026 20:46:05,ACTION,LSTM_AI,PI_HARDWARE,25.82,26.93,Set AC Fan to MEDIUM & Peltier ON,16.0409,3.4969,-0.04,114.5,57.04,53.72,24,,
30/04/2026 20:46:10,ENVIRONMENT,Sensors,PI_HARDWARE,25.85,26.93,-,16.0425,3.4973,-0.03,-,56.77,53.72,-,,
30/04/2026 20:46:50,ACTION,LSTM_AI,PI_HARDWARE,25.77,26.83,Set AC Fan to LOW & Peltier OFF,16.0532,3.4996,-0.06,114.7,56.04,53.49,26.66,,
30/04/2026 20:47:10,ENVIRONMENT,Sensors,PI_HARDWARE,25.79,26.8,-,16.0532,3.4996,-0.06,-,56.01,53.49,-,,
30/04/2026 20:47:23,ACTION,LSTM_AI,PI_HARDWARE,25.8,26.8,Set AC Fan to MEDIUM & Peltier ON,16.0532,3.4996,-0.05,113.5,55.84,53.38,24,,
30/04/2026 20:47:59,ACTION,LSTM_AI,PI_HARDWARE,25.79,26.73,Set AC Fan to LOW & Peltier OFF,16.0633,3.5018,-0.06,114.2,55.38,53.18,26.66,,
30/04/2026 20:48:10,ENVIRONMENT,Sensors,PI_HARDWARE,25.76,26.72,-,16.0633,3.5018,-0.07,-,55.43,53.24,-,,
30/04/2026 20:48:38,ACTION,LSTM_AI,PI_HARDWARE,25.81,26.64,Set AC Fan to MEDIUM & Peltier ON,16.0633,3.5018,-0.06,111.3,55.19,53.05,24,,
30/04/2026 20:48:57,ACTION,USER,PI_HARDWARE,25.91,26.63,Set STATUS to OFF,16.0689,3.503,-0.02,-,54.87,53.05,-,,
30/04/2026 20:49:07,ACTION,USER,PI_HARDWARE,25.94,26.6,Set STATUS to OFF,16.0717,3.5036,-0.01,-,54.53,53.04,-,,
30/04/2026 20:49:10,ENVIRONMENT,Sensors,PI_HARDWARE,25.94,26.6,-,16.0728,3.5039,-0.01,-,54.51,52.98,-,,
30/04/2026 20:49:29,ACTION,LSTM_AI,PI_HARDWARE,25.73,26.57,Set AC Fan to LOW & Peltier OFF,16.0778,3.505,-0.09,112.4,54.99,52.98,26.66,,
30/04/2026 20:50:10,ENVIRONMENT,Sensors,PI_HARDWARE,25.62,26.52,-,16.0779,3.505,-0.12,-,55.16,52.89,-,,
30/04/2026 20:51:10,ENVIRONMENT,Sensors,PI_HARDWARE,25.62,26.52,-,16.078,3.505,-0.12,-,55.16,52.89,-,,
30/04/2026 20:52:10,ENVIRONMENT,Sensors,PI_HARDWARE,25.62,26.52,-,16.0781,3.505,-0.12,-,55.16,52.89,-,,
30/04/2026 20:53:10,ENVIRONMENT,Sensors,PI_HARDWARE,25.62,26.52,-,16.0782,3.505,-0.12,-,55.16,52.89,-,,
30/04/2026 20:54:10,ENVIRONMENT,Sensors,PI_HARDWARE,25.62,26.52,-,16.0782,3.5051,-0.12,-,55.16,52.89,-,,
30/04/2026 20:55:10,ENVIRONMENT,Sensors,PI_HARDWARE,25.62,26.52,-,16.0783,3.5051,-0.12,-,55.16,52.89,-,,
30/04/2026 20:56:10,ENVIRONMENT,Sensors,PI_HARDWARE,25.62,26.52,-,16.0784,3.5051,-0.12,-,55.16,52.89,-,,
30/04/2026 20:57:10,ENVIRONMENT,Sensors,PI_HARDWARE,25.62,26.52,-,16.0785,3.5051,-0.12,-,55.16,52.89,-,,
30/04/2026 20:58:10,ENVIRONMENT,Sensors,PI_HARDWARE,25.62,26.52,-,16.0786,3.5051,-0.12,-,55.16,52.89,-,,
30/04/2026 20:59:12,ENVIRONMENT,Sensors,PI_HARDWARE,25.62,26.52,-,16.0787,3.5051,-0.12,-,55.16,52.89,-,,
30/04/2026 21:00:12,ENVIRONMENT,Sensors,PI_HARDWARE,25.62,26.52,-,16.0787,3.5052,-0.12,-,55.16,52.89,-,,
30/04/2026 21:00:30,ACTION,USER,PI_HARDWARE,25.62,26.52,Set STATUS to OFF,16.0788,3.5052,-0.12,-,55.16,52.89,-,,
30/04/2026 21:00:36,ACTION,LSTM_AI,PI_HARDWARE,25.91,25.91,Set AC Fan to MEDIUM & Peltier ON,16.0788,3.5052,-0.05,113.4,51.66,51.87,24,,
30/04/2026 21:01:06,ACTION,LSTM_AI,PI_HARDWARE,25.72,25.88,Set AC Fan to LOW & Peltier OFF,16.0872,3.507,-0.12,115.1,52.12,51.86,26.66,,
30/04/2026 21:01:12,ENVIRONMENT,Sensors,PI_HARDWARE,25.66,25.88,-,16.0872,3.507,-0.14,-,52.48,51.9,-,,
30/04/2026 21:02:13,ENVIRONMENT,Sensors,PI_HARDWARE,25.54,25.88,-,16.0872,3.507,-0.18,-,52.38,51.77,-,,
30/04/2026 21:03:16,ENVIRONMENT,Sensors,PI_HARDWARE,25.76,25.85,-,16.0873,3.507,-0.1,-,51.73,51.63,-,,
30/04/2026 21:03:31,ACTION,LSTM_AI,PI_HARDWARE,25.8,25.83,Set AC Fan to MEDIUM & Peltier ON,16.0874,3.507,-0.09,113,51.58,51.56,24,,
30/04/2026 21:04:12,ENVIRONMENT,Sensors,PI_HARDWARE,25.89,25.84,-,16.0991,3.5096,-0.06,-,51.65,52.64,-,,
30/04/2026 21:04:14,ACTION,LSTM_AI,PI_HARDWARE,25.8,25.84,Set AC Fan to LOW & Peltier OFF,16.0996,3.5097,-0.09,107.3,51.65,52.64,26.66,,
30/04/2026 21:04:14,ACTION,USER,PI_HARDWARE,25.89,25.84,Set STATUS to OFF,16.0996,3.5097,-0.06,-,51.65,52.64,-,,
30/04/2026 21:04:49,ACTION,USER,PI_HARDWARE,25.47,25.84,Set STATUS to OFF,16.0997,3.5097,-0.19,-,54.68,53.21,-,,
30/04/2026 21:05:12,ENVIRONMENT,Sensors,PI_HARDWARE,25.41,25.84,-,16.0997,3.5097,-0.21,-,55,53.4,-,,
30/04/2026 21:05:12,ACTION,USER,PI_HARDWARE,25.41,25.84,Set STATUS to OFF,16.0997,3.5097,-0.21,-,55,53.4,-,,
30/04/2026 21:05:52,ACTION,USER,PI_HARDWARE,25.59,25.84,Set STATUS to OFF,16.0998,3.5098,-0.15,-,53.83,53.18,-,,
30/04/2026 21:06:04,ACTION,LSTM_AI,PI_HARDWARE,25.83,25.84,Set AC Fan to MEDIUM & Peltier ON,16.0998,3.5098,-0.07,118.5,53.1,52.97,24,,
30/04/2026 21:06:13,ENVIRONMENT,Sensors,PI_HARDWARE,25.95,25.85,-,16.1032,3.5105,-0.02,-,52.82,52.92,-,,
30/04/2026 21:06:18,ACTION,LSTM_AI,PI_HARDWARE,26,25.85,Set AC Fan to HIGH & Peltier ON,16.1043,3.5107,-0.01,119.9,52.77,52.92,24,,
30/04/2026 21:06:30,ACTION,LSTM_AI,PI_HARDWARE,25.96,25.83,Set AC Fan to MEDIUM & Peltier ON,16.1076,3.5115,-0.02,120.5,52.72,52.93,24,,
30/04/2026 21:06:48,ACTION,LSTM_AI,PI_HARDWARE,25.72,25.84,Set AC Fan to LOW & Peltier OFF,16.1127,3.5126,-0.11,117.5,52.97,52.98,26.66,,
30/04/2026 21:07:12,ENVIRONMENT,Sensors,PI_HARDWARE,25.57,25.84,-,16.1127,3.5126,-0.16,-,53.41,52.79,-,,
30/04/2026 21:07:25,ACTION,USER,PI_HARDWARE,25.57,25.84,Set STATUS to OFF,16.1127,3.5126,-0.16,-,53.41,52.79,-,,
30/04/2026 21:08:14,ENVIRONMENT,Sensors,PI_HARDWARE,25.77,25.81,-,16.1128,3.5126,-0.09,-,52.68,52.36,-,,
30/04/2026 21:08:19,ACTION,LSTM_AI,PI_HARDWARE,25.81,25.83,Set AC Fan to MEDIUM & Peltier ON,16.1128,3.5126,-0.08,107.5,52.6,52.36,24,,
30/04/2026 21:08:36,ACTION,LSTM_AI,PI_HARDWARE,26.03,25.78,Set AC Fan to HIGH & Peltier ON,16.1178,3.5137,0,113.1,51.95,52.33,24,,
30/04/2026 21:09:12,ACTION,LSTM_AI,PI_HARDWARE,25.86,25.78,Set AC Fan to MEDIUM & Peltier ON,16.1268,3.5156,-0.07,114.6,51.9,52.27,24,,
30/04/2026 21:09:12,ACTION,USER,PI_HARDWARE,26.02,25.78,Set STATUS to OFF,16.1268,3.5156,-0.01,-,51.9,52.27,-,,
30/04/2026 21:09:12,ACTION,LSTM_AI,PI_HARDWARE,25.7,25.78,Set AC Fan to LOW & Peltier OFF,16.1279,3.5159,-0.11,107.5,53.35,52.27,26.66,,
30/04/2026 21:09:17,ENVIRONMENT,Sensors,PI_HARDWARE,25.7,25.78,-,16.1279,3.5159,-0.11,-,53.37,52.24,-,,
30/04/2026 21:10:13,ENVIRONMENT,Sensors,PI_HARDWARE,25.6,25.78,-,16.128,3.5159,-0.16,-,52.09,51.82,-,,
30/04/2026 21:10:39,ACTION,LSTM_AI,PI_HARDWARE,25.83,25.76,Set AC Fan to MEDIUM & Peltier ON,16.128,3.5159,-0.08,113.2,51.56,51.62,24,,
30/04/2026 21:11:04,ACTION,USER,PI_HARDWARE,25.98,25.74,Set STATUS to OFF,16.1356,3.5176,-0.02,-,51.59,51.59,-,,
30/04/2026 21:11:11,ACTION,LSTM_AI,PI_HARDWARE,25.71,25.76,Set AC Fan to LOW & Peltier OFF,16.1372,3.5179,-0.12,106.9,51.83,51.54,26.66,,
30/04/2026 21:11:15,ENVIRONMENT,Sensors,PI_HARDWARE,25.58,25.76,-,16.1372,3.5179,-0.17,-,52.14,51.55,-,,
30/04/2026 21:11:49,ACTION,USER,PI_HARDWARE,25.41,25.76,Set STATUS to OFF,16.1373,3.5179,-0.22,-,53.1,51.57,-,,
30/04/2026 21:12:15,ENVIRONMENT,Sensors,PI_HARDWARE,25.51,25.76,-,16.1373,3.5179,-0.19,-,52.57,51.37,-,,
30/04/2026 21:12:34,ACTION,USER,PI_HARDWARE,25.54,25.76,Set STATUS to OFF,16.1374,3.5179,-0.18,-,52.37,51.31,-,,
30/04/2026 21:12:49,ACTION,LSTM_AI,PI_HARDWARE,25.82,25.76,Set AC Fan to MEDIUM & Peltier ON,16.1374,3.5179,-0.09,112.9,51.04,51.02,24,,
30/04/2026 21:13:04,ACTION,LSTM_AI,PI_HARDWARE,26,25.74,Set AC Fan to HIGH & Peltier ON,16.1413,3.5188,-0.03,111.5,50.52,50.93,24,,
30/04/2026 21:13:14,ENVIRONMENT,Sensors,PI_HARDWARE,26.13,25.77,-,16.1446,3.5195,+0.02,-,50.4,50.94,-,,
30/04/2026 21:13:31,ACTION,LSTM_AI,PI_HARDWARE,25.94,25.71,Set AC Fan to MEDIUM & Peltier ON,16.1491,3.5205,-0.05,115.1,50.47,50.91,24,,
30/04/2026 21:14:15,ENVIRONMENT,Sensors,PI_HARDWARE,25.94,25.71,-,16.1614,3.5232,-0.05,-,50.47,50.9,-,,
30/04/2026 21:14:18,ACTION,USER,PI_HARDWARE,25.94,25.71,Set STATUS to OFF,16.162,3.5233,-0.05,-,50.47,50.9,-,,
30/04/2026 21:14:21,ACTION,LSTM_AI,PI_HARDWARE,25.64,25.7,Set AC Fan to LOW & Peltier OFF,16.1631,3.5236,-0.14,113.4,52.56,50.94,26.66,,
30/04/2026 21:15:15,ENVIRONMENT,Sensors,PI_HARDWARE,25.04,25.71,-,16.1632,3.5236,-0.37,-,52.06,50.6,-,,
30/04/2026 21:15:50,SYSTEM,SHUTDOWN,PI_HARDWARE,25.43,25.67,Master Script Stopped Manually,16.1632,3.5236,-0.23,-,51.03,50.44,-,,
30/04/2026 21:17:14,SYSTEM,BOOT,PI_HARDWARE,24,24,--- Raspberry Pi AI Master Started ---,16.1632,3.5236,-0.77,-,50,50,-,,
30/04/2026 21:17:15,ACTION,LSTM_AI,PI_HARDWARE,25.78,24,Set AC Fan to LOW & Peltier OFF,16.1632,3.5236,-0.11,131.9,50,50,26.69,,
30/04/2026 21:17:26,ACTION,LSTM_AI,PI_HARDWARE,25.8,25.51,Set AC Fan to MEDIUM & Peltier ON,16.1632,3.5236,-0.1,107.2,50.02,50.62,24,,
30/04/2026 21:17:59,ACTION,LSTM_AI,PI_HARDWARE,25.77,25.46,Set AC Fan to LOW & Peltier OFF,16.1722,3.5255,-0.11,113,49.99,50.65,26.67,,
30/04/2026 21:18:15,ENVIRONMENT,Sensors,PI_HARDWARE,25.63,25.45,-,16.1722,3.5255,-0.16,-,50.52,50.77,-,,
30/04/2026 21:19:14,ENVIRONMENT,Sensors,PI_HARDWARE,25.64,25.43,-,16.1723,3.5256,-0.16,-,49.95,50.57,-,,
30/04/2026 21:19:48,ACTION,LSTM_AI,PI_HARDWARE,25.81,25.4,Set AC Fan to MEDIUM & Peltier ON,16.1723,3.5256,-0.11,114.5,49.55,50.45,24,,
30/04/2026 21:20:15,ENVIRONMENT,Sensors,PI_HARDWARE,25.85,25.38,-,16.1801,3.5273,-0.09,-,49.44,50.3,-,,
30/04/2026 21:20:18,ACTION,LSTM_AI,PI_HARDWARE,25.78,25.38,Set AC Fan to LOW & Peltier OFF,16.1807,3.5274,-0.12,113.1,49.62,50.3,26.66,,
30/04/2026 21:21:17,ENVIRONMENT,Sensors,PI_HARDWARE,25.54,25.33,-,16.1808,3.5274,-0.2,-,49.81,50.4,-,,
30/04/2026 21:22:14,ENVIRONMENT,Sensors,PI_HARDWARE,25.54,25.33,-,16.1809,3.5274,-0.2,-,49.81,50.4,-,,
30/04/2026 21:22:48,ACTION,USER,PI_HARDWARE,25.54,25.33,Set STATUS to OFF,16.1809,3.5274,-0.2,-,49.81,50.4,-,,
30/04/2026 21:22:54,ACTION,LSTM_AI,PI_HARDWARE,25.83,25.28,Set AC Fan to MEDIUM & Peltier ON,16.1809,3.5274,-0.1,113.6,49.17,50.34,24,,
30/04/2026 21:23:14,ENVIRONMENT,Sensors,PI_HARDWARE,25.96,25.28,-,16.1871,3.5288,-0.05,-,48.93,50.32,-,,
30/04/2026 21:23:30,ACTION,LSTM_AI,PI_HARDWARE,25.73,25.28,Set AC Fan to LOW & Peltier OFF,16.191,3.5296,-0.14,113.8,49.48,50.41,26.66,,
30/04/2026 21:24:14,ENVIRONMENT,Sensors,PI_HARDWARE,25.4,25.33,-,16.191,3.5296,-0.25,-,49.98,50.25,-,,
30/04/2026 21:25:04,ACTION,USER,PI_HARDWARE,25.47,25.3,Set STATUS to OFF,16.1911,3.5297,-0.23,-,50.03,50.2,-,,
30/04/2026 21:25:14,ENVIRONMENT,Sensors,PI_HARDWARE,25.52,25.28,-,16.1911,3.5297,-0.21,-,50.01,50.27,-,,
30/04/2026 21:26:14,ENVIRONMENT,Sensors,PI_HARDWARE,25.73,25.25,-,16.1912,3.5297,-0.14,-,49.5,50.29,-,,
30/04/2026 21:26:31,ACTION,LSTM_AI,PI_HARDWARE,25.81,25.26,Set AC Fan to MEDIUM & Peltier ON,16.1912,3.5297,-0.1,114.1,49.76,50.24,24,,
30/04/2026 21:26:46,ACTION,LSTM_AI,PI_HARDWARE,25.78,25.26,Set AC Fan to LOW & Peltier OFF,16.1951,3.5305,-0.12,114.9,49.18,50.28,26.67,,
30/04/2026 21:27:15,ENVIRONMENT,Sensors,PI_HARDWARE,25.44,25.25,-,16.1952,3.5306,-0.24,-,49.88,50.24,-,,
30/04/2026 21:27:40,ACTION,USER,PI_HARDWARE,25.39,25.25,Set STATUS to OFF,16.1952,3.5306,-0.26,-,49.89,50.21,-,,
30/04/2026 21:28:14,ENVIRONMENT,Sensors,PI_HARDWARE,25.43,25.25,-,16.1953,3.5306,-0.24,-,49.69,50.06,-,,
30/04/2026 21:28:54,ACTION,USER,PI_HARDWARE,25.53,25.25,Set STATUS to OFF,16.1953,3.5306,-0.21,-,49.41,49.97,-,,
30/04/2026 21:29:16,ENVIRONMENT,Sensors,PI_HARDWARE,25.58,25.22,-,16.1954,3.5306,-0.19,-,49.23,49.96,-,,
30/04/2026 21:30:15,ENVIRONMENT,Sensors,PI_HARDWARE,25.68,25.16,-,16.1954,3.5306,-0.16,-,48.98,49.89,-,,
30/04/2026 21:30:26,ACTION,USER,PI_HARDWARE,25.68,25.16,Set STATUS to OFF,16.1954,3.5306,-0.16,-,48.98,49.89,-,,
30/04/2026 21:30:59,ACTION,USER,PI_HARDWARE,25.68,25.16,Set STATUS to OFF,16.1955,3.5306,-0.16,-,48.8,49.87,-,,
30/04/2026 21:31:15,ENVIRONMENT,Sensors,PI_HARDWARE,25.63,25.14,-,16.1955,3.5306,-0.17,-,49.49,49.92,-,,
30/04/2026 21:32:15,ENVIRONMENT,Sensors,PI_HARDWARE,25.55,25.11,-,16.1956,3.5306,-0.21,-,48.95,49.89,-,,
30/04/2026 21:33:17,ENVIRONMENT,Sensors,PI_HARDWARE,25.41,25.08,-,16.1957,3.5307,-0.26,-,49.11,49.84,-,,
30/04/2026 21:33:53,ACTION,USER,PI_HARDWARE,25.35,25.08,Set STATUS to OFF,16.1957,3.5307,-0.28,-,49.28,49.83,-,,
30/04/2026 21:34:16,ENVIRONMENT,Sensors,PI_HARDWARE,25.24,25.02,-,16.1958,3.5307,-0.32,-,49.47,49.91,-,,
30/04/2026 21:35:16,ENVIRONMENT,Sensors,PI_HARDWARE,25.09,24.99,-,16.1959,3.5307,-0.37,-,49.69,50.03,-,,
30/04/2026 21:36:16,ENVIRONMENT,Sensors,PI_HARDWARE,25.02,24.94,-,16.1959,3.5307,-0.39,-,50.12,50.16,-,,
30/04/2026 21:37:16,ENVIRONMENT,Sensors,PI_HARDWARE,24.91,24.91,-,16.196,3.5307,-0.43,-,50.16,50.16,-,,
30/04/2026 21:38:16,ENVIRONMENT,Sensors,PI_HARDWARE,24.81,24.88,-,16.1961,3.5308,-0.47,-,50.2,50.13,-,,
30/04/2026 21:39:16,ENVIRONMENT,Sensors,PI_HARDWARE,24.73,24.84,-,16.1962,3.5308,-0.5,-,50.33,50.11,-,,
30/04/2026 21:39:23,ACTION,LSTM_AI,PI_HARDWARE,24.7,24.84,Set AC Fan to OFF & Peltier OFF,16.1962,3.5308,-0.51,14.4,50.32,50.1,26.67,,
30/04/2026 21:40:10,ACTION,USER,PI_HARDWARE,24.68,24.85,Set STATUS to OFF,16.1963,3.5308,-0.52,-,50.35,50.08,-,,
30/04/2026 21:40:16,ENVIRONMENT,Sensors,PI_HARDWARE,24.59,24.83,-,16.1963,3.5308,-0.54,-,50.61,50.17,-,,
30/04/2026 21:41:16,ENVIRONMENT,Sensors,PI_HARDWARE,24.42,24.78,-,16.1964,3.5308,-0.61,-,50.84,50.02,-,,
30/04/2026 21:42:16,ENVIRONMENT,Sensors,PI_HARDWARE,24.34,24.74,-,16.1964,3.5308,-0.64,-,50.9,50.03,-,,
30/04/2026 21:43:17,ENVIRONMENT,Sensors,PI_HARDWARE,24.23,24.7,-,16.1965,3.5308,-0.68,-,50.99,49.92,-,,
30/04/2026 21:44:16,ENVIRONMENT,Sensors,PI_HARDWARE,24.22,24.7,-,16.1966,3.5309,-0.68,-,51.08,50.05,-,,
30/04/2026 21:45:16,ENVIRONMENT,Sensors,PI_HARDWARE,24.13,24.61,-,16.1967,3.5309,-0.71,-,51.18,50.08,-,,
30/04/2026 21:46:17,ENVIRONMENT,Sensors,PI_HARDWARE,24.06,24.63,-,16.1968,3.5309,-0.73,-,51.43,50.08,-,,
30/04/2026 21:47:17,ENVIRONMENT,Sensors,PI_HARDWARE,24.02,24.57,-,16.1969,3.5309,-0.75,-,51.65,50.18,-,,
30/04/2026 21:48:17,ENVIRONMENT,Sensors,PI_HARDWARE,24.14,24.55,-,16.1969,3.5309,-0.64,-,59.35,50.65,-,,
30/04/2026 21:48:40,ACTION,LSTM_AI,PI_HARDWARE,24.7,24.57,Set AC Fan to LOW & Peltier OFF,16.197,3.5309,-0.32,115.1,73.61,51.89,26.68,,
30/04/2026 21:49:20,ENVIRONMENT,Sensors,PI_HARDWARE,24.8,24.6,-,16.197,3.531,-0.42,-,56.32,54.83,-,,
30/04/2026 21:50:18,ENVIRONMENT,Sensors,PI_HARDWARE,24.8,24.8,-,16.1971,3.531,-0.4,-,59.71,58.48,-,,
30/04/2026 21:51:18,ENVIRONMENT,Sensors,PI_HARDWARE,24.98,25.02,-,16.1972,3.531,-0.31,-,61.68,60.42,-,,
30/04/2026 21:51:22,ACTION,USER,PI_HARDWARE,24.98,25.02,Set STATUS to OFF,16.1972,3.531,-0.31,-,61.68,60.42,-,,
30/04/2026 21:52:18,ENVIRONMENT,Sensors,PI_HARDWARE,25.28,25.35,-,16.1973,3.531,-0.19,-,63.08,62.07,-,,
30/04/2026 21:52:18,ACTION,USER,PI_HARDWARE,25.28,25.35,Set STATUS to OFF,16.1973,3.531,-0.19,-,63.08,62.07,-,,
30/04/2026 21:53:18,ENVIRONMENT,Sensors,PI_HARDWARE,25.42,25.71,-,16.1974,3.531,-0.15,-,60.81,60.48,-,,
30/04/2026 21:54:20,ENVIRONMENT,Sensors,PI_HARDWARE,25.34,25.78,-,16.1974,3.531,-0.2,-,59.13,58.52,-,,
30/04/2026 21:55:18,ENVIRONMENT,Sensors,PI_HARDWARE,25.25,25.74,-,16.1975,3.5311,-0.25,-,57.63,56.79,-,,
30/04/2026 21:56:19,ENVIRONMENT,Sensors,PI_HARDWARE,25.1,25.63,-,16.1976,3.5311,-0.31,-,56.6,55.64,-,,
30/04/2026 21:57:18,ENVIRONMENT,Sensors,PI_HARDWARE,25.01,25.51,-,16.1977,3.5311,-0.35,-,55.86,54.89,-,,
30/04/2026 21:58:23,ENVIRONMENT,Sensors,PI_HARDWARE,24.91,25.39,-,16.1978,3.5311,-0.39,-,55.37,54.3,-,,
30/04/2026 22:04:20,ENVIRONMENT,Sensors,PI_HARDWARE,24.23,24.83,-,16.1983,3.5312,-0.65,-,53.55,52.13,-,,
30/04/2026 22:07:22,ENVIRONMENT,Sensors,PI_HARDWARE,24.24,24.7,-,16.1985,3.5313,-0.62,-,57.69,54.64,-,,
30/04/2026 22:07:57,ACTION,LSTM_AI,PI_HARDWARE,24.51,24.74,Set AC Fan to LOW & Peltier OFF,16.1986,3.5313,-0.5,113.9,59.51,57.23,26.67,,
30/04/2026 22:08:20,ENVIRONMENT,Sensors,PI_HARDWARE,24.63,24.85,-,16.1986,3.5313,-0.45,-,60.69,58.54,-,,
30/04/2026 22:09:21,ENVIRONMENT,Sensors,PI_HARDWARE,24.95,25.11,-,16.1987,3.5313,-0.32,-,62.34,60.89,-,,
30/04/2026 22:10:20,ENVIRONMENT,Sensors,PI_HARDWARE,25.25,25.43,-,16.1988,3.5313,-0.19,-,63.36,62.2,-,,
30/04/2026 22:11:20,ENVIRONMENT,Sensors,PI_HARDWARE,25.55,25.74,-,16.1989,3.5314,-0.07,-,64.14,63.24,-,,
30/04/2026 22:12:20,ENVIRONMENT,Sensors,PI_HARDWARE,25.65,25.95,-,16.1989,3.5314,-0.06,-,61.91,61.18,-,,
30/04/2026 22:13:21,ENVIRONMENT,Sensors,PI_HARDWARE,25.57,26.04,-,16.199,3.5314,-0.11,-,59.42,58.83,-,,
30/04/2026 22:14:26,ENVIRONMENT,Sensors,PI_HARDWARE,25.42,25.95,-,16.1991,3.5314,-0.18,-,58.21,57.08,-,,
30/04/2026 22:15:20,ENVIRONMENT,Sensors,PI_HARDWARE,25.25,25.87,-,16.1992,3.5314,-0.25,-,56.97,55.92,-,,
30/04/2026 22:16:22,ENVIRONMENT,Sensors,PI_HARDWARE,25.14,25.67,-,16.1993,3.5314,-0.29,-,56.48,55.37,-,,
30/04/2026 22:17:20,ENVIRONMENT,Sensors,PI_HARDWARE,25.04,25.51,-,16.1994,3.5315,-0.34,-,55.46,54.68,-,,
30/04/2026 22:18:21,ENVIRONMENT,Sensors,PI_HARDWARE,24.95,25.33,-,16.1994,3.5315,-0.38,-,54.92,54.07,-,,
30/04/2026 22:19:20,ENVIRONMENT,Sensors,PI_HARDWARE,24.88,25.23,-,16.1995,3.5315,-0.41,-,54.65,53.61,-,,
30/04/2026 22:20:21,ENVIRONMENT,Sensors,PI_HARDWARE,24.76,25.11,-,16.1996,3.5315,-0.46,-,53.8,53.31,-,,
30/04/2026 22:21:06,ACTION,LSTM_AI,PI_HARDWARE,24.62,25.01,Set AC Fan to OFF & Peltier OFF,16.1997,3.5315,-0.51,12.2,53.67,52.98,26.67,,
30/04/2026 22:21:21,ENVIRONMENT,Sensors,PI_HARDWARE,24.55,24.98,-,16.1997,3.5315,-0.53,-,53.76,52.89,-,,
30/04/2026 22:22:20,ENVIRONMENT,Sensors,PI_HARDWARE,24.42,24.87,-,16.1998,3.5316,-0.55,-,57.93,54.74,-,,
30/04/2026 22:22:42,ACTION,LSTM_AI,PI_HARDWARE,24.52,24.87,Set AC Fan to LOW & Peltier OFF,16.1998,3.5316,-0.5,115.3,59.51,56.47,26.67,,
30/04/2026 22:23:22,ENVIRONMENT,Sensors,PI_HARDWARE,24.69,24.92,-,16.1999,3.5316,-0.42,-,61.58,59.51,-,,
30/04/2026 22:24:22,ENVIRONMENT,Sensors,PI_HARDWARE,24.94,25.08,-,16.1999,3.5316,-0.31,-,63.3,62.03,-,,
30/04/2026 22:25:22,ENVIRONMENT,Sensors,PI_HARDWARE,25.2,25.28,-,16.2,3.5316,-0.2,-,64.88,63.87,-,,
30/04/2026 22:26:22,ENVIRONMENT,Sensors,PI_HARDWARE,25.47,25.57,-,16.2001,3.5316,-0.09,-,66.03,65.02,-,,
30/04/2026 22:27:22,ENVIRONMENT,Sensors,PI_HARDWARE,25.52,25.78,-,16.2002,3.5316,-0.09,-,63.83,63.67,-,,
30/04/2026 22:28:22,ENVIRONMENT,Sensors,PI_HARDWARE,25.42,25.83,-,16.2003,3.5317,-0.15,-,61.58,61.3,-,,
30/04/2026 22:29:23,ENVIRONMENT,Sensors,PI_HARDWARE,25.24,25.78,-,16.2004,3.5317,-0.23,-,60.11,59.36,-,,
30/04/2026 22:30:23,ENVIRONMENT,Sensors,PI_HARDWARE,25.08,25.63,-,16.2004,3.5317,-0.3,-,58.97,58.04,-,,
30/04/2026 22:31:23,ENVIRONMENT,Sensors,PI_HARDWARE,24.94,25.47,-,16.2005,3.5317,-0.36,-,58.11,57.07,-,,
30/04/2026 22:32:22,ENVIRONMENT,Sensors,PI_HARDWARE,24.8,25.29,-,16.2006,3.5317,-0.42,-,57.16,56.24,-,,
30/04/2026 22:33:22,ENVIRONMENT,Sensors,PI_HARDWARE,24.7,25.14,-,16.2007,3.5318,-0.46,-,56.49,55.56,-,,
30/04/2026 22:34:22,ENVIRONMENT,Sensors,PI_HARDWARE,24.59,25.02,-,16.2008,3.5318,-0.5,-,55.83,55.03,-,,
30/04/2026 22:34:24,ACTION,LSTM_AI,PI_HARDWARE,24.58,25.02,Set AC Fan to OFF & Peltier OFF,16.2008,3.5318,-0.51,7.3,55.83,55.03,26.67,,
30/04/2026 22:35:22,ENVIRONMENT,Sensors,PI_HARDWARE,24.36,24.95,-,16.2009,3.5318,-0.59,-,55.75,54.51,-,,
30/04/2026 22:36:22,ENVIRONMENT,Sensors,PI_HARDWARE,24.17,24.84,-,16.2009,3.5318,-0.66,-,55.36,54,-,,
30/04/2026 22:37:22,ENVIRONMENT,Sensors,PI_HARDWARE,23.99,24.7,-,16.201,3.5318,-0.73,-,55.21,53.68,-,,
30/04/2026 22:38:23,ENVIRONMENT,Sensors,PI_HARDWARE,23.91,24.57,-,16.2011,3.5318,-0.76,-,54.86,53.39,-,,
30/04/2026 22:39:23,ENVIRONMENT,Sensors,PI_HARDWARE,23.98,24.53,-,16.2012,3.5319,-0.71,-,58.44,55.02,-,,
30/04/2026 22:40:24,ENVIRONMENT,Sensors,PI_HARDWARE,24.24,24.6,-,16.2013,3.5319,-0.59,-,61.74,59.48,-,,
30/04/2026 22:41:00,ACTION,LSTM_AI,PI_HARDWARE,24.44,24.68,Set AC Fan to LOW & Peltier OFF,16.2013,3.5319,-0.5,115.6,63.03,61.2,26.67,,
30/04/2026 22:41:24,ENVIRONMENT,Sensors,PI_HARDWARE,24.54,24.81,-,16.2014,3.5319,-0.46,-,63.68,62.07,-,,
30/04/2026 22:42:24,ENVIRONMENT,Sensors,PI_HARDWARE,24.8,25.04,-,16.2014,3.5319,-0.35,-,65.31,63.9,-,,
30/04/2026 22:43:24,ENVIRONMENT,Sensors,PI_HARDWARE,25.08,25.3,-,16.2015,3.5319,-0.23,-,66.62,65.18,-,,
30/04/2026 22:44:24,ENVIRONMENT,Sensors,PI_HARDWARE,25.34,25.57,-,16.2016,3.532,-0.12,-,67.45,66.21,-,,
30/04/2026 22:45:24,ENVIRONMENT,Sensors,PI_HARDWARE,25.49,25.83,-,16.2017,3.532,-0.08,-,65.79,65.49,-,,
30/04/2026 22:46:24,ENVIRONMENT,Sensors,PI_HARDWARE,25.49,25.94,-,16.2018,3.532,-0.1,-,63.25,62.96,-,,
30/04/2026 22:47:24,ENVIRONMENT,Sensors,PI_HARDWARE,25.32,25.88,-,16.2019,3.532,-0.18,-,61.38,60.69,-,,
30/04/2026 22:48:24,ENVIRONMENT,Sensors,PI_HARDWARE,25.16,25.78,-,16.2019,3.532,-0.26,-,59.96,58.98,-,,
30/04/2026 22:49:24,ENVIRONMENT,Sensors,PI_HARDWARE,24.98,25.62,-,16.202,3.532,-0.33,-,58.78,57.69,-,,
30/04/2026 22:50:25,ENVIRONMENT,Sensors,PI_HARDWARE,24.87,25.42,-,16.2021,3.5321,-0.39,-,57.59,56.66,-,,
30/04/2026 22:51:24,ENVIRONMENT,Sensors,PI_HARDWARE,24.68,25.22,-,16.2022,3.5321,-0.46,-,57.07,55.95,-,,
30/04/2026 22:52:09,ACTION,LSTM_AI,PI_HARDWARE,24.56,25.08,Set AC Fan to OFF & Peltier OFF,16.2023,3.5321,-0.51,14.7,56.55,55.48,26.67,,
30/04/2026 22:52:24,ENVIRONMENT,Sensors,PI_HARDWARE,24.5,25.04,-,16.2023,3.5321,-0.53,-,56.48,55.41,-,,
30/04/2026 22:53:25,ENVIRONMENT,Sensors,PI_HARDWARE,24.24,24.9,-,16.2024,3.5321,-0.63,-,56.24,54.87,-,,
30/04/2026 22:54:24,ENVIRONMENT,Sensors,PI_HARDWARE,24.07,24.76,-,16.2024,3.5321,-0.7,-,55.84,54.38,-,,
30/04/2026 22:55:24,ENVIRONMENT,Sensors,PI_HARDWARE,23.93,24.61,-,16.2025,3.5322,-0.75,-,55.54,54.05,-,,
30/04/2026 22:56:25,ENVIRONMENT,Sensors,PI_HARDWARE,23.8,24.53,-,16.2026,3.5322,-0.8,-,55.36,53.66,-,,
30/04/2026 22:57:26,ENVIRONMENT,Sensors,PI_HARDWARE,23.82,24.48,-,16.2027,3.5322,-0.77,-,58.05,54.88,-,,
30/04/2026 22:58:26,ENVIRONMENT,Sensors,PI_HARDWARE,24.1,24.49,-,16.2028,3.5322,-0.64,-,61.71,59.26,-,,
30/04/2026 23:00:26,ENVIRONMENT,Sensors,PI_HARDWARE,24.68,24.92,-,16.203,3.5322,-0.39,-,65.33,63.83,-,,
30/04/2026 23:02:41,ENVIRONMENT,Sensors,PI_HARDWARE,25.2,25.46,-,16.2031,3.5323,-0.17,-,67.78,66.34,-,,
30/04/2026 23:03:26,ENVIRONMENT,Sensors,PI_HARDWARE,25.46,25.71,-,16.2032,3.5323,-0.08,-,68.15,67.16,-,,
30/04/2026 23:04:26,ENVIRONMENT,Sensors,PI_HARDWARE,25.52,25.9,-,16.2033,3.5323,-0.07,-,66.03,65.32,-,,
30/04/2026 23:05:26,ENVIRONMENT,Sensors,PI_HARDWARE,25.44,25.94,-,16.2034,3.5323,-0.12,-,63.49,62.84,-,,
30/04/2026 23:06:26,ENVIRONMENT,Sensors,PI_HARDWARE,25.28,25.87,-,16.2035,3.5324,-0.2,-,61.64,60.77,-,,
30/04/2026 23:07:27,ENVIRONMENT,Sensors,PI_HARDWARE,25.09,25.73,-,16.2035,3.5324,-0.28,-,60.25,59.19,-,,
30/04/2026 23:08:26,ENVIRONMENT,Sensors,PI_HARDWARE,24.88,25.54,-,16.2036,3.5324,-0.37,-,59.27,58.02,-,,
30/04/2026 23:09:26,ENVIRONMENT,Sensors,PI_HARDWARE,24.75,25.32,-,16.2037,3.5324,-0.42,-,58.29,57.29,-,,
30/04/2026 23:10:26,ENVIRONMENT,Sensors,PI_HARDWARE,24.59,25.11,-,16.2038,3.5324,-0.49,-,57.92,56.66,-,,
30/04/2026 23:11:27,ENVIRONMENT,Sensors,PI_HARDWARE,24.67,24.99,-,16.2039,3.5324,-0.42,-,62,59.25,-,,
30/04/2026 23:12:27,ENVIRONMENT,Sensors,PI_HARDWARE,24.88,25.08,-,16.204,3.5325,-0.32,-,64.78,63.06,-,,
30/04/2026 23:13:28,ENVIRONMENT,Sensors,PI_HARDWARE,25.16,25.21,-,16.204,3.5325,-0.2,-,66.7,65.6,-,,
30/04/2026 23:14:28,ENVIRONMENT,Sensors,PI_HARDWARE,25.42,25.45,-,16.2041,3.5325,-0.1,-,67.46,66.77,-,,
30/04/2026 23:15:28,ENVIRONMENT,Sensors,PI_HARDWARE,25.64,25.71,-,16.2042,3.5325,0,-,68.35,67.74,-,,
30/04/2026 23:16:10,ACTION,LSTM_AI,PI_HARDWARE,25.81,25.85,Set AC Fan to MEDIUM & Peltier ON,16.2043,3.5325,+0.07,112.8,69.04,68.32,24,,
30/04/2026 23:16:28,ENVIRONMENT,Sensors,PI_HARDWARE,25.8,25.91,-,16.2093,3.5336,+0.07,-,69.3,68.52,-,,
30/04/2026 23:16:31,ACTION,LSTM_AI,PI_HARDWARE,25.75,25.97,Set AC Fan to LOW & Peltier OFF,16.2099,3.5337,+0.05,114.3,69.35,68.56,26.66,,
30/04/2026 23:17:13,ACTION,LSTM_AI,PI_HARDWARE,25.8,26.11,Set AC Fan to MEDIUM & Peltier ON,16.2099,3.5338,+0.08,113,70.56,69.03,24,,
30/04/2026 23:17:28,ENVIRONMENT,Sensors,PI_HARDWARE,25.87,26.17,-,16.2144,3.5347,+0.10,-,70.49,69.15,-,,
30/04/2026 23:17:49,ACTION,LSTM_AI,PI_HARDWARE,25.77,26.22,Set AC Fan to LOW & Peltier OFF,16.22,3.536,+0.06,113.7,69.88,69.25,26.66,,
30/04/2026 23:18:16,ACTION,LSTM_AI,PI_HARDWARE,25.82,26.31,Set AC Fan to MEDIUM & Peltier ON,16.22,3.536,+0.08,113.1,70.89,68.6,24,,
30/04/2026 23:18:28,ENVIRONMENT,Sensors,PI_HARDWARE,25.86,26.33,-,16.2234,3.5367,+0.09,-,69.44,68.16,-,,
30/04/2026 23:18:52,ACTION,LSTM_AI,PI_HARDWARE,25.75,26.39,Set AC Fan to LOW & Peltier OFF,16.2301,3.5382,+0.03,114.2,67.26,66.78,26.66,,
30/04/2026 23:19:28,ENVIRONMENT,Sensors,PI_HARDWARE,25.76,26.4,-,16.2301,3.5382,+0.02,-,66.26,64.89,-,,
30/04/2026 23:19:34,ACTION,LSTM_AI,PI_HARDWARE,25.8,26.4,Set AC Fan to MEDIUM & Peltier ON,16.2301,3.5382,+0.04,113.8,65.88,64.66,24,,
30/04/2026 23:20:13,ACTION,LSTM_AI,PI_HARDWARE,25.77,26.39,Set AC Fan to LOW & Peltier OFF,16.2407,3.5405,+0.01,113.1,63.83,63.01,26.66,,
30/04/2026 23:20:28,ENVIRONMENT,Sensors,PI_HARDWARE,25.73,26.36,-,16.2408,3.5405,-0.01,-,63.57,62.46,-,,
30/04/2026 23:21:13,ACTION,LSTM_AI,PI_HARDWARE,25.82,26.25,Set AC Fan to MEDIUM & Peltier ON,16.2408,3.5405,+0.01,114.4,62.04,61.06,24,,
30/04/2026 23:21:28,ENVIRONMENT,Sensors,PI_HARDWARE,25.95,26.22,-,16.2453,3.5415,+0.06,-,62.17,61.08,-,,
30/04/2026 23:22:04,ACTION,LSTM_AI,PI_HARDWARE,25.77,26.17,Set AC Fan to LOW & Peltier OFF,16.2554,3.5437,+0.02,113.8,64.8,62.76,26.66,,
30/04/2026 23:22:28,ENVIRONMENT,Sensors,PI_HARDWARE,25.79,26.15,-,16.2554,3.5437,+0.04,-,66.91,64.18,-,,
30/04/2026 23:22:31,ACTION,LSTM_AI,PI_HARDWARE,25.81,26.14,Set AC Fan to MEDIUM & Peltier ON,16.2554,3.5437,+0.05,115.3,66.82,64.32,24,,
30/04/2026 23:23:22,ACTION,LSTM_AI,PI_HARDWARE,25.78,26.22,Set AC Fan to LOW & Peltier OFF,16.2699,3.5468,+0.04,113.5,67.25,66.48,26.66,,
30/04/2026 23:23:28,ENVIRONMENT,Sensors,PI_HARDWARE,25.78,26.22,-,16.2699,3.5468,+0.04,-,67.38,66.6,-,,
30/04/2026 23:23:31,ACTION,LSTM_AI,PI_HARDWARE,25.8,26.22,Set AC Fan to MEDIUM & Peltier ON,16.2699,3.5468,+0.05,114.6,67.67,66.66,24,,
30/04/2026 23:24:10,ACTION,LSTM_AI,PI_HARDWARE,25.79,26.33,Set AC Fan to LOW & Peltier OFF,16.2811,3.5493,+0.05,115.7,68.17,67.5,26.66,,
30/04/2026 23:24:16,ACTION,LSTM_AI,PI_HARDWARE,25.81,26.35,Set AC Fan to MEDIUM & Peltier ON,16.2811,3.5493,+0.06,116,68.18,67.57,24,,
30/04/2026 23:24:28,ENVIRONMENT,Sensors,PI_HARDWARE,25.9,26.35,-,16.2845,3.55,+0.10,-,69.29,67.75,-,,
30/04/2026 23:25:29,ENVIRONMENT,Sensors,PI_HARDWARE,25.89,26.56,-,16.3012,3.5537,+0.10,-,69.1,68.68,-,,
30/04/2026 23:26:19,ACTION,LSTM_AI,PI_HARDWARE,26.02,26.7,Set AC Fan to HIGH & Peltier ON,16.3152,3.5567,+0.15,113.5,69.76,69.26,24,,
30/04/2026 23:26:28,ENVIRONMENT,Sensors,PI_HARDWARE,26.05,26.76,-,16.318,3.5573,+0.17,-,69.92,69.35,-,,
30/04/2026 23:27:28,ENVIRONMENT,Sensors,PI_HARDWARE,26.33,26.94,-,16.3348,3.561,+0.27,-,69.49,69.34,-,,
30/04/2026 23:28:29,ENVIRONMENT,Sensors,PI_HARDWARE,26.23,27.01,-,16.3515,3.5646,+0.22,-,68.07,67.28,-,,
30/04/2026 23:28:45,ACTION,USER,PI_HARDWARE,26.23,27.01,Set STATUS to OFF,16.356,3.5656,+0.22,-,68.07,67.28,-,,
30/04/2026 23:29:02,ACTION,LSTM_AI,PI_HARDWARE,25.98,27.01,Set AC Fan to MEDIUM & Peltier ON,16.3605,3.5666,+0.11,107.2,66.67,65.49,24,,
30/04/2026 23:29:29,ENVIRONMENT,Sensors,PI_HARDWARE,25.79,26.97,-,16.3683,3.5683,+0.03,-,65.93,64.38,-,,
30/04/2026 23:29:29,ACTION,LSTM_AI,PI_HARDWARE,25.77,26.97,Set AC Fan to LOW & Peltier OFF,16.3683,3.5683,+0.02,114.1,65.93,64.38,26.66,,
30/04/2026 23:30:11,ACTION,LSTM_AI,PI_HARDWARE,25.8,26.84,Set AC Fan to MEDIUM & Peltier ON,16.3684,3.5683,+0.06,113.4,69.08,62.82,24,,
30/04/2026 23:30:28,ENVIRONMENT,Sensors,PI_HARDWARE,25.82,26.8,-,16.3734,3.5694,+0.05,-,66.98,62.32,-,,
30/04/2026 23:30:29,ACTION,LSTM_AI,PI_HARDWARE,25.8,26.8,Set AC Fan to LOW & Peltier OFF,16.3734,3.5694,+0.04,115.3,66.98,62.32,26.66,,
30/04/2026 23:31:30,ENVIRONMENT,Sensors,PI_HARDWARE,25.73,26.56,-,16.3735,3.5694,+0.01,-,65.88,60.66,-,,
30/04/2026 23:32:30,ENVIRONMENT,Sensors,PI_HARDWARE,25.74,26.31,-,16.3736,3.5694,-0.02,-,62.45,59.53,-,,
30/04/2026 23:33:30,ENVIRONMENT,Sensors,PI_HARDWARE,25.73,26.04,-,16.3736,3.5695,-0.05,-,59.46,58.57,-,,
30/04/2026 23:34:30,ENVIRONMENT,Sensors,PI_HARDWARE,25.74,25.83,-,16.3737,3.5695,-0.06,-,57.57,57.69,-,,
30/04/2026 23:35:30,ENVIRONMENT,Sensors,PI_HARDWARE,25.65,25.59,-,16.3738,3.5695,-0.1,-,56.46,57.04,-,,
30/04/2026 23:36:30,ENVIRONMENT,Sensors,PI_HARDWARE,25.52,25.38,-,16.3739,3.5695,-0.16,-,55.87,56.44,-,,
30/04/2026 23:37:30,ENVIRONMENT,Sensors,PI_HARDWARE,25.34,25.18,-,16.374,3.5695,-0.23,-,55.37,56.08,-,,
30/04/2026 23:38:30,ENVIRONMENT,Sensors,PI_HARDWARE,25.14,24.99,-,16.3741,3.5695,-0.31,-,54.88,55.57,-,,
30/04/2026 23:39:30,ENVIRONMENT,Sensors,PI_HARDWARE,25.12,24.84,-,16.3741,3.5696,-0.28,-,58.77,57.61,-,,
30/04/2026 23:40:30,ENVIRONMENT,Sensors,PI_HARDWARE,25.29,24.87,-,16.3742,3.5696,-0.19,-,62.01,61.75,-,,
30/04/2026 23:40:55,ACTION,USER,PI_HARDWARE,25.29,24.87,Set STATUS to OFF,16.3743,3.5696,-0.19,-,62.01,61.75,-,,
30/04/2026 23:41:30,ENVIRONMENT,Sensors,PI_HARDWARE,25.48,25.05,-,16.3743,3.5696,-0.1,-,64.18,64.47,-,,
30/04/2026 23:42:30,ENVIRONMENT,Sensors,PI_HARDWARE,25.66,25.25,-,16.3744,3.5696,-0.02,-,65.7,66.16,-,,
30/04/2026 23:43:18,ACTION,LSTM_AI,PI_HARDWARE,25.81,25.43,Set AC Fan to MEDIUM & Peltier ON,16.3745,3.5696,+0.05,113.2,66.72,67.12,24,,
30/04/2026 23:43:30,ENVIRONMENT,Sensors,PI_HARDWARE,25.84,25.5,-,16.3784,3.5705,+0.06,-,67.14,67.39,-,,
30/04/2026 23:43:39,ACTION,LSTM_AI,PI_HARDWARE,25.78,25.5,Set AC Fan to LOW & Peltier OFF,16.3806,3.571,+0.04,113.4,67.47,67.69,26.67,,
30/04/2026 23:44:21,ACTION,LSTM_AI,PI_HARDWARE,25.81,25.69,Set AC Fan to MEDIUM & Peltier ON,16.3807,3.571,+0.06,115.6,68.83,68.49,24,,
30/04/2026 23:44:30,ENVIRONMENT,Sensors,PI_HARDWARE,25.85,25.77,-,16.3835,3.5716,+0.08,-,68.88,68.61,-,,
30/04/2026 23:44:51,ACTION,LSTM_AI,PI_HARDWARE,25.8,25.83,Set AC Fan to LOW & Peltier OFF,16.3891,3.5728,+0.06,113.1,69.14,68.9,26.66,,
30/04/2026 23:45:06,ACTION,LSTM_AI,PI_HARDWARE,25.8,25.88,Set AC Fan to MEDIUM & Peltier ON,16.3891,3.5728,+0.07,113.9,70.02,69.13,24,,
30/04/2026 23:45:24,ACTION,LSTM_AI,PI_HARDWARE,25.8,25.94,Set AC Fan to LOW & Peltier OFF,16.3941,3.5739,+0.07,113.2,69.69,69.26,26.66,,
30/04/2026 23:45:30,ENVIRONMENT,Sensors,PI_HARDWARE,25.78,25.97,-,16.3941,3.5739,+0.06,-,69.57,69.2,-,,
30/04/2026 23:45:36,ACTION,LSTM_AI,PI_HARDWARE,25.8,26,Set AC Fan to MEDIUM & Peltier ON,16.3941,3.5739,+0.07,107.9,69.82,69.14,24,,
30/04/2026 23:45:54,ACTION,LSTM_AI,PI_HARDWARE,25.8,26.04,Set AC Fan to LOW & Peltier OFF,16.3991,3.575,+0.06,113.7,68.78,68.58,26.66,,
30/04/2026 23:46:06,ACTION,LSTM_AI,PI_HARDWARE,25.8,26.08,Set AC Fan to MEDIUM & Peltier ON,16.3992,3.575,+0.06,113.5,68.64,68.13,24,,
30/04/2026 23:46:24,ACTION,LSTM_AI,PI_HARDWARE,25.79,26.11,Set AC Fan to LOW & Peltier OFF,16.4042,3.5761,+0.05,114.4,67.85,67.33,26.66,,
30/04/2026 23:46:30,ENVIRONMENT,Sensors,PI_HARDWARE,25.77,26.12,-,16.4042,3.5761,+0.04,-,67.56,66.97,-,,
30/04/2026 23:46:51,ACTION,LSTM_AI,PI_HARDWARE,25.8,26.15,Set AC Fan to MEDIUM & Peltier ON,16.4042,3.5761,+0.04,107,66.82,66.31,24,,
30/04/2026 23:47:18,ACTION,LSTM_AI,PI_HARDWARE,25.78,26.17,Set AC Fan to LOW & Peltier OFF,16.4115,3.5777,+0.02,113.6,65.14,65,26.66,,
30/04/2026 23:47:30,ENVIRONMENT,Sensors,PI_HARDWARE,25.74,26.18,-,16.4115,3.5777,+0.00,-,64.76,64.35,-,,
30/04/2026 23:48:12,ACTION,LSTM_AI,PI_HARDWARE,25.8,26.11,Set AC Fan to MEDIUM & Peltier ON,16.4116,3.5777,+0.01,113.1,62.9,62.88,24,,
30/04/2026 23:48:31,ENVIRONMENT,Sensors,PI_HARDWARE,25.89,26.06,-,16.4172,3.5789,+0.04,-,62.14,62.14,-,,
30/04/2026 23:48:46,ACTION,LSTM_AI,PI_HARDWARE,25.77,26.04,Set AC Fan to LOW & Peltier OFF,16.4205,3.5797,-0.01,116.9,61.81,61.83,26.66,,
30/04/2026 23:49:32,ENVIRONMENT,Sensors,PI_HARDWARE,25.61,25.93,-,16.4206,3.5797,-0.08,-,61.1,60.83,-,,
30/04/2026 23:50:24,ACTION,LSTM_AI,PI_HARDWARE,25.81,25.77,Set AC Fan to MEDIUM & Peltier ON,16.4207,3.5797,-0.02,116.5,59.15,59.73,24,,
30/04/2026 23:50:32,ENVIRONMENT,Sensors,PI_HARDWARE,25.86,25.74,-,16.4229,3.5802,-0.01,-,58.68,59.56,-,,
30/04/2026 23:50:57,ACTION,LSTM_AI,PI_HARDWARE,25.76,25.67,Set AC Fan to LOW & Peltier OFF,16.4296,3.5817,-0.05,113.3,58.42,59.24,26.66,,
30/04/2026 23:51:32,ENVIRONMENT,Sensors,PI_HARDWARE,25.48,25.54,-,16.4296,3.5817,-0.15,-,58.35,58.66,-,,
30/04/2026 23:52:32,ENVIRONMENT,Sensors,PI_HARDWARE,25.56,25.35,-,16.4297,3.5817,-0.13,-,57.09,57.78,-,,
30/04/2026 23:53:32,ENVIRONMENT,Sensors,PI_HARDWARE,25.66,25.19,-,16.4298,3.5817,-0.11,-,55.67,57.13,-,,
30/04/2026 23:54:32,ENVIRONMENT,Sensors,PI_HARDWARE,25.66,25.02,-,16.4299,3.5817,-0.12,-,54.58,56.51,-,,
30/04/2026 23:55:32,ENVIRONMENT,Sensors,PI_HARDWARE,25.52,24.9,-,16.43,3.5817,-0.17,-,54.26,56.03,-,,
01/05/2026 19:11:38,SYSTEM,BOOT,PI_HARDWARE,24,24,--- Raspberry Pi AI Master Started ---,16.4379,3.5835,-0.77,-,50,50,-,,
01/05/2026 19:11:39,ACTION,LSTM_AI,PI_HARDWARE,27.55,24,Set AC Fan to HIGH & Peltier ON,16.4379,3.5835,+0.55,116,50,50,24,,
01/05/2026 19:11:58,ACTION,USER,PI_HARDWARE,27.55,27.79,Set STATUS to OFF,16.4435,3.5847,+0.66,-,61.58,61.65,-,,
01/05/2026 19:12:38,ENVIRONMENT,Sensors,PI_HARDWARE,26.52,27.47,-,16.4546,3.5871,+0.29,-,64.11,61.46,-,,
01/05/2026 19:13:11,ACTION,LSTM_AI,PI_HARDWARE,25.94,27.38,Set AC Fan to MEDIUM & Peltier ON,16.4636,3.5891,+0.08,107.6,65.18,61.96,24,,
01/05/2026 19:13:32,ACTION,LSTM_AI,PI_HARDWARE,25.79,27.34,Set AC Fan to LOW & Peltier OFF,16.4692,3.5903,+0.03,107.3,65.85,62.62,26.66,,
01/05/2026 19:13:38,ENVIRONMENT,Sensors,PI_HARDWARE,25.79,27.28,-,16.4692,3.5903,+0.04,-,66.87,62.96,-,,
01/05/2026 19:13:41,ACTION,LSTM_AI,PI_HARDWARE,25.8,27.28,Set AC Fan to MEDIUM & Peltier ON,16.4692,3.5903,+0.04,107.2,66.87,62.96,24,,
01/05/2026 19:14:14,ACTION,LSTM_AI,PI_HARDWARE,25.78,27.15,Set AC Fan to LOW & Peltier OFF,16.4781,3.5922,+0.03,115.4,66.2,63.44,26.66,,
01/05/2026 19:14:26,ACTION,LSTM_AI,PI_HARDWARE,25.8,27.15,Set AC Fan to MEDIUM & Peltier ON,16.4781,3.5922,+0.04,109,66.51,63.26,24,,
01/05/2026 19:14:38,ENVIRONMENT,Sensors,PI_HARDWARE,25.83,27.1,-,16.482,3.5931,+0.06,-,66.98,63.03,-,,
01/05/2026 19:14:50,ACTION,LSTM_AI,PI_HARDWARE,25.8,27.1,Set AC Fan to LOW & Peltier OFF,16.4848,3.5937,+0.03,107.2,65.93,62.87,26.66,,
01/05/2026 19:14:59,ACTION,LSTM_AI,PI_HARDWARE,25.8,27.04,Set AC Fan to MEDIUM & Peltier ON,16.4849,3.5937,+0.04,114.6,65.83,62.67,24,,
01/05/2026 19:15:33,ACTION,USER,PI_HARDWARE,25.82,27.04,Set STATUS to OFF,16.4944,3.5958,+0.05,-,66.35,62.62,-,,
01/05/2026 19:15:36,ACTION,LSTM_AI,PI_HARDWARE,25.8,27.04,Set AC Fan to LOW & Peltier OFF,16.4949,3.5959,+0.04,112.5,66.35,62.62,26.66,,
01/05/2026 19:15:38,ENVIRONMENT,Sensors,PI_HARDWARE,25.8,26.93,-,16.4949,3.5959,+0.02,-,64.57,61.92,-,,
01/05/2026 19:16:09,ACTION,LSTM_AI,PI_HARDWARE,25.8,26.87,Set AC Fan to MEDIUM & Peltier ON,16.495,3.5959,+0.04,113.8,65.84,61.34,24,,
01/05/2026 19:16:38,ENVIRONMENT,Sensors,PI_HARDWARE,25.89,26.8,-,16.5033,3.5977,+0.04,-,63.35,60.87,-,,
01/05/2026 19:16:45,ACTION,LSTM_AI,PI_HARDWARE,25.79,26.8,Set AC Fan to LOW & Peltier OFF,16.505,3.5981,+0.01,114.7,63.13,60.87,26.66,,
01/05/2026 19:17:09,ACTION,LSTM_AI,PI_HARDWARE,25.8,26.76,Set AC Fan to MEDIUM & Peltier ON,16.5051,3.5981,+0.03,113.5,65.14,61.04,24,,
01/05/2026 19:17:39,ENVIRONMENT,Sensors,PI_HARDWARE,25.91,26.69,-,16.5134,3.5999,+0.08,-,66.18,62.73,-,,
01/05/2026 19:18:00,ACTION,LSTM_AI,PI_HARDWARE,25.8,26.69,Set AC Fan to LOW & Peltier OFF,16.519,3.6011,+0.04,114.1,66.35,64.06,26.66,,
01/05/2026 19:18:09,ACTION,LSTM_AI,PI_HARDWARE,25.81,26.69,Set AC Fan to MEDIUM & Peltier ON,16.519,3.6012,+0.05,114.1,66.93,64.31,24,,
01/05/2026 19:18:38,ENVIRONMENT,Sensors,PI_HARDWARE,25.91,26.72,-,16.5274,3.603,+0.10,-,68.1,65.84,-,,
01/05/2026 19:19:39,ENVIRONMENT,Sensors,PI_HARDWARE,25.95,26.81,-,16.5442,3.6066,+0.12,-,69.02,67.75,-,,
01/05/2026 19:19:57,ACTION,LSTM_AI,PI_HARDWARE,26,26.88,Set AC Fan to HIGH & Peltier ON,16.5492,3.6077,+0.14,113,69.45,68.28,24,,
01/05/2026 19:20:38,ENVIRONMENT,Sensors,PI_HARDWARE,26.21,26.97,-,16.561,3.6103,+0.23,-,70.39,69.21,-,,
01/05/2026 19:21:40,ENVIRONMENT,Sensors,PI_HARDWARE,26.45,27.15,-,16.578,3.614,+0.32,-,69.79,69.29,-,,
01/05/2026 19:22:40,ENVIRONMENT,Sensors,PI_HARDWARE,26.32,27.21,-,16.5948,3.6177,+0.25,-,67.94,67.1,-,,
01/05/2026 19:23:33,ACTION,LSTM_AI,PI_HARDWARE,26,27.16,Set AC Fan to MEDIUM & Peltier ON,16.6093,3.6208,+0.12,114.7,66.76,65.1,24,,
01/05/2026 19:23:40,ENVIRONMENT,Sensors,PI_HARDWARE,25.98,27.15,-,16.6115,3.6213,+0.11,-,66.57,64.68,-,,
01/05/2026 19:24:12,ACTION,LSTM_AI,PI_HARDWARE,25.79,27.07,Set AC Fan to LOW & Peltier OFF,16.6205,3.6233,+0.03,114.8,65.62,63.72,26.66,,
01/05/2026 19:24:36,ACTION,LSTM_AI,PI_HARDWARE,25.81,27.02,Set AC Fan to MEDIUM & Peltier ON,16.6205,3.6233,+0.05,117.9,67.64,62.97,24,,
01/05/2026 19:24:40,ENVIRONMENT,Sensors,PI_HARDWARE,25.82,27,-,16.6216,3.6235,+0.06,-,68.51,62.8,-,,
01/05/2026 19:25:09,ACTION,LSTM_AI,PI_HARDWARE,25.75,26.94,Set AC Fan to LOW & Peltier OFF,16.6295,3.6252,+0.01,107.2,65.16,62.27,26.66,,
01/05/2026 19:25:40,ENVIRONMENT,Sensors,PI_HARDWARE,25.7,26.81,-,16.6295,3.6252,+0.01,-,67.27,61.42,-,,
01/05/2026 19:26:15,ACTION,LSTM_AI,PI_HARDWARE,25.8,26.72,Set AC Fan to MEDIUM & Peltier ON,16.6296,3.6252,+0.05,112.1,67.19,60.87,24,,
01/05/2026 19:26:33,ACTION,LSTM_AI,PI_HARDWARE,25.79,26.67,Set AC Fan to LOW & Peltier OFF,16.6346,3.6263,+0.03,114.7,65.39,60.6,26.67,,
01/05/2026 19:26:40,ENVIRONMENT,Sensors,PI_HARDWARE,25.75,26.6,-,16.6346,3.6263,+0.00,-,64.03,60.43,-,,
01/05/2026 19:27:40,ENVIRONMENT,Sensors,PI_HARDWARE,25.72,26.43,-,16.6347,3.6264,-0.02,-,63.35,59.47,-,,
01/05/2026 19:28:18,ACTION,LSTM_AI,PI_HARDWARE,25.81,26.35,Set AC Fan to MEDIUM & Peltier ON,16.6347,3.6264,+0.00,114.5,61.71,58.98,24,,
01/05/2026 19:28:40,ENVIRONMENT,Sensors,PI_HARDWARE,25.82,26.28,-,16.6414,3.6278,-0.01,-,60.37,58.61,-,,
01/05/2026 19:28:42,ACTION,LSTM_AI,PI_HARDWARE,25.78,26.28,Set AC Fan to LOW & Peltier OFF,16.6414,3.6278,-0.02,107.9,60.37,58.61,26.66,,
01/05/2026 19:29:40,ENVIRONMENT,Sensors,PI_HARDWARE,25.63,26.08,-,16.6415,3.6279,-0.08,-,59.64,58.06,-,,
01/05/2026 19:30:40,ENVIRONMENT,Sensors,PI_HARDWARE,25.8,25.9,-,16.6416,3.6279,-0.04,-,57.84,57.54,-,,
01/05/2026 19:30:42,ACTION,LSTM_AI,PI_HARDWARE,25.81,25.9,Set AC Fan to MEDIUM & Peltier ON,16.6416,3.6279,-0.03,106.9,57.84,57.54,24,,
01/05/2026 19:31:12,ACTION,LSTM_AI,PI_HARDWARE,25.8,25.81,Set AC Fan to LOW & Peltier OFF,16.65,3.6297,-0.04,113.2,57.24,57.28,26.66,,
01/05/2026 19:31:40,ENVIRONMENT,Sensors,PI_HARDWARE,25.55,25.76,-,16.65,3.6297,-0.13,-,57.53,57.05,-,,
01/05/2026 19:32:40,ENVIRONMENT,Sensors,PI_HARDWARE,25.66,25.62,-,16.6501,3.6297,-0.1,-,56.24,56.54,-,,
01/05/2026 19:33:30,ACTION,LSTM_AI,PI_HARDWARE,25.81,25.51,Set AC Fan to MEDIUM & Peltier ON,16.6502,3.6297,-0.05,114.7,55.4,56.19,24,,
01/05/2026 19:33:40,ENVIRONMENT,Sensors,PI_HARDWARE,25.87,25.49,-,16.6535,3.6305,-0.04,-,54.95,56.11,-,,
01/05/2026 19:34:03,ACTION,LSTM_AI,PI_HARDWARE,25.71,25.43,Set AC Fan to LOW & Peltier OFF,16.6597,3.6318,-0.09,114.9,55.05,55.92,26.66,,
01/05/2026 19:34:40,ENVIRONMENT,Sensors,PI_HARDWARE,25.39,25.38,-,16.6597,3.6318,-0.21,-,55.55,55.74,-,,
01/05/2026 19:35:40,ENVIRONMENT,Sensors,PI_HARDWARE,25.51,25.25,-,16.6598,3.6318,-0.17,-,54.74,55.43,-,,
01/05/2026 19:36:41,ENVIRONMENT,Sensors,PI_HARDWARE,25.62,25.16,-,16.6599,3.6319,-0.14,-,53.76,55.05,-,,
01/05/2026 19:37:41,ENVIRONMENT,Sensors,PI_HARDWARE,25.59,25.08,-,16.66,3.6319,-0.14,-,54.94,55.15,-,,
01/05/2026 19:38:39,ACTION,LSTM_AI,PI_HARDWARE,25.81,25.11,Set AC Fan to MEDIUM & Peltier ON,16.6601,3.6319,-0.03,112.6,58.59,58.87,24,,
01/05/2026 19:38:42,ENVIRONMENT,Sensors,PI_HARDWARE,25.81,25.1,-,16.6612,3.6321,-0.02,-,58.89,59.11,-,,
01/05/2026 19:39:26,ACTION,USER,PI_HARDWARE,25.87,25.15,Set STATUS to OFF,16.6729,3.6347,+0.01,-,60.07,60.6,-,,
01/05/2026 19:39:28,ACTION,LSTM_AI,PI_HARDWARE,25.76,25.15,Set AC Fan to LOW & Peltier OFF,16.674,3.6349,-0.03,107.4,60.07,60.6,26.66,,
01/05/2026 19:39:42,ENVIRONMENT,Sensors,PI_HARDWARE,25.43,25.23,-,16.6741,3.6349,-0.13,-,63.62,62.9,-,,
01/05/2026 19:40:37,ACTION,LSTM_AI,PI_HARDWARE,25.83,25.47,Set AC Fan to MEDIUM & Peltier ON,16.6741,3.635,+0.03,113,64.43,64.68,24,,
01/05/2026 19:40:42,ENVIRONMENT,Sensors,PI_HARDWARE,25.87,25.45,-,16.6758,3.6353,+0.05,-,64.51,64.84,-,,
01/05/2026 19:40:55,ACTION,LSTM_AI,PI_HARDWARE,26.04,25.51,Set AC Fan to HIGH & Peltier ON,16.6792,3.6361,+0.11,113.1,64.46,65.15,24,,
01/05/2026 19:41:13,ACTION,LSTM_AI,PI_HARDWARE,25.98,25.6,Set AC Fan to MEDIUM & Peltier ON,16.6842,3.6372,+0.10,113.6,65.12,65.68,24,,
01/05/2026 19:41:37,ACTION,LSTM_AI,PI_HARDWARE,25.8,25.73,Set AC Fan to LOW & Peltier OFF,16.6909,3.6386,+0.03,113.5,65.73,66.28,26.66,,
01/05/2026 19:41:42,ENVIRONMENT,Sensors,PI_HARDWARE,25.77,25.74,-,16.6909,3.6386,+0.02,-,65.93,66.41,-,,
01/05/2026 19:42:01,ACTION,LSTM_AI,PI_HARDWARE,25.83,25.81,Set AC Fan to MEDIUM & Peltier ON,16.6909,3.6386,+0.07,113.3,68.33,66.77,24,,
01/05/2026 19:42:42,ENVIRONMENT,Sensors,PI_HARDWARE,25.95,25.87,-,16.7027,3.6412,+0.11,-,67.74,67.3,-,,
01/05/2026 19:42:45,ACTION,USER,PI_HARDWARE,25.95,25.87,Set STATUS to OFF,16.7032,3.6413,+0.11,-,67.74,67.3,-,,
01/05/2026 19:43:02,ACTION,LSTM_AI,PI_HARDWARE,25.79,26.05,Set AC Fan to LOW & Peltier OFF,16.7077,3.6423,+0.05,113.2,67.65,68.09,26.66,,
01/05/2026 19:43:11,ACTION,LSTM_AI,PI_HARDWARE,25.8,26.09,Set AC Fan to MEDIUM & Peltier ON,16.7077,3.6423,+0.06,113.1,68.15,68.22,24,,
01/05/2026 19:43:42,ENVIRONMENT,Sensors,PI_HARDWARE,25.87,26.22,-,16.7166,3.6442,+0.09,-,68.66,68.66,-,,
01/05/2026 19:44:42,ENVIRONMENT,Sensors,PI_HARDWARE,25.84,26.42,-,16.7334,3.6479,+0.07,-,68.76,69.2,-,,
01/05/2026 19:45:08,ACTION,LSTM_AI,PI_HARDWARE,25.8,26.47,Set AC Fan to LOW & Peltier OFF,16.7401,3.6493,+0.05,107.3,67.98,68.53,26.66,,
01/05/2026 19:45:17,ACTION,LSTM_AI,PI_HARDWARE,25.81,26.47,Set AC Fan to MEDIUM & Peltier ON,16.7401,3.6493,+0.06,112.9,68.33,68.15,24,,
01/05/2026 19:45:42,ENVIRONMENT,Sensors,PI_HARDWARE,25.86,26.55,-,16.7474,3.6509,+0.07,-,67.8,67.12,-,,
01/05/2026 19:45:59,ACTION,LSTM_AI,PI_HARDWARE,25.76,26.52,Set AC Fan to LOW & Peltier OFF,16.7519,3.6519,+0.03,111.3,66.86,66.69,26.66,,
01/05/2026 19:46:29,ACTION,LSTM_AI,PI_HARDWARE,25.83,26.52,Set AC Fan to MEDIUM & Peltier ON,16.7519,3.6519,+0.07,113.7,68.98,65.11,24,,
01/05/2026 19:46:42,ENVIRONMENT,Sensors,PI_HARDWARE,25.86,26.53,-,16.7558,3.6528,+0.08,-,68.33,64.69,-,,
01/05/2026 19:46:56,ACTION,LSTM_AI,PI_HARDWARE,25.77,26.53,Set AC Fan to LOW & Peltier OFF,16.7592,3.6535,+0.02,113,66.03,64.02,26.66,,
01/05/2026 19:47:42,ENVIRONMENT,Sensors,PI_HARDWARE,25.71,26.39,-,16.7592,3.6535,+0.00,-,66.35,62.35,-,,
01/05/2026 19:48:32,ACTION,LSTM_AI,PI_HARDWARE,25.82,26.25,Set AC Fan to MEDIUM & Peltier ON,16.7593,3.6535,+0.02,113.5,62.73,61.12,24,,
01/05/2026 19:48:43,ENVIRONMENT,Sensors,PI_HARDWARE,25.88,26.21,-,16.7627,3.6543,+0.03,-,61.92,60.95,-,,
01/05/2026 19:49:02,ACTION,LSTM_AI,PI_HARDWARE,25.79,26.17,Set AC Fan to LOW & Peltier OFF,16.7677,3.6554,-0.01,112.3,60.97,60.51,26.66,,
01/05/2026 19:49:42,ENVIRONMENT,Sensors,PI_HARDWARE,25.6,26.01,-,16.7678,3.6554,-0.09,-,60.45,59.78,-,,
01/05/2026 19:50:42,ENVIRONMENT,Sensors,PI_HARDWARE,25.76,25.81,-,16.7678,3.6554,-0.04,-,58.48,58.78,-,,
01/05/2026 19:50:56,ACTION,LSTM_AI,PI_HARDWARE,25.81,25.74,Set AC Fan to MEDIUM & Peltier ON,16.7679,3.6554,-0.03,112.7,57.95,58.61,24,,
01/05/2026 19:51:29,ACTION,LSTM_AI,PI_HARDWARE,25.75,25.64,Set AC Fan to LOW & Peltier OFF,16.7774,3.6575,-0.06,116.3,57.6,58.22,26.66,,
01/05/2026 19:51:42,ENVIRONMENT,Sensors,PI_HARDWARE,25.62,25.6,-,16.7774,3.6575,-0.11,-,57.77,58.14,-,,
01/05/2026 19:52:43,ENVIRONMENT,Sensors,PI_HARDWARE,25.52,25.45,-,16.7775,3.6575,-0.15,-,56.8,57.36,-,,
01/05/2026 19:53:43,ENVIRONMENT,Sensors,PI_HARDWARE,25.75,25.3,-,16.7775,3.6575,-0.05,-,58.55,58.15,-,,
01/05/2026 19:53:53,ACTION,LSTM_AI,PI_HARDWARE,25.81,25.32,Set AC Fan to MEDIUM & Peltier ON,16.7776,3.6575,-0.02,114.8,59.19,58.61,24,,
01/05/2026 19:54:35,ACTION,LSTM_AI,PI_HARDWARE,25.72,25.32,Set AC Fan to LOW & Peltier OFF,16.7893,3.6601,-0.03,112.5,61.74,61.58,26.66,,
01/05/2026 19:54:42,ENVIRONMENT,Sensors,PI_HARDWARE,25.66,25.3,-,16.7893,3.6601,-0.05,-,62.21,62.07,-,,
01/05/2026 19:55:26,ACTION,LSTM_AI,PI_HARDWARE,25.81,25.39,Set AC Fan to MEDIUM & Peltier ON,16.7894,3.6601,+0.02,113.8,64.02,64.13,24,,
01/05/2026 19:55:43,ENVIRONMENT,Sensors,PI_HARDWARE,25.96,25.47,-,16.7944,3.6612,+0.08,-,64.14,64.75,-,,
01/05/2026 19:56:14,ACTION,LSTM_AI,PI_HARDWARE,25.78,25.54,Set AC Fan to LOW & Peltier OFF,16.8031,3.6631,+0.02,109.1,65.13,65.69,26.66,,
01/05/2026 19:56:41,ACTION,LSTM_AI,PI_HARDWARE,25.8,25.66,Set AC Fan to MEDIUM & Peltier ON,16.8031,3.6631,+0.05,113.4,67.25,66.48,24,,
01/05/2026 19:56:44,ENVIRONMENT,Sensors,PI_HARDWARE,25.8,25.66,-,16.8042,3.6633,+0.05,-,67.11,66.52,-,,
01/05/2026 19:57:24,ACTION,USER,PI_HARDWARE,25.88,25.69,Set STATUS to OFF,16.8154,3.6658,+0.07,-,66.93,66.76,-,,
01/05/2026 19:57:32,ACTION,LSTM_AI,PI_HARDWARE,25.78,25.81,Set AC Fan to LOW & Peltier OFF,16.8176,3.6662,+0.04,110.7,67.19,67.53,26.66,,
01/05/2026 19:57:44,ENVIRONMENT,Sensors,PI_HARDWARE,25.73,25.84,-,16.8176,3.6662,+0.03,-,68.24,67.84,-,,
01/05/2026 19:57:56,ACTION,LSTM_AI,PI_HARDWARE,25.83,25.85,Set AC Fan to MEDIUM & Peltier ON,16.8177,3.6662,+0.08,112.5,70.08,68.15,24,,
01/05/2026 19:58:44,ENVIRONMENT,Sensors,PI_HARDWARE,25.88,26.06,-,16.8311,3.6692,+0.09,-,68.59,69,-,,
01/05/2026 19:59:00,ACTION,LSTM_AI,PI_HARDWARE,25.8,26.11,Set AC Fan to LOW & Peltier OFF,16.835,3.67,+0.06,113.5,68.64,69.17,26.66,,
01/05/2026 19:59:05,ACTION,LSTM_AI,PI_HARDWARE,25.81,26.14,Set AC Fan to MEDIUM & Peltier ON,16.835,3.67,+0.06,113.5,68.77,69.26,24,,
01/05/2026 19:59:44,ENVIRONMENT,Sensors,PI_HARDWARE,25.86,26.26,-,16.8462,3.6725,+0.09,-,69.52,69.81,-,,
01/05/2026 20:00:44,ENVIRONMENT,Sensors,PI_HARDWARE,25.8,26.43,-,16.8629,3.6761,+0.06,-,68.72,69.56,-,,
01/05/2026 20:00:44,ACTION,LSTM_AI,PI_HARDWARE,25.8,26.43,Set AC Fan to LOW & Peltier OFF,16.8629,3.6761,+0.06,107.1,68.72,69.56,26.66,,
01/05/2026 20:00:48,ACTION,LSTM_AI,PI_HARDWARE,25.8,26.43,Set AC Fan to MEDIUM & Peltier ON,16.8629,3.6761,+0.06,107.2,68.58,69.37,24,,
01/05/2026 20:00:50,ACTION,LSTM_AI,PI_HARDWARE,25.8,26.42,Set AC Fan to LOW & Peltier OFF,16.8641,3.6764,+0.06,113.6,68.54,69.17,26.66,,
01/05/2026 20:00:54,ACTION,LSTM_AI,PI_HARDWARE,25.82,26.43,Set AC Fan to MEDIUM & Peltier ON,16.8641,3.6764,+0.07,115.6,68.78,69.08,24,,
01/05/2026 20:01:24,ACTION,LSTM_AI,PI_HARDWARE,25.8,26.45,Set AC Fan to LOW & Peltier OFF,16.8724,3.6782,+0.05,114.1,68.13,68.09,26.66,,
01/05/2026 20:01:39,ACTION,LSTM_AI,PI_HARDWARE,25.84,26.49,Set AC Fan to MEDIUM & Peltier ON,16.8725,3.6782,+0.07,113.3,68.79,67.44,24,,
01/05/2026 20:01:44,ENVIRONMENT,Sensors,PI_HARDWARE,25.86,26.49,-,16.8741,3.6786,+0.09,-,69.6,67.21,-,,
01/05/2026 20:02:09,ACTION,LSTM_AI,PI_HARDWARE,25.75,26.46,Set AC Fan to LOW & Peltier OFF,16.8808,3.68,+0.03,112.5,66.78,65.94,26.66,,
01/05/2026 20:02:44,ENVIRONMENT,Sensors,PI_HARDWARE,25.75,26.42,-,16.8809,3.68,+0.04,-,69.06,64.58,-,,
01/05/2026 20:03:15,ACTION,LSTM_AI,PI_HARDWARE,25.8,26.36,Set AC Fan to MEDIUM & Peltier ON,16.8809,3.68,+0.05,113,67.55,63.44,24,,
01/05/2026 20:03:36,ACTION,LSTM_AI,PI_HARDWARE,25.8,26.32,Set AC Fan to LOW & Peltier OFF,16.8865,3.6813,+0.03,113.3,65.57,62.72,26.66,,
01/05/2026 20:03:44,ENVIRONMENT,Sensors,PI_HARDWARE,25.73,26.29,-,16.8865,3.6813,0,-,64.22,62.47,-,,
01/05/2026 20:04:44,ENVIRONMENT,Sensors,PI_HARDWARE,25.67,26.08,-,16.8866,3.6813,-0.05,-,62.18,61.08,-,,
01/05/2026 20:05:18,ACTION,LSTM_AI,PI_HARDWARE,25.81,25.97,Set AC Fan to MEDIUM & Peltier ON,16.8867,3.6813,-0.01,114.9,60.7,60.44,24,,
01/05/2026 20:05:44,ENVIRONMENT,Sensors,PI_HARDWARE,25.86,25.87,-,16.8945,3.683,+0.00,-,59.48,59.95,-,,
01/05/2026 20:05:48,ACTION,LSTM_AI,PI_HARDWARE,25.78,25.87,Set AC Fan to LOW & Peltier OFF,16.8951,3.6831,-0.03,115,59.46,59.9,26.66,,
01/05/2026 20:06:44,ENVIRONMENT,Sensors,PI_HARDWARE,25.56,25.67,-,16.8951,3.6831,-0.12,-,58.81,58.95,-,,
01/05/2026 20:07:44,ENVIRONMENT,Sensors,PI_HARDWARE,25.69,25.49,-,16.8952,3.6832,-0.09,-,57.07,58.1,-,,
01/05/2026 20:08:24,ACTION,LSTM_AI,PI_HARDWARE,25.82,25.43,Set AC Fan to MEDIUM & Peltier ON,16.8953,3.6832,-0.03,113.4,58.04,58.22,24,,
01/05/2026 20:08:44,ENVIRONMENT,Sensors,PI_HARDWARE,25.95,25.38,-,16.9014,3.6845,+0.03,-,59.68,59.46,-,,
01/05/2026 20:09:00,ACTION,LSTM_AI,PI_HARDWARE,25.78,25.39,Set AC Fan to LOW & Peltier OFF,16.9053,3.6854,-0.02,115.7,61.07,60.74,26.66,,
01/05/2026 20:09:44,ENVIRONMENT,Sensors,PI_HARDWARE,25.72,25.38,-,16.9054,3.6854,-0.01,-,63.72,63.4,-,,
01/05/2026 20:09:57,ACTION,LSTM_AI,PI_HARDWARE,25.81,25.39,Set AC Fan to MEDIUM & Peltier ON,16.9054,3.6854,+0.02,113,64.07,63.99,24,,
01/05/2026 20:10:39,ACTION,LSTM_AI,PI_HARDWARE,25.78,25.46,Set AC Fan to LOW & Peltier OFF,16.9171,3.6879,+0.02,113.2,65.22,65.6,26.66,,
01/05/2026 20:10:44,ENVIRONMENT,Sensors,PI_HARDWARE,25.76,25.49,-,16.9172,3.6879,+0.02,-,65.46,65.84,-,,
01/05/2026 20:11:15,ACTION,LSTM_AI,PI_HARDWARE,25.82,25.57,Set AC Fan to MEDIUM & Peltier ON,16.9172,3.6879,+0.05,112.2,66.72,66.65,24,,
01/05/2026 20:11:44,ENVIRONMENT,Sensors,PI_HARDWARE,25.96,25.66,-,16.9256,3.6898,+0.11,-,66.92,67.33,-,,
01/05/2026 20:12:09,ACTION,LSTM_AI,PI_HARDWARE,25.79,25.71,Set AC Fan to LOW & Peltier OFF,16.9323,3.6912,+0.04,115.6,67.07,67.83,26.66,,
01/05/2026 20:12:30,ACTION,LSTM_AI,PI_HARDWARE,25.83,25.81,Set AC Fan to MEDIUM & Peltier ON,16.9323,3.6912,+0.08,113.8,69.54,68.23,24,,
01/05/2026 20:12:44,ENVIRONMENT,Sensors,PI_HARDWARE,25.9,25.85,-,16.9368,3.6922,+0.11,-,69.55,68.47,-,,
01/05/2026 20:13:15,ACTION,LSTM_AI,PI_HARDWARE,25.8,25.95,Set AC Fan to LOW & Peltier OFF,16.9449,3.694,+0.06,108.1,68.52,69.01,26.66,,
01/05/2026 20:13:27,ACTION,LSTM_AI,PI_HARDWARE,25.81,26,Set AC Fan to MEDIUM & Peltier ON,16.9449,3.694,+0.07,114,69.54,69.17,24,,
01/05/2026 20:13:47,ENVIRONMENT,Sensors,PI_HARDWARE,25.88,26.05,-,16.9505,3.6952,+0.10,-,70.1,69.52,-,,
01/05/2026 20:14:27,ACTION,LSTM_AI,PI_HARDWARE,25.79,26.17,Set AC Fan to LOW & Peltier OFF,16.9617,3.6976,+0.06,113.5,69.45,69.98,26.66,,
01/05/2026 20:14:33,ACTION,LSTM_AI,PI_HARDWARE,25.81,26.21,Set AC Fan to MEDIUM & Peltier ON,16.9617,3.6976,+0.07,112.5,69.63,70.18,24,,
01/05/2026 20:14:46,ENVIRONMENT,Sensors,PI_HARDWARE,25.89,26.22,-,16.9656,3.6985,+0.11,-,70.97,70.43,-,,
01/05/2026 20:15:46,ENVIRONMENT,Sensors,PI_HARDWARE,25.86,26.35,-,16.9824,3.7022,+0.09,-,69.54,70.37,-,,
01/05/2026 20:15:52,ACTION,USER,PI_HARDWARE,25.86,26.35,Set STATUS to OFF,16.984,3.7025,+0.09,-,69.54,70.37,-,,
01/05/2026 20:15:57,ACTION,LSTM_AI,PI_HARDWARE,25.79,26.35,Set AC Fan to LOW & Peltier OFF,16.9852,3.7028,+0.06,115.1,68.55,70.37,26.66,,
01/05/2026 20:16:12,ACTION,LSTM_AI,PI_HARDWARE,25.82,26.4,Set AC Fan to MEDIUM & Peltier ON,16.9857,3.7029,+0.07,114.3,69.34,68.52,24,,
01/05/2026 20:16:42,ACTION,LSTM_AI,PI_HARDWARE,25.78,26.43,Set AC Fan to LOW & Peltier OFF,16.9936,3.7046,+0.04,114,67.86,67.15,26.66,,
01/05/2026 20:16:46,ENVIRONMENT,Sensors,PI_HARDWARE,25.76,26.43,-,16.9936,3.7046,+0.03,-,67.37,66.9,-,,
01/05/2026 20:17:12,ACTION,LSTM_AI,PI_HARDWARE,25.8,26.39,Set AC Fan to MEDIUM & Peltier ON,16.9942,3.7047,+0.07,113.1,69.41,65.82,24,,
01/05/2026 20:17:33,ACTION,LSTM_AI,PI_HARDWARE,25.78,26.36,Set AC Fan to LOW & Peltier OFF,16.9997,3.7059,+0.04,114.5,67.48,64.86,26.66,,
01/05/2026 20:18:46,ENVIRONMENT,Sensors,PI_HARDWARE,25.8,26.21,-,16.9999,3.706,+0.02,-,64.71,62.35,-,,
01/05/2026 20:18:57,ACTION,LSTM_AI,PI_HARDWARE,25.81,26.18,Set AC Fan to MEDIUM & Peltier ON,16.9999,3.706,+0.02,114.7,63.8,62.1,24,,
01/05/2026 20:19:22,ACTION,LSTM_AI,PI_HARDWARE,25.79,26.09,Set AC Fan to LOW & Peltier OFF,17.0066,3.7074,0,107.3,62.11,61.45,26.66,,
01/05/2026 20:19:46,ENVIRONMENT,Sensors,PI_HARDWARE,25.59,26.02,-,17.0066,3.7074,-0.08,-,61.77,60.89,-,,
01/05/2026 20:20:46,ENVIRONMENT,Sensors,PI_HARDWARE,25.7,25.8,-,17.0067,3.7075,-0.06,-,59.62,59.79,-,,
01/05/2026 20:21:33,ACTION,LSTM_AI,PI_HARDWARE,25.83,25.67,Set AC Fan to MEDIUM & Peltier ON,17.0068,3.7075,-0.02,113.1,58.34,59.05,24,,
01/05/2026 20:21:46,ENVIRONMENT,Sensors,PI_HARDWARE,25.91,25.6,-,17.0107,3.7083,+0.00,-,57.62,58.81,-,,
01/05/2026 20:22:06,ACTION,LSTM_AI,PI_HARDWARE,25.71,25.54,Set AC Fan to LOW & Peltier OFF,17.0157,3.7094,-0.07,114.6,57.46,58.5,26.66,,
01/05/2026 20:22:46,ENVIRONMENT,Sensors,PI_HARDWARE,25.35,25.42,-,17.0158,3.7094,-0.21,-,57.81,57.99,-,,
01/05/2026 20:23:46,ENVIRONMENT,Sensors,PI_HARDWARE,25.59,25.23,-,17.0158,3.7095,-0.09,-,61.27,60.32,-,,
01/05/2026 20:24:21,ACTION,LSTM_AI,PI_HARDWARE,25.82,25.23,Set AC Fan to MEDIUM & Peltier ON,17.0159,3.7095,+0.01,107.5,62.55,62.37,24,,
01/05/2026 20:24:46,ENVIRONMENT,Sensors,PI_HARDWARE,25.95,25.26,-,17.0231,3.711,+0.07,-,63.1,64.06,-,,
01/05/2026 20:25:00,ACTION,LSTM_AI,PI_HARDWARE,25.79,25.26,Set AC Fan to LOW & Peltier OFF,17.0265,3.7118,+0.01,114,63.87,64.4,26.66,,
01/05/2026 20:25:46,ENVIRONMENT,Sensors,PI_HARDWARE,25.79,25.36,-,17.0266,3.7118,+0.03,-,65.89,66.25,-,,
01/05/2026 20:25:48,ACTION,LSTM_AI,PI_HARDWARE,25.81,25.36,Set AC Fan to MEDIUM & Peltier ON,17.0266,3.7118,+0.04,114.2,65.89,66.25,24,,
01/05/2026 20:26:30,ACTION,LSTM_AI,PI_HARDWARE,25.8,25.5,Set AC Fan to LOW & Peltier OFF,17.0383,3.7144,+0.04,114,66.59,67.41,26.66,,
01/05/2026 20:26:46,ENVIRONMENT,Sensors,PI_HARDWARE,25.77,25.51,-,17.0383,3.7144,+0.04,-,68.24,67.83,-,,
01/05/2026 20:27:00,ACTION,LSTM_AI,PI_HARDWARE,25.83,25.57,Set AC Fan to MEDIUM & Peltier ON,17.0383,3.7144,+0.07,113.2,68.33,68.09,24,,
01/05/2026 20:27:46,ENVIRONMENT,Sensors,PI_HARDWARE,25.82,25.71,-,17.0518,3.7173,+0.06,-,68.11,69.05,-,,
01/05/2026 20:27:51,ACTION,LSTM_AI,PI_HARDWARE,25.77,25.71,Set AC Fan to LOW & Peltier OFF,17.0529,3.7175,+0.04,106.9,68.06,69.05,26.66,,
01/05/2026 20:28:06,ACTION,LSTM_AI,PI_HARDWARE,25.8,25.78,Set AC Fan to MEDIUM & Peltier ON,17.0529,3.7175,+0.07,112.4,69.53,69.33,24,,
01/05/2026 20:28:36,ACTION,LSTM_AI,PI_HARDWARE,25.8,25.85,Set AC Fan to LOW & Peltier OFF,17.0613,3.7194,+0.07,112.6,69.46,69.89,26.66,,
01/05/2026 20:28:46,ENVIRONMENT,Sensors,PI_HARDWARE,25.81,25.91,-,17.0613,3.7194,+0.08,-,70.07,70.01,-,,
01/05/2026 20:28:48,ACTION,LSTM_AI,PI_HARDWARE,25.83,25.91,Set AC Fan to MEDIUM & Peltier ON,17.0613,3.7194,+0.08,112.3,70.07,70.01,24,,
01/05/2026 20:29:47,ENVIRONMENT,Sensors,PI_HARDWARE,25.8,26.08,-,17.0781,3.723,+0.07,-,69.82,70.74,-,,
01/05/2026 20:29:48,ACTION,LSTM_AI,PI_HARDWARE,25.79,26.08,Set AC Fan to LOW & Peltier OFF,17.0781,3.723,+0.07,113.8,69.82,70.74,26.66,,
01/05/2026 20:30:00,ACTION,LSTM_AI,PI_HARDWARE,25.83,26.11,Set AC Fan to MEDIUM & Peltier ON,17.0781,3.723,+0.09,114.4,70.47,70.72,24,,
01/05/2026 20:30:48,ENVIRONMENT,Sensors,PI_HARDWARE,25.81,26.21,-,17.0918,3.726,+0.06,-,68.37,69.29,-,,
01/05/2026 20:30:48,ACTION,LSTM_AI,PI_HARDWARE,25.79,26.21,Set AC Fan to LOW & Peltier OFF,17.0918,3.726,+0.05,114,68.37,69.29,26.66,,
01/05/2026 20:31:03,ACTION,LSTM_AI,PI_HARDWARE,25.8,26.24,Set AC Fan to MEDIUM & Peltier ON,17.0918,3.726,+0.07,107.1,69.32,68.73,24,,
01/05/2026 20:31:24,ACTION,LSTM_AI,PI_HARDWARE,25.79,26.25,Set AC Fan to LOW & Peltier OFF,17.0979,3.7273,+0.06,113.2,68.68,67.89,26.66,,
01/05/2026 20:31:42,ACTION,LSTM_AI,PI_HARDWARE,25.83,26.22,Set AC Fan to MEDIUM & Peltier ON,17.098,3.7274,+0.07,114.2,68.64,67.03,24,,
01/05/2026 20:31:48,ENVIRONMENT,Sensors,PI_HARDWARE,25.84,26.22,-,17.0996,3.7277,+0.08,-,69.24,66.73,-,,
01/05/2026 20:31:57,ACTION,LSTM_AI,PI_HARDWARE,25.8,26.25,Set AC Fan to LOW & Peltier OFF,17.1019,3.7282,+0.05,114.1,68.29,66.29,26.66,,
01/05/2026 20:32:15,ACTION,LSTM_AI,PI_HARDWARE,25.8,26.19,Set AC Fan to MEDIUM & Peltier ON,17.1019,3.7282,+0.05,113.2,67.4,65.59,24,,
01/05/2026 20:32:24,ACTION,LSTM_AI,PI_HARDWARE,25.79,26.21,Set AC Fan to LOW & Peltier OFF,17.1047,3.7288,+0.05,113.2,67.77,65.18,26.67,,
01/05/2026 20:32:48,ENVIRONMENT,Sensors,PI_HARDWARE,25.72,26.17,-,17.1047,3.7288,+0.01,-,66.17,64.24,-,,
01/05/2026 20:33:48,ENVIRONMENT,Sensors,PI_HARDWARE,25.79,26,-,17.1048,3.7288,+0.00,-,62.33,62.31,-,,
01/05/2026 20:33:54,ACTION,LSTM_AI,PI_HARDWARE,25.82,25.98,Set AC Fan to MEDIUM & Peltier ON,17.1048,3.7289,+0.01,112.9,62,62.14,24,,
01/05/2026 20:34:27,ACTION,LSTM_AI,PI_HARDWARE,25.78,25.88,Set AC Fan to LOW & Peltier OFF,17.1138,3.7308,-0.02,113,60.91,61.43,26.66,,
01/05/2026 20:34:48,ENVIRONMENT,Sensors,PI_HARDWARE,25.62,25.77,-,17.1138,3.7308,-0.08,-,61.13,61.08,-,,
01/05/2026 20:35:48,ENVIRONMENT,Sensors,PI_HARDWARE,25.55,25.54,-,17.1139,3.7308,-0.11,-,60.28,60.07,-,,
01/05/2026 20:36:30,ACTION,LSTM_AI,PI_HARDWARE,25.82,25.45,Set AC Fan to MEDIUM & Peltier ON,17.1139,3.7308,+0.01,113.1,62.63,61.97,24,,
01/05/2026 20:36:48,ENVIRONMENT,Sensors,PI_HARDWARE,25.96,25.4,-,17.119,3.7319,+0.07,-,63.15,63.2,-,,
01/05/2026 20:37:09,ACTION,LSTM_AI,PI_HARDWARE,25.8,25.39,Set AC Fan to LOW & Peltier OFF,17.1246,3.7332,+0.02,114.9,64.4,64.44,26.66,,
01/05/2026 20:37:48,ENVIRONMENT,Sensors,PI_HARDWARE,25.75,25.39,-,17.1246,3.7332,+0.02,-,66.32,66.38,-,,
01/05/2026 20:37:57,ACTION,LSTM_AI,PI_HARDWARE,25.84,25.43,Set AC Fan to MEDIUM & Peltier ON,17.1246,3.7332,+0.06,120.6,66.39,66.64,24,,
01/05/2026 20:38:48,ENVIRONMENT,Sensors,PI_HARDWARE,25.79,25.53,-,17.1391,3.7363,+0.04,-,67.12,68.03,-,,
01/05/2026 20:38:48,ACTION,LSTM_AI,PI_HARDWARE,25.75,25.53,Set AC Fan to LOW & Peltier OFF,17.1391,3.7363,+0.03,108.8,67.12,68.03,26.66,,
01/05/2026 20:39:21,ACTION,LSTM_AI,PI_HARDWARE,25.82,25.59,Set AC Fan to MEDIUM & Peltier ON,17.1392,3.7363,+0.08,114.7,69.86,68.91,24,,
01/05/2026 20:39:48,ENVIRONMENT,Sensors,PI_HARDWARE,25.93,25.67,-,17.147,3.738,+0.11,-,69.07,69.49,-,,
01/05/2026 20:40:09,ACTION,LSTM_AI,PI_HARDWARE,25.8,25.71,Set AC Fan to LOW & Peltier OFF,17.1526,3.7393,+0.06,115.6,68.82,69.89,26.66,,
01/05/2026 20:40:24,ACTION,LSTM_AI,PI_HARDWARE,25.82,25.78,Set AC Fan to MEDIUM & Peltier ON,17.1526,3.7393,+0.08,114,70.36,70.18,24,,
01/05/2026 20:40:48,ENVIRONMENT,Sensors,PI_HARDWARE,25.86,25.84,-,17.1593,3.7407,+0.10,-,70.3,70.52,-,,
01/05/2026 20:41:06,ACTION,LSTM_AI,PI_HARDWARE,25.78,25.87,Set AC Fan to LOW & Peltier OFF,17.1644,3.7418,+0.06,113.6,69.77,70.73,26.66,,
01/05/2026 20:41:18,ACTION,LSTM_AI,PI_HARDWARE,25.82,25.94,Set AC Fan to MEDIUM & Peltier ON,17.1644,3.7418,+0.08,113.8,70.73,71,24,,
01/05/2026 20:41:48,ENVIRONMENT,Sensors,PI_HARDWARE,25.89,26.01,-,17.1728,3.7437,+0.11,-,70.75,71.21,-,,
01/05/2026 20:42:48,ENVIRONMENT,Sensors,PI_HARDWARE,25.82,26.19,-,17.1895,3.7473,+0.08,-,70.6,71.82,-,,
01/05/2026 20:43:24,ACTION,LSTM_AI,PI_HARDWARE,25.79,26.25,Set AC Fan to LOW & Peltier OFF,17.1996,3.7495,+0.06,113.2,69.5,70.92,26.66,,
01/05/2026 20:43:36,ACTION,LSTM_AI,PI_HARDWARE,25.82,26.29,Set AC Fan to MEDIUM & Peltier ON,17.1996,3.7495,+0.08,113.1,70.1,70.37,24,,
01/05/2026 20:43:48,ENVIRONMENT,Sensors,PI_HARDWARE,25.87,26.29,-,17.203,3.7502,+0.11,-,71.13,69.91,-,,
01/05/2026 20:44:10,ACTION,LSTM_AI,PI_HARDWARE,25.79,26.28,Set AC Fan to LOW & Peltier OFF,17.2085,3.7515,+0.06,113.2,68.84,69.02,26.66,,
01/05/2026 20:44:27,ACTION,LSTM_AI,PI_HARDWARE,25.81,26.29,Set AC Fan to MEDIUM & Peltier ON,17.2086,3.7515,+0.07,116.6,69.6,68.33,24,,
01/05/2026 20:44:49,ENVIRONMENT,Sensors,PI_HARDWARE,25.78,26.29,-,17.2147,3.7528,+0.05,-,68.74,67.4,-,,
01/05/2026 20:44:52,ACTION,LSTM_AI,PI_HARDWARE,25.76,26.29,Set AC Fan to LOW & Peltier OFF,17.2153,3.7529,+0.04,107.3,68.23,67.4,26.66,,
01/05/2026 20:45:48,ENVIRONMENT,Sensors,PI_HARDWARE,25.72,26.12,-,17.2154,3.7529,+0.03,-,68.9,64.78,-,,
01/05/2026 20:46:49,ENVIRONMENT,Sensors,PI_HARDWARE,25.76,25.95,-,17.2154,3.753,+0.00,-,64.06,62.83,-,,
01/05/2026 20:47:31,ACTION,LSTM_AI,PI_HARDWARE,25.81,25.85,Set AC Fan to MEDIUM & Peltier ON,17.2161,3.7531,+0.00,113,61.7,61.85,24,,
01/05/2026 20:47:49,ENVIRONMENT,Sensors,PI_HARDWARE,25.84,25.76,-,17.2211,3.7542,+0.00,-,60.6,61.36,-,,
01/05/2026 20:47:55,ACTION,LSTM_AI,PI_HARDWARE,25.78,25.76,Set AC Fan to LOW & Peltier OFF,17.2225,3.7545,-0.02,117.3,60.53,61.3,26.66,,
01/05/2026 20:48:50,ENVIRONMENT,Sensors,PI_HARDWARE,25.5,25.51,-,17.2226,3.7545,-0.13,-,60.41,60.55,-,,
01/05/2026 20:49:43,ACTION,LSTM_AI,PI_HARDWARE,25.81,25.42,Set AC Fan to MEDIUM & Peltier ON,17.2226,3.7545,+0.01,107,63.1,62.49,24,,
01/05/2026 20:49:50,ENVIRONMENT,Sensors,PI_HARDWARE,25.88,25.39,-,17.2249,3.755,+0.04,-,63.22,62.85,-,,
01/05/2026 20:50:07,ACTION,LSTM_AI,PI_HARDWARE,26,25.4,Set AC Fan to HIGH & Peltier ON,17.2293,3.756,+0.09,113.8,63.76,63.56,24,,
01/05/2026 20:50:13,ACTION,LSTM_AI,PI_HARDWARE,25.95,25.39,Set AC Fan to MEDIUM & Peltier ON,17.231,3.7564,+0.08,113.7,64,63.86,24,,
01/05/2026 20:50:28,ACTION,LSTM_AI,PI_HARDWARE,25.8,25.39,Set AC Fan to LOW & Peltier OFF,17.2349,3.7572,+0.03,113.2,65.17,64.68,26.66,,
01/05/2026 20:50:50,ENVIRONMENT,Sensors,PI_HARDWARE,25.71,25.42,-,17.235,3.7572,+0.01,-,67.13,66.07,-,,
01/05/2026 20:51:16,ACTION,LSTM_AI,PI_HARDWARE,25.8,25.42,Set AC Fan to MEDIUM & Peltier ON,17.235,3.7572,+0.05,114.6,67.35,67.07,24,,
01/05/2026 20:51:34,ACTION,LSTM_AI,PI_HARDWARE,26.02,25.47,Set AC Fan to HIGH & Peltier ON,17.24,3.7583,+0.13,113.3,67.25,67.69,24,,
01/05/2026 20:51:46,ACTION,LSTM_AI,PI_HARDWARE,25.99,25.49,Set AC Fan to MEDIUM & Peltier ON,17.2434,3.7591,+0.12,114.2,67.49,68.04,24,,
01/05/2026 20:51:50,ENVIRONMENT,Sensors,PI_HARDWARE,25.96,25.5,-,17.2451,3.7594,+0.11,-,67.67,68.21,-,,
01/05/2026 20:52:13,ACTION,LSTM_AI,PI_HARDWARE,25.79,25.54,Set AC Fan to LOW & Peltier OFF,17.2512,3.7608,+0.05,111.3,67.68,68.75,26.66,,
01/05/2026 20:52:28,ACTION,LSTM_AI,PI_HARDWARE,25.81,25.59,Set AC Fan to MEDIUM & Peltier ON,17.2512,3.7608,+0.07,112.2,69.26,69.06,24,,
01/05/2026 20:52:50,ENVIRONMENT,Sensors,PI_HARDWARE,25.85,25.63,-,17.2579,3.7622,+0.08,-,69.21,69.59,-,,
01/05/2026 20:53:10,ACTION,LSTM_AI,PI_HARDWARE,25.78,25.67,Set AC Fan to LOW & Peltier OFF,17.263,3.7633,+0.05,113.5,68.81,69.88,26.66,,
01/05/2026 20:53:25,ACTION,LSTM_AI,PI_HARDWARE,25.82,25.7,Set AC Fan to MEDIUM & Peltier ON,17.263,3.7633,+0.08,116.8,70.15,70.16,24,,
01/05/2026 20:53:50,ENVIRONMENT,Sensors,PI_HARDWARE,25.91,25.77,-,17.2702,3.7649,+0.12,-,70.09,70.64,-,,
01/05/2026 20:54:50,ENVIRONMENT,Sensors,PI_HARDWARE,25.87,25.9,-,17.287,3.7686,+0.10,-,70.32,71.6,-,,
01/05/2026 20:55:25,ACTION,LSTM_AI,PI_HARDWARE,26,26.01,Set AC Fan to HIGH & Peltier ON,17.2965,3.7706,+0.16,112.9,70.9,72.58,24,,
01/05/2026 20:55:50,ENVIRONMENT,Sensors,PI_HARDWARE,26.06,26.04,-,17.3038,3.7722,+0.18,-,71.05,72.78,-,,
01/05/2026 20:56:05,ACTION,USER,PI_HARDWARE,26.06,26.04,Set STATUS to OFF,17.3077,3.7731,+0.18,-,71.05,72.78,-,,
01/05/2026 20:56:50,ENVIRONMENT,Sensors,PI_HARDWARE,26.19,26.21,-,17.3205,3.7759,+0.21,-,69.2,70.96,-,,
01/05/2026 20:57:50,ENVIRONMENT,Sensors,PI_HARDWARE,26,26.26,-,17.3373,3.7795,+0.13,-,67.45,68.78,-,,
01/05/2026 20:57:56,ACTION,LSTM_AI,PI_HARDWARE,25.99,26.25,Set AC Fan to MEDIUM & Peltier ON,17.3384,3.7798,+0.12,115.9,67.26,68.78,24,,
01/05/2026 20:58:39,ACTION,USER,PI_HARDWARE,25.82,26.24,Set STATUS to OFF,17.3507,3.7825,+0.04,-,65.67,66.48,-,,
01/05/2026 20:58:40,ACTION,LSTM_AI,PI_HARDWARE,25.79,26.24,Set AC Fan to LOW & Peltier OFF,17.3507,3.7825,+0.03,107.4,65.67,66.48,26.66,,
01/05/2026 20:58:50,ENVIRONMENT,Sensors,PI_HARDWARE,25.76,26.22,-,17.3507,3.7825,+0.01,-,65.27,65.99,-,,
01/05/2026 20:59:50,ENVIRONMENT,Sensors,PI_HARDWARE,25.71,26.18,-,17.3508,3.7825,+0.02,-,68.58,65.14,-,,
01/05/2026 21:00:22,ACTION,USER,PI_HARDWARE,25.71,26.18,Set STATUS to OFF,17.3509,3.7825,+0.02,-,68.58,65.14,-,,
01/05/2026 21:00:50,ENVIRONMENT,Sensors,PI_HARDWARE,25.7,25.94,-,17.3509,3.7825,-0.01,-,65.05,61.83,-,,
01/05/2026 21:01:50,ENVIRONMENT,Sensors,PI_HARDWARE,25.68,25.78,-,17.351,3.7825,-0.05,-,61.63,60.51,-,,
01/05/2026 21:02:50,ENVIRONMENT,Sensors,PI_HARDWARE,25.71,25.62,-,17.3511,3.7825,-0.06,-,59.53,59.38,-,,
01/05/2026 21:03:22,ACTION,LSTM_AI,PI_HARDWARE,25.81,25.51,Set AC Fan to MEDIUM & Peltier ON,17.3511,3.7825,0,114.8,61.14,60.08,24,,
01/05/2026 21:03:50,ENVIRONMENT,Sensors,PI_HARDWARE,25.85,25.5,-,17.3595,3.7844,+0.02,-,62.36,61.42,-,,
01/05/2026 21:04:14,ACTION,USER,PI_HARDWARE,25.67,25.49,Set STATUS to OFF,17.3657,3.7857,-0.03,-,63.73,62.8,-,,
01/05/2026 21:04:15,ACTION,LSTM_AI,PI_HARDWARE,25.63,25.49,Set AC Fan to LOW & Peltier OFF,17.3662,3.7858,-0.05,107.3,63.73,62.8,26.66,,
01/05/2026 21:04:51,ENVIRONMENT,Sensors,PI_HARDWARE,25.55,25.53,-,17.3663,3.7858,-0.05,-,66.63,64.88,-,,
01/05/2026 21:05:17,ACTION,LSTM_AI,PI_HARDWARE,25.83,25.56,Set AC Fan to MEDIUM & Peltier ON,17.3663,3.7859,+0.05,113.4,66.78,66.05,24,,
01/05/2026 21:05:29,ACTION,LSTM_AI,PI_HARDWARE,26.03,25.56,Set AC Fan to HIGH & Peltier ON,17.3697,3.7866,+0.13,112.6,66.54,66.37,24,,
01/05/2026 21:05:52,ENVIRONMENT,Sensors,PI_HARDWARE,26.12,25.62,-,17.3764,3.788,+0.16,-,66.42,67.05,-,,
01/05/2026 21:06:11,ACTION,LSTM_AI,PI_HARDWARE,25.99,25.66,Set AC Fan to MEDIUM & Peltier ON,17.3814,3.7891,+0.12,115.1,66.83,67.42,24,,
01/05/2026 21:06:52,ENVIRONMENT,Sensors,PI_HARDWARE,25.86,25.73,-,17.3931,3.7917,+0.07,-,67.3,68.42,-,,
01/05/2026 21:07:52,ENVIRONMENT,Sensors,PI_HARDWARE,25.95,25.93,-,17.4099,3.7954,+0.11,-,68.23,69.57,-,,
01/05/2026 21:08:12,ACTION,LSTM_AI,PI_HARDWARE,26.01,25.97,Set AC Fan to HIGH & Peltier ON,17.4149,3.7965,+0.14,116,68.52,69.81,24,,
01/05/2026 21:08:52,ENVIRONMENT,Sensors,PI_HARDWARE,26.09,26.08,-,17.4267,3.799,+0.17,-,69.33,70.4,-,,
01/05/2026 21:09:52,ENVIRONMENT,Sensors,PI_HARDWARE,26.3,26.24,-,17.4434,3.8027,+0.26,-,69.67,71.17,-,,
01/05/2026 21:10:15,ACTION,USER,PI_HARDWARE,26.36,26.31,Set STATUS to OFF,17.4496,3.804,+0.28,-,69.24,71.03,-,,
01/05/2026 21:10:52,ENVIRONMENT,Sensors,PI_HARDWARE,26.36,26.31,-,17.4602,3.8063,+0.28,-,69.24,71.03,-,,
01/05/2026 21:11:52,ENVIRONMENT,Sensors,PI_HARDWARE,26.36,26.31,-,17.477,3.81,+0.28,-,69.24,71.03,-,,
01/05/2026 21:12:53,ENVIRONMENT,Sensors,PI_HARDWARE,26.36,26.31,-,17.4937,3.8136,+0.28,-,69.24,71.03,-,,
01/05/2026 21:13:52,ENVIRONMENT,Sensors,PI_HARDWARE,26.36,26.31,-,17.5105,3.8173,+0.28,-,69.24,71.03,-,,
01/05/2026 21:14:52,ENVIRONMENT,Sensors,PI_HARDWARE,26.36,26.31,-,17.5273,3.8209,+0.28,-,69.24,71.03,-,,
01/05/2026 21:15:37,ACTION,USER,PI_HARDWARE,26.36,26.31,Set STATUS to OFF,17.5396,3.8236,+0.28,-,69.24,71.03,-,,
01/05/2026 21:15:40,ACTION,LSTM_AI,PI_HARDWARE,25.71,26.31,Set AC Fan to LOW & Peltier OFF,17.5401,3.8237,+0.03,107.2,69.24,71.03,26.66,,
01/05/2026 21:15:52,ENVIRONMENT,Sensors,PI_HARDWARE,25.71,25.88,-,17.5401,3.8238,+0.00,-,66.09,60.99,-,,
01/05/2026 21:16:07,ACTION,USER,PI_HARDWARE,25.71,25.88,Set STATUS to OFF,17.5402,3.8238,+0.00,-,66.09,60.99,-,,
01/05/2026 21:16:18,ACTION,LSTM_AI,PI_HARDWARE,24.14,25.8,Set AC Fan to OFF & Peltier OFF,17.5402,3.8238,-0.54,15.7,72.51,62.69,26.66,,
01/05/2026 21:16:27,ACTION,LSTM_AI,PI_HARDWARE,24.34,25.77,Set AC Fan to LOW & Peltier OFF,17.5402,3.8238,-0.46,107.5,72.35,63.2,26.67,,
01/05/2026 21:16:52,ENVIRONMENT,Sensors,PI_HARDWARE,24.8,25.76,-,17.5402,3.8238,-0.28,-,73.9,64.41,-,,
01/05/2026 21:17:53,ENVIRONMENT,Sensors,PI_HARDWARE,25.56,25.77,-,17.5403,3.8238,+0.01,-,73.11,67.17,-,,
01/05/2026 21:18:24,ACTION,LSTM_AI,PI_HARDWARE,25.83,25.81,Set AC Fan to MEDIUM & Peltier ON,17.5403,3.8238,+0.10,113,72.23,68.01,24,,
01/05/2026 21:18:52,ENVIRONMENT,Sensors,PI_HARDWARE,25.99,25.87,-,17.5487,3.8256,+0.14,-,69.14,68.72,-,,
01/05/2026 21:19:54,ENVIRONMENT,Sensors,PI_HARDWARE,25.93,25.94,-,17.5655,3.8293,+0.10,-,68.33,69.03,-,,
01/05/2026 21:20:53,ENVIRONMENT,Sensors,PI_HARDWARE,25.93,25.94,-,17.5823,3.8329,+0.10,-,68.33,69.03,-,,
01/05/2026 21:21:54,ENVIRONMENT,Sensors,PI_HARDWARE,25.93,25.94,-,17.5993,3.8366,+0.10,-,68.33,69.03,-,,
01/05/2026 21:22:54,ENVIRONMENT,Sensors,PI_HARDWARE,25.93,25.94,-,17.6161,3.8403,+0.10,-,68.33,69.03,-,,
01/05/2026 21:23:54,ENVIRONMENT,Sensors,PI_HARDWARE,25.93,25.94,-,17.6328,3.844,+0.10,-,68.33,69.03,-,,
01/05/2026 21:24:54,ENVIRONMENT,Sensors,PI_HARDWARE,25.93,25.94,-,17.6496,3.8476,+0.10,-,68.33,69.03,-,,
01/05/2026 21:25:54,ENVIRONMENT,Sensors,PI_HARDWARE,25.93,25.94,-,17.6664,3.8513,+0.10,-,68.33,69.03,-,,
01/05/2026 21:26:51,SYSTEM,SHUTDOWN,PI_HARDWARE,25.93,25.94,Master Script Stopped Manually,17.682,3.8547,+0.10,-,68.33,69.03,-,,
01/05/2026 21:33:24,SYSTEM,BOOT,PI_HARDWARE,24,24,--- Raspberry Pi AI Master Started ---,17.682,3.8547,-0.77,-,50,50,-,,
01/05/2026 21:33:25,ACTION,LSTM_AI,PI_HARDWARE,26.02,24,Set AC Fan to HIGH & Peltier ON,17.682,3.8547,-0.02,118,50,50,24,,
01/05/2026 21:33:48,ACTION,USER,PI_HARDWARE,26.05,26.38,Set STATUS to OFF,17.6882,3.856,+0.24,-,78.49,73.12,-,,
01/05/2026 21:34:24,ENVIRONMENT,Sensors,PI_HARDWARE,26.16,26.5,-,17.6988,3.8583,+0.22,-,71.44,73,-,,
01/05/2026 21:35:25,ENVIRONMENT,Sensors,PI_HARDWARE,26.09,26.56,-,17.7156,3.862,+0.18,-,69.45,70.44,-,,
01/05/2026 21:36:17,ACTION,LSTM_AI,PI_HARDWARE,25.98,26.49,Set AC Fan to MEDIUM & Peltier ON,17.7301,3.8652,+0.12,114.5,67.65,68.29,24,,
01/05/2026 21:36:24,ENVIRONMENT,Sensors,PI_HARDWARE,25.95,26.49,-,17.7323,3.8656,+0.10,-,67.21,67.88,-,,
01/05/2026 21:37:08,ACTION,LSTM_AI,PI_HARDWARE,25.8,26.39,Set AC Fan to LOW & Peltier OFF,17.7441,3.8682,+0.03,112.9,65.77,66.28,26.66,,
01/05/2026 21:37:23,ACTION,LSTM_AI,PI_HARDWARE,25.81,26.4,Set AC Fan to MEDIUM & Peltier ON,17.7441,3.8682,+0.04,114.4,66.48,65.67,24,,
01/05/2026 21:37:25,ENVIRONMENT,Sensors,PI_HARDWARE,25.81,26.36,-,17.7446,3.8683,+0.05,-,66.95,65.5,-,,
01/05/2026 21:37:41,ACTION,LSTM_AI,PI_HARDWARE,25.8,26.32,Set AC Fan to LOW & Peltier OFF,17.7488,3.8692,+0.04,106.9,66.56,64.93,26.66,,
01/05/2026 21:37:47,ACTION,LSTM_AI,PI_HARDWARE,25.8,26.32,Set AC Fan to MEDIUM & Peltier ON,17.7489,3.8692,+0.03,113.2,65.79,64.76,24,,
01/05/2026 21:37:59,ACTION,LSTM_AI,PI_HARDWARE,25.8,26.31,Set AC Fan to LOW & Peltier OFF,17.7522,3.87,+0.03,114.2,65.71,64.34,26.66,,
01/05/2026 21:38:26,ENVIRONMENT,Sensors,PI_HARDWARE,25.71,26.22,-,17.7522,3.87,+0.01,-,67.05,63.41,-,,
01/05/2026 21:39:26,ENVIRONMENT,Sensors,PI_HARDWARE,25.64,26.02,-,17.7523,3.87,+0.01,-,69.53,62.73,-,,
01/05/2026 21:40:20,ACTION,LSTM_AI,PI_HARDWARE,25.82,25.95,Set AC Fan to MEDIUM & Peltier ON,17.7524,3.87,+0.09,114.7,71.09,65.53,24,,
01/05/2026 21:40:26,ENVIRONMENT,Sensors,PI_HARDWARE,25.84,25.94,-,17.7541,3.8704,+0.10,-,71.19,65.75,-,,
01/05/2026 21:40:50,ACTION,LSTM_AI,PI_HARDWARE,25.8,25.94,Set AC Fan to LOW & Peltier OFF,17.7608,3.8719,+0.06,113.4,68.53,66.95,26.66,,
01/05/2026 21:41:17,ACTION,LSTM_AI,PI_HARDWARE,25.82,25.95,Set AC Fan to MEDIUM & Peltier ON,17.7608,3.8719,+0.08,114.3,70.91,67.94,24,,
01/05/2026 21:41:26,ENVIRONMENT,Sensors,PI_HARDWARE,25.86,25.95,-,17.7636,3.8725,+0.11,-,71.45,68.26,-,,
01/05/2026 21:42:26,ENVIRONMENT,Sensors,PI_HARDWARE,25.89,26.04,-,17.7804,3.8761,+0.10,-,68.9,69.82,-,,
01/05/2026 21:43:06,ACTION,LSTM_AI,PI_HARDWARE,26,26.11,Set AC Fan to HIGH & Peltier ON,17.791,3.8784,+0.14,107.5,69.33,70.62,24,,
01/05/2026 21:43:26,ENVIRONMENT,Sensors,PI_HARDWARE,26.05,26.08,-,17.7972,3.8798,+0.17,-,69.77,70.96,-,,
01/05/2026 21:44:26,ENVIRONMENT,Sensors,PI_HARDWARE,26.38,26.22,-,17.8139,3.8834,+0.29,-,70.42,71.93,-,,
01/05/2026 21:45:26,ENVIRONMENT,Sensors,PI_HARDWARE,26.66,26.36,-,17.8307,3.8871,+0.41,-,70.59,72.66,-,,
01/05/2026 21:46:26,ENVIRONMENT,Sensors,PI_HARDWARE,26.79,26.46,-,17.8475,3.8907,+0.45,-,69.86,72.79,-,,
01/05/2026 21:47:26,ENVIRONMENT,Sensors,PI_HARDWARE,26.63,26.52,-,17.8642,3.8944,+0.37,-,67.83,70.37,-,,
01/05/2026 21:48:26,ENVIRONMENT,Sensors,PI_HARDWARE,26.27,26.46,-,17.881,3.8981,+0.22,-,66.34,67.64,-,,
01/05/2026 21:48:57,ACTION,LSTM_AI,PI_HARDWARE,25.99,26.43,Set AC Fan to MEDIUM & Peltier ON,17.8894,3.8999,+0.10,114.6,65.81,66.59,24,,
01/05/2026 21:49:26,ENVIRONMENT,Sensors,PI_HARDWARE,25.84,26.32,-,17.8978,3.9017,+0.04,-,64.93,65.38,-,,
01/05/2026 21:49:36,ACTION,LSTM_AI,PI_HARDWARE,25.79,26.29,Set AC Fan to LOW & Peltier OFF,17.9,3.9022,+0.02,115.2,64.58,65.11,26.66,,
01/05/2026 21:50:26,ENVIRONMENT,Sensors,PI_HARDWARE,25.7,26.17,-,17.9001,3.9022,+0.02,-,68.74,63.55,-,,
01/05/2026 21:51:26,ENVIRONMENT,Sensors,PI_HARDWARE,25.71,25.97,-,17.9001,3.9022,+0.01,-,67.35,62.05,-,,
01/05/2026 21:52:27,ENVIRONMENT,Sensors,PI_HARDWARE,25.71,25.8,-,17.9002,3.9022,+0.02,-,68.46,63.04,-,,
01/05/2026 21:53:06,ACTION,LSTM_AI,PI_HARDWARE,25.8,25.73,Set AC Fan to MEDIUM & Peltier ON,17.9003,3.9023,+0.07,107.3,69.51,65.11,24,,
01/05/2026 21:53:27,ENVIRONMENT,Sensors,PI_HARDWARE,25.83,25.77,-,17.9064,3.9036,+0.07,-,68.19,66.34,-,,
01/05/2026 21:53:36,ACTION,LSTM_AI,PI_HARDWARE,25.77,25.76,Set AC Fan to LOW & Peltier OFF,17.9087,3.9041,+0.04,115.1,67.91,66.61,26.66,,
01/05/2026 21:54:18,ACTION,LSTM_AI,PI_HARDWARE,25.83,25.76,Set AC Fan to MEDIUM & Peltier ON,17.9093,3.9042,+0.09,113,71.03,68.27,24,,
01/05/2026 21:54:28,ENVIRONMENT,Sensors,PI_HARDWARE,25.89,25.78,-,17.9121,3.9048,+0.11,-,70.95,68.63,-,,
01/05/2026 21:55:28,ENVIRONMENT,Sensors,PI_HARDWARE,25.92,25.9,-,17.9288,3.9085,+0.10,-,68.53,69.86,-,,
01/05/2026 21:56:18,ACTION,LSTM_AI,PI_HARDWARE,26.02,26,Set AC Fan to HIGH & Peltier ON,17.9423,3.9114,+0.15,110.6,69.21,70.92,24,,
01/05/2026 21:56:28,ENVIRONMENT,Sensors,PI_HARDWARE,26.04,26.02,-,17.9456,3.9121,+0.16,-,69.4,71.15,-,,
01/05/2026 21:57:28,ENVIRONMENT,Sensors,PI_HARDWARE,26.3,26.15,-,17.9624,3.9158,+0.27,-,70.32,71.97,-,,
01/05/2026 21:58:28,ENVIRONMENT,Sensors,PI_HARDWARE,26.56,26.28,-,17.9792,3.9195,+0.37,-,70.57,72.74,-,,
01/05/2026 21:59:28,ENVIRONMENT,Sensors,PI_HARDWARE,26.61,26.39,-,17.9959,3.9231,+0.37,-,68.97,71.64,-,,
01/05/2026 22:00:28,ENVIRONMENT,Sensors,PI_HARDWARE,26.37,26.39,-,18.0127,3.9268,+0.26,-,67.25,69.25,-,,
01/05/2026 22:01:28,ENVIRONMENT,Sensors,PI_HARDWARE,26,26.31,-,18.0295,3.9304,+0.11,-,65.9,66.7,-,,
01/05/2026 22:01:30,ACTION,LSTM_AI,PI_HARDWARE,25.98,26.31,Set AC Fan to MEDIUM & Peltier ON,18.0295,3.9304,+0.10,115,65.9,66.7,24,,
01/05/2026 22:02:00,ACTION,LSTM_AI,PI_HARDWARE,25.78,26.26,Set AC Fan to LOW & Peltier OFF,18.0378,3.9322,+0.02,114.8,64.72,65.62,26.66,,
01/05/2026 22:02:28,ENVIRONMENT,Sensors,PI_HARDWARE,25.71,26.18,-,18.0379,3.9323,+0.02,-,67.82,64.6,-,,
01/05/2026 22:03:28,ENVIRONMENT,Sensors,PI_HARDWARE,25.73,26,-,18.038,3.9323,+0.05,-,70.31,63.64,-,,
01/05/2026 22:03:51,ACTION,LSTM_AI,PI_HARDWARE,25.81,25.98,Set AC Fan to MEDIUM & Peltier ON,18.038,3.9323,+0.08,112.8,70.72,64.49,24,,
01/05/2026 22:04:28,ENVIRONMENT,Sensors,PI_HARDWARE,25.79,25.91,-,18.0486,3.9346,+0.05,-,67.61,66.42,-,,
01/05/2026 22:04:30,ACTION,LSTM_AI,PI_HARDWARE,25.77,25.91,Set AC Fan to LOW & Peltier OFF,18.0486,3.9346,+0.04,113.8,67.61,66.42,26.66,,
01/05/2026 22:05:00,ACTION,LSTM_AI,PI_HARDWARE,25.8,25.87,Set AC Fan to MEDIUM & Peltier ON,18.0487,3.9346,+0.08,113.1,71.03,67.77,24,,
01/05/2026 22:05:28,ENVIRONMENT,Sensors,PI_HARDWARE,25.96,25.93,-,18.057,3.9364,+0.13,-,69.26,68.9,-,,
01/05/2026 22:06:28,ENVIRONMENT,Sensors,PI_HARDWARE,25.91,25.95,-,18.0738,3.9401,+0.10,-,69.01,70.36,-,,
01/05/2026 22:06:57,ACTION,LSTM_AI,PI_HARDWARE,26,26.01,Set AC Fan to HIGH & Peltier ON,18.0816,3.9418,+0.14,115.4,69.23,70.89,24,,
01/05/2026 22:07:28,ENVIRONMENT,Sensors,PI_HARDWARE,26.09,26.06,-,18.0906,3.9437,+0.18,-,69.99,71.44,-,,
01/05/2026 22:08:29,ENVIRONMENT,Sensors,PI_HARDWARE,26.38,26.17,-,18.1073,3.9474,+0.30,-,70.48,72.24,-,,
01/05/2026 22:09:28,ENVIRONMENT,Sensors,PI_HARDWARE,26.62,26.29,-,18.1241,3.9511,+0.39,-,70.72,73.07,-,,
01/05/2026 22:10:29,ENVIRONMENT,Sensors,PI_HARDWARE,26.76,26.39,-,18.1409,3.9547,+0.44,-,70.21,73.15,-,,
01/05/2026 22:11:30,ENVIRONMENT,Sensors,PI_HARDWARE,26.62,26.46,-,18.1579,3.9584,+0.37,-,68.22,70.93,-,,
01/05/2026 22:12:30,ENVIRONMENT,Sensors,PI_HARDWARE,26.26,26.4,-,18.1747,3.9621,+0.21,-,66.54,68.2,-,,
01/05/2026 22:13:06,ACTION,LSTM_AI,PI_HARDWARE,25.98,26.33,Set AC Fan to MEDIUM & Peltier ON,18.1847,3.9643,+0.10,117,65.78,66.71,24,,
01/05/2026 22:13:30,ENVIRONMENT,Sensors,PI_HARDWARE,25.88,26.31,-,18.1915,3.9657,+0.06,-,64.94,65.77,-,,
01/05/2026 22:13:42,ACTION,LSTM_AI,PI_HARDWARE,25.8,26.29,Set AC Fan to LOW & Peltier OFF,18.1948,3.9665,+0.02,113.6,64.55,65.33,26.66,,
01/05/2026 22:13:54,ACTION,LSTM_AI,PI_HARDWARE,25.8,26.24,Set AC Fan to MEDIUM & Peltier ON,18.1948,3.9665,+0.03,115.4,65.12,64.97,24,,
01/05/2026 22:14:00,ACTION,LSTM_AI,PI_HARDWARE,25.8,26.22,Set AC Fan to LOW & Peltier OFF,18.1965,3.9668,+0.04,116.2,66.1,64.77,26.66,,
01/05/2026 22:14:06,ACTION,LSTM_AI,PI_HARDWARE,25.81,26.21,Set AC Fan to MEDIUM & Peltier ON,18.1965,3.9668,+0.04,113,66.17,64.61,24,,
01/05/2026 22:14:30,ENVIRONMENT,Sensors,PI_HARDWARE,25.82,26.15,-,18.2032,3.9683,+0.03,-,64.5,63.92,-,,
01/05/2026 22:14:30,ACTION,LSTM_AI,PI_HARDWARE,25.8,26.15,Set AC Fan to LOW & Peltier OFF,18.2032,3.9683,+0.02,111.3,64.5,63.92,26.66,,
01/05/2026 22:15:30,ENVIRONMENT,Sensors,PI_HARDWARE,25.74,26,-,18.2033,3.9683,+0.05,-,70.47,63.88,-,,
01/05/2026 22:15:42,ACTION,LSTM_AI,PI_HARDWARE,25.81,25.98,Set AC Fan to MEDIUM & Peltier ON,18.2033,3.9683,+0.08,113.6,71.07,64.5,24,,
01/05/2026 22:16:24,ACTION,LSTM_AI,PI_HARDWARE,25.8,25.9,Set AC Fan to LOW & Peltier OFF,18.215,3.9709,+0.05,113.1,67.42,66.56,26.66,,
01/05/2026 22:16:30,ENVIRONMENT,Sensors,PI_HARDWARE,25.79,25.87,-,18.2151,3.9709,+0.04,-,67.39,66.89,-,,
01/05/2026 22:16:36,ACTION,LSTM_AI,PI_HARDWARE,25.8,25.9,Set AC Fan to MEDIUM & Peltier ON,18.2151,3.9709,+0.06,113.1,68.28,67.11,24,,
01/05/2026 22:17:30,ENVIRONMENT,Sensors,PI_HARDWARE,25.89,25.93,-,18.2302,3.9742,+0.09,-,68.25,68.83,-,,
01/05/2026 22:18:30,ENVIRONMENT,Sensors,PI_HARDWARE,25.99,25.98,-,18.2469,3.9778,+0.13,-,68.88,70.37,-,,
01/05/2026 22:18:34,ACTION,LSTM_AI,PI_HARDWARE,26.01,26,Set AC Fan to HIGH & Peltier ON,18.2475,3.978,+0.14,107.6,68.92,70.44,24,,
01/05/2026 22:19:30,ENVIRONMENT,Sensors,PI_HARDWARE,26.25,26.08,-,18.2637,3.9815,+0.24,-,69.94,71.52,-,,
01/05/2026 22:20:30,ENVIRONMENT,Sensors,PI_HARDWARE,26.46,26.21,-,18.2805,3.9851,+0.33,-,70.45,72.37,-,,
01/05/2026 22:21:30,ENVIRONMENT,Sensors,PI_HARDWARE,26.66,26.31,-,18.2972,3.9888,+0.41,-,70.84,73.19,-,,
01/05/2026 22:22:31,ENVIRONMENT,Sensors,PI_HARDWARE,26.74,26.43,-,18.314,3.9924,+0.43,-,69.28,72.55,-,,
01/05/2026 22:23:30,ENVIRONMENT,Sensors,PI_HARDWARE,26.49,26.45,-,18.3308,3.9961,+0.31,-,67.74,70,-,,
01/05/2026 22:24:02,ACTION,USER,PI_HARDWARE,26.45,26.45,Set STATUS to OFF,18.3391,3.9979,+0.30,-,67.47,69.78,-,,
01/05/2026 22:24:30,ENVIRONMENT,Sensors,PI_HARDWARE,26.11,26.38,-,18.3475,3.9998,+0.15,-,66.17,67.43,-,,
01/05/2026 22:24:46,ACTION,LSTM_AI,PI_HARDWARE,26,26.36,Set AC Fan to MEDIUM & Peltier ON,18.3514,4.0006,+0.11,113,65.93,66.79,24,,
01/05/2026 22:25:23,ACTION,USER,PI_HARDWARE,25.9,26.33,Set STATUS to OFF,18.3621,4.0029,+0.07,-,65.35,66.29,-,,
01/05/2026 22:25:30,ENVIRONMENT,Sensors,PI_HARDWARE,25.77,26.24,-,18.3643,4.0034,+0.01,-,64.39,65.13,-,,
01/05/2026 22:25:32,ACTION,LSTM_AI,PI_HARDWARE,25.71,26.24,Set AC Fan to LOW & Peltier OFF,18.3643,4.0034,-0.01,113.5,64.39,65.13,26.66,,
01/05/2026 22:26:06,ACTION,USER,PI_HARDWARE,25.64,26.22,Set STATUS to OFF,18.3643,4.0034,-0.03,-,65.04,64.76,-,,
01/05/2026 22:26:30,ENVIRONMENT,Sensors,PI_HARDWARE,25.62,26.11,-,18.3644,4.0034,-0.01,-,68.73,63.96,-,,
01/05/2026 22:26:46,ACTION,USER,PI_HARDWARE,25.62,26.11,Set STATUS to OFF,18.3644,4.0034,-0.01,-,68.73,63.96,-,,
01/05/2026 22:27:32,ENVIRONMENT,Sensors,PI_HARDWARE,25.69,25.9,-,18.3645,4.0035,+0.03,-,70.45,63.42,-,,
01/05/2026 22:28:11,ACTION,LSTM_AI,PI_HARDWARE,25.81,25.84,Set AC Fan to MEDIUM & Peltier ON,18.3645,4.0035,+0.09,113.3,71.22,65.47,24,,
01/05/2026 22:28:32,ENVIRONMENT,Sensors,PI_HARDWARE,25.84,25.84,-,18.3707,4.0048,+0.08,-,69.26,66.46,-,,
01/05/2026 22:28:41,ACTION,LSTM_AI,PI_HARDWARE,25.77,25.81,Set AC Fan to LOW & Peltier OFF,18.3729,4.0053,+0.05,113.7,68.48,66.91,26.66,,
01/05/2026 22:29:26,ACTION,LSTM_AI,PI_HARDWARE,25.82,25.85,Set AC Fan to MEDIUM & Peltier ON,18.373,4.0053,+0.10,114.2,72.41,68.69,24,,
01/05/2026 22:29:32,ENVIRONMENT,Sensors,PI_HARDWARE,25.84,25.85,-,18.3746,4.0057,+0.11,-,72.73,68.86,-,,
01/05/2026 22:30:32,ENVIRONMENT,Sensors,PI_HARDWARE,25.91,25.91,-,18.3914,4.0093,+0.10,-,69.04,70.2,-,,
01/05/2026 22:31:32,ENVIRONMENT,Sensors,PI_HARDWARE,26,26.02,-,18.4082,4.013,+0.14,-,69.71,71.33,-,,
01/05/2026 22:31:32,ACTION,LSTM_AI,PI_HARDWARE,26.02,26.02,Set AC Fan to HIGH & Peltier ON,18.4082,4.013,+0.15,109.4,69.71,71.33,24,,
01/05/2026 22:32:32,ENVIRONMENT,Sensors,PI_HARDWARE,26.23,26.12,-,18.4249,4.0166,+0.24,-,70.84,72.36,-,,
01/05/2026 22:33:32,ENVIRONMENT,Sensors,PI_HARDWARE,26.47,26.25,-,18.4417,4.0203,+0.34,-,71.14,73.17,-,,
01/05/2026 22:34:32,ENVIRONMENT,Sensors,PI_HARDWARE,26.58,26.35,-,18.4585,4.0239,+0.37,-,69.68,72.58,-,,
01/05/2026 22:35:32,ENVIRONMENT,Sensors,PI_HARDWARE,26.16,26.36,-,18.4752,4.0276,+0.19,-,68.52,70.11,-,,
01/05/2026 22:36:05,ACTION,LSTM_AI,PI_HARDWARE,25.99,26.36,Set AC Fan to MEDIUM & Peltier ON,18.4842,4.0296,+0.12,114.8,67.31,68.64,24,,
01/05/2026 22:36:32,ENVIRONMENT,Sensors,PI_HARDWARE,25.88,26.31,-,18.492,4.0313,+0.07,-,66.38,67.51,-,,
01/05/2026 22:36:44,ACTION,LSTM_AI,PI_HARDWARE,25.79,26.31,Set AC Fan to LOW & Peltier OFF,18.4954,4.032,+0.03,113.9,66.02,67.08,26.66,,
01/05/2026 22:37:32,ENVIRONMENT,Sensors,PI_HARDWARE,25.67,26.19,-,18.4954,4.032,+0.02,-,70.26,65.2,-,,
01/05/2026 22:38:32,ENVIRONMENT,Sensors,PI_HARDWARE,25.8,26.04,-,18.4955,4.032,+0.08,-,71.64,64.63,-,,
01/05/2026 22:38:35,ACTION,LSTM_AI,PI_HARDWARE,25.81,26.04,Set AC Fan to MEDIUM & Peltier ON,18.4955,4.032,+0.09,114.1,71.82,64.76,24,,
01/05/2026 22:39:11,ACTION,LSTM_AI,PI_HARDWARE,25.77,26,Set AC Fan to LOW & Peltier OFF,18.5056,4.0342,+0.04,113.3,68.09,66.47,26.66,,
01/05/2026 22:39:32,ENVIRONMENT,Sensors,PI_HARDWARE,25.73,25.98,-,18.5056,4.0342,+0.05,-,70.8,67.49,-,,
01/05/2026 22:39:56,ACTION,LSTM_AI,PI_HARDWARE,25.83,25.95,Set AC Fan to MEDIUM & Peltier ON,18.5062,4.0343,+0.11,107.4,72.8,68.35,24,,
01/05/2026 22:40:14,ACTION,LSTM_AI,PI_HARDWARE,26.01,25.97,Set AC Fan to HIGH & Peltier ON,18.5112,4.0354,+0.16,113.3,71.33,68.97,24,,
01/05/2026 22:40:23,ACTION,LSTM_AI,PI_HARDWARE,25.99,25.98,Set AC Fan to MEDIUM & Peltier ON,18.5135,4.0359,+0.15,115.9,70.25,69.26,24,,
01/05/2026 22:40:32,ENVIRONMENT,Sensors,PI_HARDWARE,26,26.01,-,18.5162,4.0365,+0.14,-,69.67,69.58,-,,
01/05/2026 22:41:32,ENVIRONMENT,Sensors,PI_HARDWARE,25.92,26.06,-,18.533,4.0402,+0.11,-,69.55,70.81,-,,
01/05/2026 22:42:14,ACTION,LSTM_AI,PI_HARDWARE,26.02,26.09,Set AC Fan to HIGH & Peltier ON,18.5442,4.0426,+0.15,111,69.98,71.55,24,,
01/05/2026 22:42:32,ENVIRONMENT,Sensors,PI_HARDWARE,26.05,26.14,-,18.5498,4.0439,+0.17,-,70.52,71.95,-,,
01/05/2026 22:43:32,ENVIRONMENT,Sensors,PI_HARDWARE,26.31,26.22,-,18.5665,4.0475,+0.28,-,71.12,72.76,-,,
01/05/2026 22:44:34,ENVIRONMENT,Sensors,PI_HARDWARE,26.55,26.33,-,18.5836,4.0512,+0.37,-,71.42,73.48,-,,
01/05/2026 22:45:34,ENVIRONMENT,Sensors,PI_HARDWARE,26.63,26.43,-,18.6004,4.0549,+0.39,-,70.14,72.95,-,,
01/05/2026 22:46:34,ENVIRONMENT,Sensors,PI_HARDWARE,26.4,26.45,-,18.6171,4.0585,+0.29,-,68.56,70.49,-,,
01/05/2026 22:47:34,ENVIRONMENT,Sensors,PI_HARDWARE,26.04,26.38,-,18.6339,4.0622,+0.13,-,66.78,67.93,-,,
01/05/2026 22:47:39,ACTION,LSTM_AI,PI_HARDWARE,26,26.38,Set AC Fan to MEDIUM & Peltier ON,18.635,4.0624,+0.12,115.7,66.72,67.79,24,,
01/05/2026 22:48:21,ACTION,LSTM_AI,PI_HARDWARE,25.79,26.26,Set AC Fan to LOW & Peltier OFF,18.6467,4.065,+0.02,113.6,65.21,66.29,26.66,,
01/05/2026 22:48:34,ENVIRONMENT,Sensors,PI_HARDWARE,25.75,26.24,-,18.6468,4.065,+0.01,-,65.99,65.61,-,,
01/05/2026 22:49:34,ENVIRONMENT,Sensors,PI_HARDWARE,25.69,26.06,-,18.6469,4.065,+0.04,-,71.73,64.52,-,,
01/05/2026 22:49:57,ACTION,LSTM_AI,PI_HARDWARE,25.8,26,Set AC Fan to MEDIUM & Peltier ON,18.6469,4.065,+0.10,114.6,72.87,65.35,24,,
01/05/2026 22:50:34,ENVIRONMENT,Sensors,PI_HARDWARE,25.84,25.95,-,18.6575,4.0673,+0.07,-,68.32,67.16,-,,
01/05/2026 22:50:45,ACTION,LSTM_AI,PI_HARDWARE,25.79,25.95,Set AC Fan to LOW & Peltier OFF,18.6603,4.0679,+0.05,114.2,68.2,67.49,26.66,,
01/05/2026 22:51:03,ACTION,LSTM_AI,PI_HARDWARE,25.8,25.95,Set AC Fan to MEDIUM & Peltier ON,18.6603,4.068,+0.07,113.6,70.07,68.19,24,,
01/05/2026 22:51:34,ENVIRONMENT,Sensors,PI_HARDWARE,25.93,25.97,-,18.6693,4.0699,+0.12,-,69.49,69.38,-,,
01/05/2026 22:52:35,ENVIRONMENT,Sensors,PI_HARDWARE,25.92,26,-,18.686,4.0736,+0.11,-,69.43,70.82,-,,
01/05/2026 22:53:23,ACTION,USER,PI_HARDWARE,25.99,26.04,Set STATUS to OFF,18.6994,4.0765,+0.14,-,69.7,71.41,-,,
01/05/2026 22:53:26,ACTION,LSTM_AI,PI_HARDWARE,26.01,26.04,Set AC Fan to HIGH & Peltier ON,18.7,4.0766,+0.15,107.3,69.7,71.41,24,,
01/05/2026 22:53:34,ENVIRONMENT,Sensors,PI_HARDWARE,26.06,26.09,-,18.7028,4.0772,+0.17,-,70.13,71.93,-,,
01/05/2026 22:54:34,ENVIRONMENT,Sensors,PI_HARDWARE,26.28,26.18,-,18.7196,4.0809,+0.27,-,71.23,72.89,-,,
01/05/2026 22:55:34,ENVIRONMENT,Sensors,PI_HARDWARE,26.45,26.28,-,18.7363,4.0845,+0.34,-,72.1,73.62,-,,
01/05/2026 22:56:34,ENVIRONMENT,Sensors,PI_HARDWARE,26.5,26.36,-,18.7531,4.0882,+0.35,-,71.44,73.6,-,,
01/05/2026 22:57:34,ENVIRONMENT,Sensors,PI_HARDWARE,26.29,26.4,-,18.7699,4.0918,+0.25,-,69.6,71.26,-,,
01/05/2026 22:58:29,ACTION,LSTM_AI,PI_HARDWARE,25.95,26.38,Set AC Fan to MEDIUM & Peltier ON,18.785,4.0951,+0.11,107.8,67.83,69.15,24,,
01/05/2026 22:58:34,ENVIRONMENT,Sensors,PI_HARDWARE,25.93,26.36,-,18.7866,4.0955,+0.10,-,68.09,68.73,-,,
01/05/2026 22:58:56,ACTION,LSTM_AI,PI_HARDWARE,25.77,26.32,Set AC Fan to LOW & Peltier OFF,18.7922,4.0967,+0.04,114.5,67.16,67.79,26.66,,
01/05/2026 22:59:34,ENVIRONMENT,Sensors,PI_HARDWARE,25.61,26.22,-,18.7923,4.0967,+0.01,-,70.89,66.14,-,,
01/05/2026 23:00:35,ENVIRONMENT,Sensors,PI_HARDWARE,25.73,26.08,-,18.7924,4.0967,+0.07,-,72.85,65.28,-,,
01/05/2026 23:00:53,ACTION,LSTM_AI,PI_HARDWARE,25.81,26.05,Set AC Fan to MEDIUM & Peltier ON,18.7924,4.0967,+0.10,112.9,73.28,65.91,24,,
01/05/2026 23:01:32,ACTION,LSTM_AI,PI_HARDWARE,25.75,26,Set AC Fan to LOW & Peltier OFF,18.803,4.0991,+0.05,113.1,69.29,67.86,26.66,,
01/05/2026 23:01:36,ENVIRONMENT,Sensors,PI_HARDWARE,25.74,26,-,18.803,4.0991,+0.04,-,69.27,68.13,-,,
01/05/2026 23:02:14,ACTION,LSTM_AI,PI_HARDWARE,25.82,26.01,Set AC Fan to MEDIUM & Peltier ON,18.8036,4.0992,+0.11,113.2,74.02,69.51,24,,
01/05/2026 23:02:32,ACTION,LSTM_AI,PI_HARDWARE,26.01,26.01,Set AC Fan to HIGH & Peltier ON,18.8086,4.1003,+0.17,113.7,72.49,70,24,,
01/05/2026 23:02:36,ENVIRONMENT,Sensors,PI_HARDWARE,26.01,25.98,-,18.8098,4.1005,+0.16,-,71.74,70.23,-,,
01/05/2026 23:02:41,ACTION,LSTM_AI,PI_HARDWARE,25.99,26,Set AC Fan to MEDIUM & Peltier ON,18.8109,4.1008,+0.16,107.2,71.44,70.28,24,,
01/05/2026 23:03:36,ENVIRONMENT,Sensors,PI_HARDWARE,25.92,26.05,-,18.8265,4.1042,+0.12,-,70.22,71.53,-,,
01/05/2026 23:04:20,ACTION,LSTM_AI,PI_HARDWARE,26.01,26.14,Set AC Fan to HIGH & Peltier ON,18.8383,4.1067,+0.16,113.8,70.63,72.32,24,,
01/05/2026 23:04:36,ENVIRONMENT,Sensors,PI_HARDWARE,26.05,26.12,-,18.8433,4.1078,+0.17,-,70.97,72.52,-,,
01/05/2026 23:04:57,ACTION,USER,PI_HARDWARE,26.05,26.12,Set STATUS to OFF,18.8489,4.1091,+0.17,-,70.97,72.52,-,,
01/05/2026 23:05:36,ENVIRONMENT,Sensors,PI_HARDWARE,26.28,26.25,-,18.8601,4.1115,+0.27,-,71.75,73.43,-,,
01/05/2026 23:06:36,ENVIRONMENT,Sensors,PI_HARDWARE,26.44,26.35,-,18.8768,4.1152,+0.33,-,72.28,74.15,-,,
01/05/2026 23:07:36,ENVIRONMENT,Sensors,PI_HARDWARE,26.57,26.39,-,18.8936,4.1188,+0.37,-,70.9,73.58,-,,
01/05/2026 23:08:36,ENVIRONMENT,Sensors,PI_HARDWARE,26.39,26.42,-,18.9104,4.1225,+0.29,-,69.11,71.25,-,,
01/05/2026 23:09:33,ACTION,LSTM_AI,PI_HARDWARE,25.98,26.35,Set AC Fan to MEDIUM & Peltier ON,18.926,4.1259,+0.12,112,67.93,68.74,24,,
01/05/2026 23:09:36,ENVIRONMENT,Sensors,PI_HARDWARE,25.96,26.36,-,18.9271,4.1261,+0.11,-,67.72,68.5,-,,
01/05/2026 23:10:11,ACTION,LSTM_AI,PI_HARDWARE,25.76,26.28,Set AC Fan to LOW & Peltier OFF,18.9366,4.1282,+0.02,113.3,66.29,67.17,26.66,,
01/05/2026 23:10:36,ENVIRONMENT,Sensors,PI_HARDWARE,25.65,26.21,-,18.9367,4.1282,+0.00,-,68.88,66.19,-,,
01/05/2026 23:11:36,ENVIRONMENT,Sensors,PI_HARDWARE,25.59,26.04,-,18.9368,4.1282,+0.00,-,71.4,64.35,-,,
01/05/2026 23:12:35,ACTION,LSTM_AI,PI_HARDWARE,25.81,25.9,Set AC Fan to MEDIUM & Peltier ON,18.9368,4.1282,+0.11,110.2,73.55,66.61,24,,
01/05/2026 23:12:36,ENVIRONMENT,Sensors,PI_HARDWARE,25.81,25.91,-,18.9374,4.1284,+0.11,-,73.46,66.83,-,,
01/05/2026 23:13:11,ACTION,LSTM_AI,PI_HARDWARE,25.8,25.87,Set AC Fan to LOW & Peltier OFF,18.9469,4.1304,+0.07,107,69.65,68.55,26.66,,
01/05/2026 23:13:36,ENVIRONMENT,Sensors,PI_HARDWARE,25.73,25.88,-,18.9469,4.1304,+0.06,-,72.22,69.39,-,,
01/05/2026 23:13:56,ACTION,LSTM_AI,PI_HARDWARE,25.82,25.88,Set AC Fan to MEDIUM & Peltier ON,18.947,4.1304,+0.11,115.1,73.84,69.88,24,,
01/05/2026 23:14:36,ENVIRONMENT,Sensors,PI_HARDWARE,25.91,25.93,-,18.9587,4.133,+0.12,-,70.51,70.86,-,,
01/05/2026 23:15:36,ENVIRONMENT,Sensors,PI_HARDWARE,25.85,25.94,-,18.9755,4.1367,+0.09,-,70.59,72.16,-,,
01/05/2026 23:16:37,ENVIRONMENT,Sensors,PI_HARDWARE,25.99,26.01,-,18.9922,4.1403,+0.15,-,71.15,73.25,-,,
01/05/2026 23:16:41,ACTION,LSTM_AI,PI_HARDWARE,26.01,26.02,Set AC Fan to HIGH & Peltier ON,18.9933,4.1405,+0.16,107,71.2,73.27,24,,
01/05/2026 23:17:13,ACTION,USER,PI_HARDWARE,26.02,26.04,Set STATUS to OFF,19.0023,4.1425,+0.17,-,71.52,73.57,-,,
01/05/2026 23:17:38,ENVIRONMENT,Sensors,PI_HARDWARE,26.16,26.06,-,19.0093,4.144,+0.23,-,72.26,74.18,-,,
01/05/2026 23:18:36,ACTION,USER,PI_HARDWARE,26.27,26.14,Set STATUS to OFF,19.0255,4.1476,+0.27,-,72.34,74.59,-,,
01/05/2026 23:18:38,ENVIRONMENT,Sensors,PI_HARDWARE,26.27,26.14,-,19.026,4.1477,+0.27,-,72.34,74.59,-,,
01/05/2026 23:19:38,ENVIRONMENT,Sensors,PI_HARDWARE,26.14,26.18,-,19.0428,4.1513,+0.20,-,70.33,72.83,-,,
01/05/2026 23:19:56,ACTION,USER,PI_HARDWARE,26.14,26.18,Set STATUS to OFF,19.0478,4.1524,+0.20,-,70.33,72.83,-,,
01/05/2026 23:20:09,ACTION,LSTM_AI,PI_HARDWARE,25.95,26.15,Set AC Fan to MEDIUM & Peltier ON,19.0512,4.1532,+0.12,113.1,69.24,71.5,24,,
01/05/2026 23:20:38,ENVIRONMENT,Sensors,PI_HARDWARE,25.8,26.11,-,19.0596,4.155,+0.05,-,68.14,69.96,-,,
01/05/2026 23:20:39,ACTION,LSTM_AI,PI_HARDWARE,25.79,26.11,Set AC Fan to LOW & Peltier OFF,19.0596,4.155,+0.05,107.4,68.14,69.96,26.66,,
01/05/2026 23:21:38,ENVIRONMENT,Sensors,PI_HARDWARE,25.66,26.01,-,19.0597,4.155,+0.03,-,71.99,67.42,-,,
01/05/2026 23:22:38,ENVIRONMENT,Sensors,PI_HARDWARE,25.6,25.83,-,19.0597,4.155,0,-,70.5,65.14,-,,
01/05/2026 23:23:38,ENVIRONMENT,Sensors,PI_HARDWARE,25.54,25.66,-,19.0598,4.155,-0.01,-,72.01,66.07,-,,
01/05/2026 23:24:38,ENVIRONMENT,Sensors,PI_HARDWARE,25.61,25.6,-,19.0599,4.1551,+0.03,-,73.68,68.86,-,,
01/05/2026 23:25:38,ENVIRONMENT,Sensors,PI_HARDWARE,25.69,25.64,-,19.06,4.1551,+0.07,-,74.31,70.63,-,,
01/05/2026 23:26:38,ENVIRONMENT,Sensors,PI_HARDWARE,25.73,25.69,-,19.0601,4.1551,+0.09,-,75.25,72.11,-,,
01/05/2026 23:27:38,ENVIRONMENT,Sensors,PI_HARDWARE,25.79,25.77,-,19.0602,4.1551,+0.12,-,76.29,73.24,-,,
01/05/2026 23:28:09,ACTION,LSTM_AI,PI_HARDWARE,25.8,25.81,Set AC Fan to MEDIUM & Peltier ON,19.0602,4.1551,+0.13,113,76.6,73.74,24,,
01/05/2026 23:28:21,ACTION,LSTM_AI,PI_HARDWARE,25.79,25.85,Set AC Fan to LOW & Peltier OFF,19.0636,4.1559,+0.12,113.8,76.14,73.84,26.67,,
01/05/2026 23:28:38,ENVIRONMENT,Sensors,PI_HARDWARE,25.72,25.87,-,19.0636,4.1559,+0.09,-,75.87,74.07,-,,
01/05/2026 23:29:24,ACTION,LSTM_AI,PI_HARDWARE,25.83,25.95,Set AC Fan to MEDIUM & Peltier ON,19.0636,4.1559,+0.15,107.3,77.58,74.67,24,,
01/05/2026 23:29:38,ENVIRONMENT,Sensors,PI_HARDWARE,25.87,25.98,-,19.0681,4.1568,+0.15,-,76.66,74.87,-,,
01/05/2026 23:30:00,ACTION,LSTM_AI,PI_HARDWARE,25.8,25.98,Set AC Fan to LOW & Peltier OFF,19.0737,4.1581,+0.10,110.8,73.7,74.85,26.66,,
01/05/2026 23:30:38,ENVIRONMENT,Sensors,PI_HARDWARE,25.73,26.04,-,19.0738,4.1581,+0.10,-,76.02,73.63,-,,
01/05/2026 23:31:09,ACTION,LSTM_AI,PI_HARDWARE,25.82,26.02,Set AC Fan to MEDIUM & Peltier ON,19.0738,4.1581,+0.12,114.3,74.73,72.41,24,,
01/05/2026 23:31:39,ENVIRONMENT,Sensors,PI_HARDWARE,25.89,26.04,-,19.0822,4.1599,+0.11,-,70.53,71.17,-,,
01/05/2026 23:31:45,ACTION,LSTM_AI,PI_HARDWARE,25.8,26.01,Set AC Fan to LOW & Peltier OFF,19.0839,4.1603,+0.07,112.6,70.1,70.95,26.66,,
01/05/2026 23:32:38,ENVIRONMENT,Sensors,PI_HARDWARE,25.57,25.91,-,19.0839,4.1603,-0.01,-,70.91,68.62,-,,
01/05/2026 23:33:39,ENVIRONMENT,Sensors,PI_HARDWARE,25.68,25.78,-,19.084,4.1603,+0.05,-,72.33,67.85,-,,
01/05/2026 23:34:09,ACTION,LSTM_AI,PI_HARDWARE,25.8,25.73,Set AC Fan to MEDIUM & Peltier ON,19.0841,4.1603,+0.10,114.9,72.83,68.93,24,,
01/05/2026 23:34:39,ACTION,LSTM_AI,PI_HARDWARE,25.79,25.69,Set AC Fan to LOW & Peltier OFF,19.0924,4.1622,+0.08,116.3,71.02,70.05,26.66,,
01/05/2026 23:34:40,ENVIRONMENT,Sensors,PI_HARDWARE,25.79,25.7,-,19.0924,4.1622,+0.08,-,70.89,70.16,-,,
01/05/2026 23:35:30,ACTION,LSTM_AI,PI_HARDWARE,25.8,25.69,Set AC Fan to MEDIUM & Peltier ON,19.0925,4.1622,+0.11,112.1,74.27,71.72,24,,
01/05/2026 23:35:40,ENVIRONMENT,Sensors,PI_HARDWARE,25.9,25.7,-,19.0953,4.1628,+0.14,-,74.07,71.94,-,,
01/05/2026 23:36:30,ACTION,LSTM_AI,PI_HARDWARE,25.8,25.76,Set AC Fan to LOW & Peltier OFF,19.1093,4.1658,+0.08,113.2,71.37,73.1,26.66,,
01/05/2026 23:36:36,ACTION,LSTM_AI,PI_HARDWARE,25.8,25.76,Set AC Fan to MEDIUM & Peltier ON,19.1093,4.1658,+0.09,114.4,71.46,73.25,24,,
01/05/2026 23:36:40,ENVIRONMENT,Sensors,PI_HARDWARE,25.82,25.77,-,19.1104,4.1661,+0.10,-,72.1,73.37,-,,
01/05/2026 23:37:40,ENVIRONMENT,Sensors,PI_HARDWARE,25.87,25.87,-,19.1272,4.1697,+0.11,-,71.9,74.3,-,,
01/05/2026 23:38:36,ACTION,LSTM_AI,PI_HARDWARE,26.01,25.91,Set AC Fan to HIGH & Peltier ON,19.1428,4.1731,+0.17,114.4,72.29,75.01,24,,
01/05/2026 23:38:40,ENVIRONMENT,Sensors,PI_HARDWARE,26.02,25.95,-,19.1439,4.1734,+0.17,-,72.3,75.1,-,,
01/05/2026 23:39:40,ENVIRONMENT,Sensors,PI_HARDWARE,26.2,26.02,-,19.1607,4.177,+0.25,-,73.26,75.74,-,,
01/05/2026 23:40:40,ENVIRONMENT,Sensors,PI_HARDWARE,26.26,26.11,-,19.1775,4.1807,+0.26,-,71.75,75.04,-,,
01/05/2026 23:41:40,ENVIRONMENT,Sensors,PI_HARDWARE,26.03,26.11,-,19.1942,4.1843,+0.16,-,70.23,72.74,-,,
01/05/2026 23:41:48,ACTION,LSTM_AI,PI_HARDWARE,25.97,26.12,Set AC Fan to MEDIUM & Peltier ON,19.1965,4.1848,+0.13,116.9,69.9,72.42,24,,
01/05/2026 23:42:21,ACTION,LSTM_AI,PI_HARDWARE,25.79,26.06,Set AC Fan to LOW & Peltier OFF,19.2054,4.1868,+0.05,113.9,68.33,70.95,26.66,,
01/05/2026 23:42:40,ENVIRONMENT,Sensors,PI_HARDWARE,25.73,26.02,-,19.2055,4.1868,+0.04,-,70.33,69.88,-,,
01/05/2026 23:43:40,ENVIRONMENT,Sensors,PI_HARDWARE,25.66,25.9,-,19.2055,4.1868,+0.05,-,73.53,67.53,-,,
01/05/2026 23:44:34,ACTION,LSTM_AI,PI_HARDWARE,25.8,25.81,Set AC Fan to MEDIUM & Peltier ON,19.2056,4.1868,+0.11,113.3,74.68,68.76,24,,
01/05/2026 23:44:40,ENVIRONMENT,Sensors,PI_HARDWARE,25.84,25.78,-,19.2078,4.1873,+0.12,-,74.47,69.08,-,,
01/05/2026 23:45:00,ACTION,LSTM_AI,PI_HARDWARE,25.79,25.76,Set AC Fan to LOW & Peltier OFF,19.2134,4.1885,+0.08,114.4,71.42,69.97,26.66,,
01/05/2026 23:45:40,ENVIRONMENT,Sensors,PI_HARDWARE,25.76,25.77,-,19.2135,4.1885,+0.10,-,75.05,71.4,-,,
01/05/2026 23:45:49,ACTION,LSTM_AI,PI_HARDWARE,25.8,25.77,Set AC Fan to MEDIUM & Peltier ON,19.2135,4.1885,+0.12,112.8,75.33,71.54,24,,
01/05/2026 23:46:40,ENVIRONMENT,Sensors,PI_HARDWARE,25.84,25.77,-,19.228,4.1917,+0.10,-,71.45,72.9,-,,
01/05/2026 23:46:54,ACTION,LSTM_AI,PI_HARDWARE,25.8,25.81,Set AC Fan to LOW & Peltier OFF,19.2319,4.1926,+0.08,117.7,71.47,73.21,26.66,,
01/05/2026 23:46:58,ACTION,LSTM_AI,PI_HARDWARE,25.81,25.78,Set AC Fan to MEDIUM & Peltier ON,19.2319,4.1926,+0.09,107.5,71.47,73.28,24,,
01/05/2026 23:47:40,ENVIRONMENT,Sensors,PI_HARDWARE,25.85,25.84,-,19.2442,4.1952,+0.11,-,71.85,74.02,-,,
01/05/2026 23:48:40,ENVIRONMENT,Sensors,PI_HARDWARE,25.98,25.9,-,19.261,4.1989,+0.16,-,72.21,74.91,-,,
01/05/2026 23:48:49,ACTION,LSTM_AI,PI_HARDWARE,26.01,25.91,Set AC Fan to HIGH & Peltier ON,19.2632,4.1994,+0.17,113.7,72.22,75,24,,
01/05/2026 23:49:23,ACTION,USER,PI_HARDWARE,26.03,25.93,Set STATUS to OFF,19.2727,4.2015,+0.18,-,72.48,75.14,-,,
01/05/2026 23:49:41,ENVIRONMENT,Sensors,PI_HARDWARE,26.16,25.98,-,19.2778,4.2026,+0.24,-,73.17,75.63,-,,
01/05/2026 23:50:41,ENVIRONMENT,Sensors,PI_HARDWARE,26.31,26.08,-,19.2945,4.2062,+0.29,-,72.82,76.05,-,,
01/05/2026 23:51:42,ENVIRONMENT,Sensors,PI_HARDWARE,26.16,26.11,-,19.3116,4.2099,+0.22,-,70.96,74.1,-,,
01/05/2026 23:52:13,ACTION,LSTM_AI,PI_HARDWARE,25.98,26.09,Set AC Fan to MEDIUM & Peltier ON,19.32,4.2118,+0.14,107.3,70.13,72.8,24,,
01/05/2026 23:52:42,ENVIRONMENT,Sensors,PI_HARDWARE,25.85,26.08,-,19.3284,4.2136,+0.08,-,68.84,71.34,-,,
01/05/2026 23:52:49,ACTION,LSTM_AI,PI_HARDWARE,25.8,26.08,Set AC Fan to LOW & Peltier OFF,19.33,4.2139,+0.06,113.7,68.67,71.22,26.66,,
01/05/2026 23:53:42,ENVIRONMENT,Sensors,PI_HARDWARE,25.64,25.95,-,19.3301,4.214,+0.04,-,73.04,68.62,-,,
01/05/2026 23:54:42,ENVIRONMENT,Sensors,PI_HARDWARE,25.68,25.81,-,19.3302,4.214,+0.06,-,74.36,67.95,-,,
01/05/2026 23:55:42,ENVIRONMENT,Sensors,PI_HARDWARE,25.8,25.71,-,19.3303,4.214,+0.12,-,75.29,70.4,-,,
01/05/2026 23:55:52,ACTION,LSTM_AI,PI_HARDWARE,25.81,25.7,Set AC Fan to MEDIUM & Peltier ON,19.3303,4.214,+0.12,115.9,75.39,70.8,24,,
01/05/2026 23:56:19,ACTION,LSTM_AI,PI_HARDWARE,25.8,25.69,Set AC Fan to LOW & Peltier OFF,19.3376,4.2156,+0.09,113.3,72.35,71.61,26.66,,
01/05/2026 23:56:42,ENVIRONMENT,Sensors,PI_HARDWARE,25.75,25.69,-,19.3376,4.2156,+0.08,-,73.89,72.24,-,,
01/05/2026 23:57:10,ACTION,LSTM_AI,PI_HARDWARE,25.82,25.69,Set AC Fan to MEDIUM & Peltier ON,19.3376,4.2156,+0.13,113.2,75.89,72.92,24,,
01/05/2026 23:57:42,ENVIRONMENT,Sensors,PI_HARDWARE,25.94,25.73,-,19.3466,4.2176,+0.15,-,72.81,73.59,-,,
01/05/2026 23:58:42,ENVIRONMENT,Sensors,PI_HARDWARE,25.83,25.8,-,19.3633,4.2212,+0.10,-,72.12,74.61,-,,
01/05/2026 23:59:42,ENVIRONMENT,Sensors,PI_HARDWARE,25.96,25.87,-,19.3801,4.2249,+0.15,-,72.54,75.43,-,,
01/05/2026 23:59:59,ACTION,LSTM_AI,PI_HARDWARE,26,25.88,Set AC Fan to HIGH & Peltier ON,19.3846,4.2258,+0.17,116.1,72.57,75.63,24,,
02/05/2026 00:00:42,ENVIRONMENT,Sensors,PI_HARDWARE,26.14,25.95,-,19.3969,4.2285,+0.23,-,73.3,76.08,-,,
02/05/2026 00:01:42,ENVIRONMENT,Sensors,PI_HARDWARE,26.24,26.01,-,19.4136,4.2322,+0.26,-,71.83,75.55,-,,
02/05/2026 00:02:21,ACTION,USER,PI_HARDWARE,26.21,26.04,Set STATUS to OFF,19.4242,4.2345,+0.24,-,71.51,74.85,-,,
02/05/2026 00:02:43,ENVIRONMENT,Sensors,PI_HARDWARE,26.01,26.04,-,19.4304,4.2358,+0.15,-,70.29,73.03,-,,
02/05/2026 00:02:48,ACTION,LSTM_AI,PI_HARDWARE,26,26.02,Set AC Fan to MEDIUM & Peltier ON,19.4315,4.2361,+0.15,115.9,70.19,72.92,24,,
02/05/2026 00:03:24,ACTION,LSTM_AI,PI_HARDWARE,25.8,26,Set AC Fan to LOW & Peltier OFF,19.4416,4.2383,+0.06,114.7,68.52,71.24,26.66,,
02/05/2026 00:03:42,ENVIRONMENT,Sensors,PI_HARDWARE,25.73,25.95,-,19.4416,4.2383,+0.04,-,70.2,70.24,-,,
02/05/2026 00:04:42,ENVIRONMENT,Sensors,PI_HARDWARE,25.59,25.81,-,19.4417,4.2383,+0.02,-,73.3,67.59,-,,
02/05/2026 19:08:25,SYSTEM,BOOT,PI_HARDWARE,24,24,--- Raspberry Pi AI Master Started ---,19.5087,4.2529,-0.77,-,50,50,-,,
02/05/2026 19:08:28,ACTION,LSTM_AI,PI_HARDWARE,27.62,24,Set AC Fan to HIGH & Peltier ON,19.5087,4.2529,+0.57,408.5,50,50,24,,
02/05/2026 19:09:18,ACTION,LSTM_AI,PI_HARDWARE,25.99,26.98,Set AC Fan to MEDIUM & Peltier ON,19.5229,4.256,+0.03,107.2,57.22,55.48,24,,
02/05/2026 19:09:26,ENVIRONMENT,Sensors,PI_HARDWARE,25.79,26.79,-,19.5252,4.2565,-0.04,-,57.79,55.44,-,,
02/05/2026 19:09:27,ACTION,LSTM_AI,PI_HARDWARE,25.7,26.79,Set AC Fan to LOW & Peltier OFF,19.5252,4.2565,-0.07,115.3,57.79,55.44,26.67,,
02/05/2026 19:10:24,ACTION,LSTM_AI,PI_HARDWARE,25.82,26.52,Set AC Fan to MEDIUM & Peltier ON,19.5252,4.2565,-0.03,107.6,57.47,55.5,24,,
02/05/2026 19:10:26,ENVIRONMENT,Sensors,PI_HARDWARE,25.82,26.52,-,19.5258,4.2566,-0.03,-,57.37,55.51,-,,
02/05/2026 19:10:51,ACTION,LSTM_AI,PI_HARDWARE,25.79,26.42,Set AC Fan to LOW & Peltier OFF,19.5325,4.2581,-0.05,107.6,56.85,55.45,26.66,,
02/05/2026 19:11:26,ENVIRONMENT,Sensors,PI_HARDWARE,25.67,26.25,-,19.5326,4.2581,-0.09,-,56.88,55.45,-,,
02/05/2026 19:11:45,ACTION,LSTM_AI,PI_HARDWARE,25.84,26.18,Set AC Fan to MEDIUM & Peltier ON,19.5326,4.2581,-0.03,112.9,56.41,55.43,24,,
02/05/2026 19:12:12,ACTION,LSTM_AI,PI_HARDWARE,25.74,26.09,Set AC Fan to LOW & Peltier OFF,19.5404,4.2598,-0.07,107.2,56.03,55.42,26.66,,
02/05/2026 19:12:26,ENVIRONMENT,Sensors,PI_HARDWARE,25.57,26.04,-,19.5404,4.2598,-0.13,-,56.49,55.39,-,,
02/05/2026 19:13:18,ACTION,LSTM_AI,PI_HARDWARE,25.85,25.84,Set AC Fan to MEDIUM & Peltier ON,19.5405,4.2598,-0.04,106.6,55.63,55.35,24,,
02/05/2026 19:13:26,ENVIRONMENT,Sensors,PI_HARDWARE,25.91,25.84,-,19.5427,4.2603,-0.01,-,56.23,55.47,-,,
02/05/2026 19:13:51,ACTION,LSTM_AI,PI_HARDWARE,25.74,25.77,Set AC Fan to LOW & Peltier OFF,19.5494,4.2618,-0.05,107.4,58.42,56.82,26.66,,
02/05/2026 19:14:26,ENVIRONMENT,Sensors,PI_HARDWARE,25.72,25.7,-,19.5495,4.2618,-0.04,-,60.94,59.23,-,,
02/05/2026 19:14:33,ACTION,LSTM_AI,PI_HARDWARE,25.82,25.73,Set AC Fan to MEDIUM & Peltier ON,19.5495,4.2618,+0.00,127.5,61.24,59.64,24,,
02/05/2026 19:15:15,ACTION,LSTM_AI,PI_HARDWARE,25.79,25.8,Set AC Fan to LOW & Peltier OFF,19.5612,4.2643,+0.01,107.2,63.37,62.16,26.66,,
02/05/2026 19:15:26,ENVIRONMENT,Sensors,PI_HARDWARE,25.69,25.8,-,19.5612,4.2644,-0.02,-,64.5,62.78,-,,
02/05/2026 19:15:45,ACTION,LSTM_AI,PI_HARDWARE,25.82,25.85,Set AC Fan to MEDIUM & Peltier ON,19.5613,4.2644,+0.03,114.2,64.83,63.36,24,,
02/05/2026 19:16:03,ACTION,LSTM_AI,PI_HARDWARE,26.02,25.9,Set AC Fan to HIGH & Peltier ON,19.5663,4.2655,+0.11,112.4,64.73,64,24,,
02/05/2026 19:16:12,ACTION,LSTM_AI,PI_HARDWARE,25.99,25.9,Set AC Fan to MEDIUM & Peltier ON,19.5691,4.2661,+0.10,107.2,64.96,64.25,24,,
02/05/2026 19:16:26,ENVIRONMENT,Sensors,PI_HARDWARE,25.9,25.97,-,19.573,4.2669,+0.07,-,65.73,64.67,-,,
02/05/2026 19:16:39,ACTION,LSTM_AI,PI_HARDWARE,25.79,26.01,Set AC Fan to LOW & Peltier OFF,19.5764,4.2676,+0.03,107.3,66.13,65.12,26.66,,
02/05/2026 19:17:00,ACTION,LSTM_AI,PI_HARDWARE,25.81,26.12,Set AC Fan to MEDIUM & Peltier ON,19.5764,4.2677,+0.06,107.1,68.58,65.76,24,,
02/05/2026 19:17:24,ACTION,LSTM_AI,PI_HARDWARE,26.01,26.24,Set AC Fan to HIGH & Peltier ON,19.5831,4.2691,+0.13,106.9,67.7,66.33,24,,
02/05/2026 19:17:26,ENVIRONMENT,Sensors,PI_HARDWARE,26.01,26.22,-,19.5837,4.2692,+0.13,-,67.52,66.35,-,,
02/05/2026 19:17:30,ACTION,LSTM_AI,PI_HARDWARE,25.99,26.22,Set AC Fan to MEDIUM & Peltier ON,19.5848,4.2695,+0.12,106.8,67.52,66.35,24,,
02/05/2026 19:18:26,ENVIRONMENT,Sensors,PI_HARDWARE,25.84,26.4,-,19.6004,4.2729,+0.07,-,68.46,67.58,-,,
02/05/2026 19:19:06,ACTION,LSTM_AI,PI_HARDWARE,26.05,26.59,Set AC Fan to HIGH & Peltier ON,19.6116,4.2753,+0.14,106.8,67.66,67.55,24,,
02/05/2026 19:19:26,ENVIRONMENT,Sensors,PI_HARDWARE,26.04,26.64,-,19.6172,4.2765,+0.13,-,66.83,66.66,-,,
02/05/2026 19:19:36,ACTION,LSTM_AI,PI_HARDWARE,25.99,26.69,Set AC Fan to MEDIUM & Peltier ON,19.62,4.2772,+0.12,107.2,66.78,66.25,24,,
02/05/2026 19:20:24,ACTION,LSTM_AI,PI_HARDWARE,25.77,26.73,Set AC Fan to LOW & Peltier OFF,19.6334,4.2801,+0.02,108.1,65.54,64.68,26.66,,
02/05/2026 19:20:26,ENVIRONMENT,Sensors,PI_HARDWARE,25.77,26.74,-,19.6334,4.2801,+0.02,-,65.45,64.55,-,,
02/05/2026 19:20:54,ACTION,LSTM_AI,PI_HARDWARE,25.82,26.72,Set AC Fan to MEDIUM & Peltier ON,19.6334,4.2801,+0.06,107.1,68.37,63.9,24,,
02/05/2026 19:21:21,ACTION,LSTM_AI,PI_HARDWARE,25.76,26.67,Set AC Fan to LOW & Peltier OFF,19.6407,4.2817,+0.02,109.5,65.77,63.35,26.66,,
02/05/2026 19:21:26,ENVIRONMENT,Sensors,PI_HARDWARE,25.7,26.69,-,19.6407,4.2817,-0.01,-,65.32,63.13,-,,
02/05/2026 19:22:18,ACTION,LSTM_AI,PI_HARDWARE,25.84,26.53,Set AC Fan to MEDIUM & Peltier ON,19.6408,4.2817,+0.05,111.5,65.63,61.93,24,,
02/05/2026 19:22:26,ENVIRONMENT,Sensors,PI_HARDWARE,25.88,26.55,-,19.643,4.2822,+0.06,-,64.87,61.75,-,,
02/05/2026 19:22:42,ACTION,LSTM_AI,PI_HARDWARE,25.79,26.5,Set AC Fan to LOW & Peltier OFF,19.6475,4.2832,+0.01,108.8,63.13,61.38,26.66,,
02/05/2026 19:23:26,ENVIRONMENT,Sensors,PI_HARDWARE,25.73,26.39,-,19.6475,4.2832,-0.02,-,62.32,60.56,-,,
02/05/2026 19:23:36,ACTION,LSTM_AI,PI_HARDWARE,25.83,26.35,Set AC Fan to MEDIUM & Peltier ON,19.6476,4.2832,+0.01,110,61.71,60.43,24,,
02/05/2026 19:24:03,ACTION,LSTM_AI,PI_HARDWARE,25.76,26.26,Set AC Fan to LOW & Peltier OFF,19.6548,4.2848,-0.03,107.2,60.51,59.77,26.66,,
02/05/2026 19:24:26,ENVIRONMENT,Sensors,PI_HARDWARE,25.59,26.21,-,19.6549,4.2848,-0.09,-,60.65,59.24,-,,
02/05/2026 19:25:07,ACTION,LSTM_AI,PI_HARDWARE,25.81,26.12,Set AC Fan to MEDIUM & Peltier ON,19.6555,4.2849,-0.02,107.2,59.13,58.67,24,,
02/05/2026 19:25:26,ENVIRONMENT,Sensors,PI_HARDWARE,25.87,26.05,-,19.6611,4.2861,-0.01,-,58.5,58.38,-,,
02/05/2026 19:25:30,ACTION,LSTM_AI,PI_HARDWARE,25.79,26.05,Set AC Fan to LOW & Peltier OFF,19.6616,4.2862,-0.04,106.9,58.5,58.31,26.66,,
02/05/2026 19:26:26,ENVIRONMENT,Sensors,PI_HARDWARE,25.74,25.87,-,19.6617,4.2862,-0.06,-,57.33,57.56,-,,
02/05/2026 19:26:37,ACTION,LSTM_AI,PI_HARDWARE,25.82,25.87,Set AC Fan to MEDIUM & Peltier ON,19.6623,4.2864,-0.03,107.8,57.26,57.42,24,,
02/05/2026 19:27:00,ACTION,LSTM_AI,PI_HARDWARE,25.75,25.83,Set AC Fan to LOW & Peltier OFF,19.6684,4.2877,-0.06,113.1,56.88,57.2,26.66,,
02/05/2026 19:27:27,ENVIRONMENT,Sensors,PI_HARDWARE,25.5,25.73,-,19.6684,4.2877,-0.16,-,57.08,56.83,-,,
02/05/2026 19:28:26,ENVIRONMENT,Sensors,PI_HARDWARE,25.76,25.57,-,19.6685,4.2877,-0.07,-,55.9,56.26,-,,
02/05/2026 19:28:34,ACTION,LSTM_AI,PI_HARDWARE,25.82,25.59,Set AC Fan to MEDIUM & Peltier ON,19.6685,4.2877,-0.05,107,56.13,56.35,24,,
02/05/2026 19:29:02,ACTION,LSTM_AI,PI_HARDWARE,25.77,25.51,Set AC Fan to LOW & Peltier OFF,19.6761,4.2894,-0.04,107.2,57.99,57.46,26.66,,
02/05/2026 19:29:28,ENVIRONMENT,Sensors,PI_HARDWARE,25.56,25.45,-,19.6761,4.2894,-0.1,-,61.1,59.49,-,,
02/05/2026 19:29:58,ACTION,LSTM_AI,PI_HARDWARE,25.86,25.47,Set AC Fan to MEDIUM & Peltier ON,19.6762,4.2894,+0.02,107.5,61.54,60.98,24,,
02/05/2026 19:30:28,ENVIRONMENT,Sensors,PI_HARDWARE,25.84,25.51,-,19.6851,4.2914,+0.03,-,63.02,62.49,-,,
02/05/2026 19:30:37,ACTION,LSTM_AI,PI_HARDWARE,25.7,25.56,Set AC Fan to LOW & Peltier OFF,19.6873,4.2918,-0.03,107,63.51,62.87,26.66,,
02/05/2026 19:31:20,ACTION,LSTM_AI,PI_HARDWARE,25.82,25.63,Set AC Fan to MEDIUM & Peltier ON,19.6874,4.2919,+0.03,107.2,64.93,64.32,24,,
02/05/2026 19:31:28,ENVIRONMENT,Sensors,PI_HARDWARE,25.95,25.7,-,19.6902,4.2925,+0.08,-,64.73,64.62,-,,
02/05/2026 19:32:01,ACTION,LSTM_AI,PI_HARDWARE,25.77,25.78,Set AC Fan to LOW & Peltier OFF,19.6991,4.2944,+0.02,106.8,65.96,65.51,26.66,,
02/05/2026 19:32:25,ACTION,LSTM_AI,PI_HARDWARE,25.8,25.87,Set AC Fan to MEDIUM & Peltier ON,19.6992,4.2944,+0.05,107.2,67.61,66.07,24,,
02/05/2026 19:32:28,ENVIRONMENT,Sensors,PI_HARDWARE,25.83,25.87,-,19.7003,4.2947,+0.06,-,67.39,66.18,-,,
02/05/2026 19:33:05,ACTION,LSTM_AI,PI_HARDWARE,25.77,25.98,Set AC Fan to LOW & Peltier OFF,19.7098,4.2967,+0.04,113.8,67.5,66.75,26.66,,
02/05/2026 19:33:25,ACTION,LSTM_AI,PI_HARDWARE,25.85,26.06,Set AC Fan to MEDIUM & Peltier ON,19.7098,4.2967,+0.09,113,69.68,67.35,24,,
02/05/2026 19:33:28,ENVIRONMENT,Sensors,PI_HARDWARE,25.88,26.06,-,19.7109,4.297,+0.10,-,70.01,67.37,-,,
02/05/2026 19:34:28,ENVIRONMENT,Sensors,PI_HARDWARE,25.92,26.18,-,19.7277,4.3006,+0.10,-,68.64,67.92,-,,
02/05/2026 19:34:31,ACTION,USER,PI_HARDWARE,25.92,26.18,Set STATUS to OFF,19.7282,4.3008,+0.10,-,68.64,67.92,-,,
02/05/2026 19:35:07,ACTION,USER,PI_HARDWARE,25.92,26.18,Set STATUS to OFF,19.7383,4.303,+0.10,-,68.64,67.92,-,,
02/05/2026 19:35:15,ACTION,LSTM_AI,PI_HARDWARE,25.7,26.38,Set AC Fan to LOW & Peltier OFF,19.7405,4.3034,+0.01,107.2,67.56,67.15,26.66,,
02/05/2026 19:35:28,ENVIRONMENT,Sensors,PI_HARDWARE,25.53,26.4,-,19.7406,4.3034,-0.04,-,68.54,66.76,-,,
02/05/2026 19:35:57,ACTION,LSTM_AI,PI_HARDWARE,25.83,26.4,Set AC Fan to MEDIUM & Peltier ON,19.7406,4.3035,+0.09,107.6,70.32,65.76,24,,
02/05/2026 19:36:25,ACTION,LSTM_AI,PI_HARDWARE,25.76,26.42,Set AC Fan to LOW & Peltier OFF,19.7484,4.3052,+0.02,106.9,66.28,64.43,26.66,,
02/05/2026 19:36:29,ENVIRONMENT,Sensors,PI_HARDWARE,25.72,26.42,-,19.7484,4.3052,0,-,65.52,64.25,-,,
02/05/2026 19:37:12,ACTION,LSTM_AI,PI_HARDWARE,25.81,26.39,Set AC Fan to MEDIUM & Peltier ON,19.7485,4.3052,+0.03,107.4,64.52,62.71,24,,
02/05/2026 19:37:28,ENVIRONMENT,Sensors,PI_HARDWARE,25.92,26.33,-,19.753,4.3061,+0.05,-,62.98,62.06,-,,
02/05/2026 19:37:39,ACTION,LSTM_AI,PI_HARDWARE,25.78,26.32,Set AC Fan to LOW & Peltier OFF,19.7558,4.3068,0,107.2,62.46,61.86,26.66,,
02/05/2026 19:38:28,ENVIRONMENT,Sensors,PI_HARDWARE,25.77,26.19,-,19.7558,4.3068,-0.02,-,61.25,60.74,-,,
02/05/2026 19:38:33,ACTION,LSTM_AI,PI_HARDWARE,25.81,26.19,Set AC Fan to MEDIUM & Peltier ON,19.7558,4.3068,0,107.1,61.12,60.68,24,,
02/05/2026 19:38:57,ACTION,LSTM_AI,PI_HARDWARE,25.79,26.14,Set AC Fan to LOW & Peltier OFF,19.7625,4.3082,-0.02,107.2,60.08,60.1,26.66,,
02/05/2026 19:39:28,ENVIRONMENT,Sensors,PI_HARDWARE,25.61,26.01,-,19.7626,4.3082,-0.09,-,60.19,59.62,-,,
02/05/2026 19:39:57,ACTION,LSTM_AI,PI_HARDWARE,25.81,25.95,Set AC Fan to MEDIUM & Peltier ON,19.7626,4.3083,-0.02,106.9,58.94,59.1,24,,
02/05/2026 19:40:18,ACTION,LSTM_AI,PI_HARDWARE,25.79,25.91,Set AC Fan to LOW & Peltier OFF,19.7688,4.3096,-0.04,107.4,58.33,58.91,26.66,,
02/05/2026 19:40:28,ENVIRONMENT,Sensors,PI_HARDWARE,25.66,25.84,-,19.7688,4.3096,-0.08,-,58.55,58.54,-,,
02/05/2026 19:41:28,ENVIRONMENT,Sensors,PI_HARDWARE,25.77,25.69,-,19.7689,4.3096,-0.05,-,57.29,57.85,-,,
02/05/2026 19:41:33,ACTION,LSTM_AI,PI_HARDWARE,25.81,25.69,Set AC Fan to MEDIUM & Peltier ON,19.7689,4.3096,-0.04,107.4,57.15,57.83,24,,
02/05/2026 19:41:54,ACTION,LSTM_AI,PI_HARDWARE,25.77,25.63,Set AC Fan to LOW & Peltier OFF,19.775,4.311,-0.06,107.7,56.61,57.55,26.67,,
02/05/2026 19:42:28,ENVIRONMENT,Sensors,PI_HARDWARE,25.52,25.53,-,19.7751,4.311,-0.15,-,57.01,57.22,-,,
02/05/2026 19:43:28,ACTION,LSTM_AI,PI_HARDWARE,25.84,25.4,Set AC Fan to MEDIUM & Peltier ON,19.7751,4.311,-0.02,107.4,57.73,57.46,24,,
02/05/2026 19:43:28,ENVIRONMENT,Sensors,PI_HARDWARE,25.84,25.39,-,19.7757,4.3111,-0.02,-,57.91,57.64,-,,
02/05/2026 19:43:51,ACTION,LSTM_AI,PI_HARDWARE,25.8,25.39,Set AC Fan to LOW & Peltier OFF,19.7818,4.3124,-0.02,106.9,59.87,59.08,26.66,,
02/05/2026 19:44:28,ENVIRONMENT,Sensors,PI_HARDWARE,25.68,25.36,-,19.7819,4.3125,-0.04,-,62.64,61.86,-,,
02/05/2026 19:44:43,ACTION,LSTM_AI,PI_HARDWARE,25.81,25.38,Set AC Fan to MEDIUM & Peltier ON,19.7819,4.3125,+0.01,107.1,62.68,62.4,24,,
02/05/2026 19:45:13,ACTION,LSTM_AI,PI_HARDWARE,25.79,25.43,Set AC Fan to LOW & Peltier OFF,19.7903,4.3143,+0.01,107.2,63.98,63.96,26.66,,
02/05/2026 19:45:28,ENVIRONMENT,Sensors,PI_HARDWARE,25.66,25.45,-,19.7903,4.3143,-0.03,-,65.17,64.55,-,,
02/05/2026 19:45:52,ACTION,LSTM_AI,PI_HARDWARE,25.82,25.53,Set AC Fan to MEDIUM & Peltier ON,19.7904,4.3143,+0.03,107.1,65.2,65.11,24,,
02/05/2026 19:46:24,ACTION,USER,PI_HARDWARE,25.95,25.59,Set STATUS to OFF,19.7993,4.3162,+0.09,-,65.52,65.69,-,,
02/05/2026 19:46:29,ENVIRONMENT,Sensors,PI_HARDWARE,25.88,25.59,-,19.801,4.3166,+0.07,-,66.36,66.2,-,,
02/05/2026 19:46:37,ACTION,LSTM_AI,PI_HARDWARE,25.65,25.59,Set AC Fan to LOW & Peltier OFF,19.8026,4.317,-0.02,107.3,66.57,66.36,26.66,,
02/05/2026 19:47:15,ACTION,LSTM_AI,PI_HARDWARE,25.81,25.77,Set AC Fan to MEDIUM & Peltier ON,19.8027,4.317,+0.06,106.8,68.19,67.15,24,,
02/05/2026 19:47:28,ENVIRONMENT,Sensors,PI_HARDWARE,25.98,25.84,-,19.8066,4.3178,+0.12,-,67.65,67.39,-,,
02/05/2026 19:47:33,ACTION,LSTM_AI,PI_HARDWARE,26.02,25.84,Set AC Fan to HIGH & Peltier ON,19.8077,4.3181,+0.13,107.1,67.74,67.39,24,,
02/05/2026 19:47:42,ACTION,LSTM_AI,PI_HARDWARE,25.98,25.84,Set AC Fan to MEDIUM & Peltier ON,19.81,4.3186,+0.12,107.4,68.2,67.39,24,,
02/05/2026 19:48:06,ACTION,LSTM_AI,PI_HARDWARE,25.76,25.94,Set AC Fan to LOW & Peltier OFF,19.8167,4.32,+0.04,108.1,68.62,68.44,26.66,,
02/05/2026 19:48:28,ENVIRONMENT,Sensors,PI_HARDWARE,25.83,26.04,-,19.8167,4.32,+0.09,-,71.4,69.08,-,,
02/05/2026 19:48:30,ACTION,LSTM_AI,PI_HARDWARE,25.86,26.04,Set AC Fan to MEDIUM & Peltier ON,19.8167,4.32,+0.11,107.2,71.4,69.08,24,,
02/05/2026 19:48:45,ACTION,LSTM_AI,PI_HARDWARE,26.02,26.09,Set AC Fan to HIGH & Peltier ON,19.8212,4.321,+0.16,107.5,71.11,69.37,24,,
02/05/2026 19:49:09,ACTION,LSTM_AI,PI_HARDWARE,25.97,26.18,Set AC Fan to MEDIUM & Peltier ON,19.8279,4.3225,+0.14,107.5,70.05,69.95,24,,
02/05/2026 19:49:29,ENVIRONMENT,Sensors,PI_HARDWARE,25.89,26.24,-,19.8335,4.3237,+0.10,-,69.47,70.07,-,,
02/05/2026 19:49:51,ACTION,LSTM_AI,PI_HARDWARE,25.8,26.32,Set AC Fan to LOW & Peltier OFF,19.8396,4.325,+0.06,107.2,68.81,69.6,26.66,,
02/05/2026 19:50:00,ACTION,LSTM_AI,PI_HARDWARE,25.8,26.35,Set AC Fan to MEDIUM & Peltier ON,19.8396,4.325,+0.06,107.6,68.84,69.27,24,,
02/05/2026 19:50:27,ACTION,LSTM_AI,PI_HARDWARE,25.8,26.39,Set AC Fan to LOW & Peltier OFF,19.8472,4.3267,+0.06,115,68.34,68.24,26.66,,
02/05/2026 19:50:30,ENVIRONMENT,Sensors,PI_HARDWARE,25.8,26.39,-,19.8472,4.3267,+0.05,-,68.1,68.24,-,,
02/05/2026 19:50:39,ACTION,LSTM_AI,PI_HARDWARE,25.8,26.42,Set AC Fan to MEDIUM & Peltier ON,19.8472,4.3267,+0.06,114.9,68.41,67.7,24,,
02/05/2026 19:51:03,ACTION,LSTM_AI,PI_HARDWARE,25.79,26.42,Set AC Fan to LOW & Peltier OFF,19.8539,4.3281,+0.04,115.1,67.54,66.59,26.66,,
02/05/2026 19:51:30,ENVIRONMENT,Sensors,PI_HARDWARE,25.75,26.4,-,19.8539,4.3282,+0.04,-,68.78,65.34,-,,
02/05/2026 19:51:39,ACTION,LSTM_AI,PI_HARDWARE,25.82,26.38,Set AC Fan to MEDIUM & Peltier ON,19.8539,4.3282,+0.07,115.9,69.1,65,24,,
02/05/2026 19:52:03,ACTION,LSTM_AI,PI_HARDWARE,25.78,26.38,Set AC Fan to LOW & Peltier OFF,19.8606,4.3296,+0.02,113.5,65.55,64.2,26.66,,
02/05/2026 19:52:30,ENVIRONMENT,Sensors,PI_HARDWARE,25.67,26.31,-,19.8607,4.3296,-0.02,-,65.42,63.15,-,,
02/05/2026 19:52:54,ACTION,LSTM_AI,PI_HARDWARE,25.82,26.25,Set AC Fan to MEDIUM & Peltier ON,19.8607,4.3296,+0.02,107.2,63.84,62.45,24,,
02/05/2026 19:53:24,ACTION,LSTM_AI,PI_HARDWARE,25.73,26.19,Set AC Fan to LOW & Peltier OFF,19.8691,4.3315,-0.02,115.5,62.15,61.66,26.66,,
02/05/2026 19:53:30,ENVIRONMENT,Sensors,PI_HARDWARE,25.68,26.17,-,19.8691,4.3315,-0.04,-,62.22,61.44,-,,
02/05/2026 19:54:30,ENVIRONMENT,Sensors,PI_HARDWARE,25.79,25.97,-,19.8692,4.3315,-0.02,-,60.14,60.34,-,,
02/05/2026 19:54:30,ACTION,LSTM_AI,PI_HARDWARE,25.81,25.97,Set AC Fan to MEDIUM & Peltier ON,19.8692,4.3315,-0.01,109.2,60.14,60.34,24,,
02/05/2026 19:54:57,ACTION,LSTM_AI,PI_HARDWARE,25.77,25.9,Set AC Fan to LOW & Peltier OFF,19.8765,4.3331,-0.03,107.5,59.41,59.79,26.66,,
02/05/2026 19:55:30,ENVIRONMENT,Sensors,PI_HARDWARE,25.55,25.8,-,19.8765,4.3331,-0.12,-,59.53,59.37,-,,
02/05/2026 19:56:09,ACTION,LSTM_AI,PI_HARDWARE,25.8,25.64,Set AC Fan to MEDIUM & Peltier ON,19.8766,4.3331,-0.03,108.7,58.02,58.76,24,,
02/05/2026 19:56:30,ENVIRONMENT,Sensors,PI_HARDWARE,25.87,25.62,-,19.8827,4.3344,-0.01,-,57.41,58.33,-,,
02/05/2026 19:56:36,ACTION,LSTM_AI,PI_HARDWARE,25.72,25.63,Set AC Fan to LOW & Peltier OFF,19.8838,4.3347,-0.07,112.6,57.58,58.28,26.66,,
02/05/2026 19:57:30,ENVIRONMENT,Sensors,PI_HARDWARE,25.77,25.5,-,19.8839,4.3347,-0.02,-,60.22,59.6,-,,
02/05/2026 19:57:36,ACTION,LSTM_AI,PI_HARDWARE,25.84,25.5,Set AC Fan to MEDIUM & Peltier ON,19.8845,4.3348,+0.00,115,60.52,59.78,24,,
02/05/2026 19:58:09,ACTION,LSTM_AI,PI_HARDWARE,25.77,25.47,Set AC Fan to LOW & Peltier OFF,19.8934,4.3368,0,110.6,62.76,62.06,26.66,,
02/05/2026 19:58:30,ENVIRONMENT,Sensors,PI_HARDWARE,25.68,25.51,-,19.8934,4.3368,-0.03,-,64.04,63.39,-,,
02/05/2026 19:58:48,ACTION,LSTM_AI,PI_HARDWARE,25.82,25.56,Set AC Fan to MEDIUM & Peltier ON,19.894,4.3369,+0.03,112.9,64.54,64.12,24,,
02/05/2026 19:59:30,ENVIRONMENT,Sensors,PI_HARDWARE,25.73,25.62,-,19.9052,4.3393,+0.01,-,65.67,65.36,-,,
02/05/2026 19:59:30,ACTION,LSTM_AI,PI_HARDWARE,25.73,25.62,Set AC Fan to LOW & Peltier OFF,19.9052,4.3393,+0.01,107.6,65.67,65.36,26.66,,
02/05/2026 20:00:06,ACTION,LSTM_AI,PI_HARDWARE,25.82,25.74,Set AC Fan to MEDIUM & Peltier ON,19.9052,4.3393,+0.06,106.9,67.55,66.67,24,,
02/05/2026 20:00:27,ACTION,LSTM_AI,PI_HARDWARE,26.02,25.81,Set AC Fan to HIGH & Peltier ON,19.9114,4.3407,+0.13,107.4,67.2,67.14,24,,
02/05/2026 20:00:30,ENVIRONMENT,Sensors,PI_HARDWARE,26.01,25.84,-,19.9125,4.3409,+0.13,-,67.41,67.32,-,,
02/05/2026 20:00:34,ACTION,LSTM_AI,PI_HARDWARE,25.98,25.84,Set AC Fan to MEDIUM & Peltier ON,19.9131,4.341,+0.12,107.4,67.41,67.32,24,,
02/05/2026 20:00:57,ACTION,LSTM_AI,PI_HARDWARE,25.77,25.93,Set AC Fan to LOW & Peltier OFF,19.9198,4.3425,+0.04,107.3,67.59,67.86,26.66,,
02/05/2026 20:01:18,ACTION,LSTM_AI,PI_HARDWARE,25.85,25.98,Set AC Fan to MEDIUM & Peltier ON,19.9198,4.3425,+0.09,107.8,69.85,68.23,24,,
02/05/2026 20:01:30,ENVIRONMENT,Sensors,PI_HARDWARE,25.95,26.02,-,19.9237,4.3434,+0.13,-,69.78,68.46,-,,
02/05/2026 20:02:15,ACTION,LSTM_AI,PI_HARDWARE,25.8,26.17,Set AC Fan to LOW & Peltier OFF,19.936,4.346,+0.06,107.2,68.86,69.24,26.66,,
02/05/2026 20:02:24,ACTION,LSTM_AI,PI_HARDWARE,25.82,26.21,Set AC Fan to MEDIUM & Peltier ON,19.936,4.3461,+0.07,107.2,69.32,69.35,24,,
02/05/2026 20:02:30,ENVIRONMENT,Sensors,PI_HARDWARE,25.88,26.21,-,19.9382,4.3465,+0.10,-,70.54,69.47,-,,
02/05/2026 20:03:30,ENVIRONMENT,Sensors,PI_HARDWARE,25.89,26.4,-,19.955,4.3502,+0.10,-,69.75,70.29,-,,
02/05/2026 20:04:03,ACTION,LSTM_AI,PI_HARDWARE,25.79,26.52,Set AC Fan to LOW & Peltier OFF,19.9639,4.3521,+0.06,113.7,68.76,69.37,26.66,,
02/05/2026 20:04:15,ACTION,LSTM_AI,PI_HARDWARE,25.81,26.53,Set AC Fan to MEDIUM & Peltier ON,19.964,4.3521,+0.07,113.3,69.23,68.91,24,,
02/05/2026 20:04:30,ENVIRONMENT,Sensors,PI_HARDWARE,25.87,26.5,-,19.9684,4.3531,+0.09,-,69.28,68.19,-,,
02/05/2026 20:04:51,ACTION,LSTM_AI,PI_HARDWARE,25.74,26.55,Set AC Fan to LOW & Peltier OFF,19.974,4.3543,+0.03,117.3,68.31,67.73,26.66,,
02/05/2026 20:05:24,ACTION,LSTM_AI,PI_HARDWARE,25.87,26.52,Set AC Fan to MEDIUM & Peltier ON,19.9741,4.3543,+0.10,113.1,70.58,66.36,24,,
02/05/2026 20:05:30,ENVIRONMENT,Sensors,PI_HARDWARE,25.92,26.55,-,19.9763,4.3548,+0.12,-,70.81,66.24,-,,
02/05/2026 20:06:02,ACTION,LSTM_AI,PI_HARDWARE,25.73,26.49,Set AC Fan to LOW & Peltier OFF,19.9847,4.3567,+0.01,114.9,66.37,65.27,26.66,,
02/05/2026 20:06:30,ENVIRONMENT,Sensors,PI_HARDWARE,25.6,26.43,-,19.9847,4.3567,-0.02,-,68.3,63.97,-,,
02/05/2026 20:07:12,ACTION,LSTM_AI,PI_HARDWARE,25.84,26.35,Set AC Fan to MEDIUM & Peltier ON,19.9848,4.3567,+0.06,116.2,66.56,62.53,24,,
02/05/2026 20:07:30,ENVIRONMENT,Sensors,PI_HARDWARE,25.85,26.33,-,19.9904,4.3579,+0.05,-,66.04,62.46,-,,
02/05/2026 20:08:31,ENVIRONMENT,Sensors,PI_HARDWARE,25.85,26.33,-,20.0071,4.3616,+0.05,-,66.04,62.46,-,,
02/05/2026 20:09:31,ENVIRONMENT,Sensors,PI_HARDWARE,25.85,26.33,-,20.0239,4.3652,+0.05,-,66.04,62.46,-,,
02/05/2026 20:10:32,ENVIRONMENT,Sensors,PI_HARDWARE,25.85,26.33,-,20.041,4.3689,+0.05,-,66.04,62.46,-,,
02/05/2026 20:11:32,ENVIRONMENT,Sensors,PI_HARDWARE,25.85,26.33,-,20.0577,4.3726,+0.05,-,66.04,62.46,-,,
02/05/2026 20:12:32,ENVIRONMENT,Sensors,PI_HARDWARE,25.85,26.33,-,20.0745,4.3762,+0.05,-,66.04,62.46,-,,
02/05/2026 20:13:32,ENVIRONMENT,Sensors,PI_HARDWARE,25.85,26.33,-,20.0913,4.3799,+0.05,-,66.04,62.46,-,,
02/05/2026 20:14:32,ENVIRONMENT,Sensors,PI_HARDWARE,25.85,26.33,-,20.108,4.3835,+0.05,-,66.04,62.46,-,,
02/05/2026 20:15:32,ENVIRONMENT,Sensors,PI_HARDWARE,25.85,26.33,-,20.1248,4.3872,+0.05,-,66.04,62.46,-,,
02/05/2026 20:16:32,ENVIRONMENT,Sensors,PI_HARDWARE,25.85,26.33,-,20.1416,4.3909,+0.05,-,66.04,62.46,-,,
02/05/2026 20:17:32,ENVIRONMENT,Sensors,PI_HARDWARE,25.85,26.33,-,20.1583,4.3945,+0.05,-,66.04,62.46,-,,
02/05/2026 20:18:13,ACTION,USER,PI_HARDWARE,25.85,26.33,Set STATUS to OFF,20.1695,4.397,+0.05,-,66.04,62.46,-,,
02/05/2026 20:18:16,ACTION,LSTM_AI,PI_HARDWARE,25.63,26.33,Set AC Fan to LOW & Peltier OFF,20.1701,4.3971,-0.03,114.2,66.04,62.46,26.67,,
02/05/2026 20:18:32,ENVIRONMENT,Sensors,PI_HARDWARE,24.97,26.55,-,20.1701,4.3971,-0.22,-,73.06,70.02,-,,
02/05/2026 20:18:43,ACTION,USER,PI_HARDWARE,24.97,26.55,Set STATUS to OFF,20.1701,4.3971,-0.22,-,73.06,70.02,-,,
02/05/2026 20:19:06,ACTION,LSTM_AI,PI_HARDWARE,25.84,26.69,Set AC Fan to MEDIUM & Peltier ON,20.1701,4.3971,+0.14,113.1,76.24,69.83,24,,
02/05/2026 20:19:16,ACTION,LSTM_AI,PI_HARDWARE,26.01,26.69,Set AC Fan to HIGH & Peltier ON,20.1724,4.3976,+0.20,107.3,75.44,69.48,24,,
02/05/2026 20:19:32,ENVIRONMENT,Sensors,PI_HARDWARE,26.22,26.72,-,20.1774,4.3987,+0.25,-,72.15,68.94,-,,
02/05/2026 20:19:39,ACTION,USER,PI_HARDWARE,26.22,26.72,Set STATUS to OFF,20.1791,4.399,+0.25,-,72.15,68.94,-,,
02/05/2026 20:20:03,ACTION,USER,PI_HARDWARE,26.25,26.72,Set STATUS to OFF,20.1858,4.4005,+0.24,-,69.43,68.29,-,,
02/05/2026 20:20:32,ENVIRONMENT,Sensors,PI_HARDWARE,26.14,26.73,-,20.1942,4.4023,+0.18,-,67.08,66.77,-,,
02/05/2026 20:20:41,ACTION,USER,PI_HARDWARE,26.14,26.73,Set STATUS to OFF,20.1964,4.4028,+0.18,-,67.08,66.77,-,,
02/05/2026 20:20:50,ACTION,LSTM_AI,PI_HARDWARE,25.98,26.67,Set AC Fan to MEDIUM & Peltier ON,20.1987,4.4033,+0.11,108.1,66.18,65.4,24,,
02/05/2026 20:21:32,ENVIRONMENT,Sensors,PI_HARDWARE,25.98,26.7,-,20.211,4.406,+0.10,-,66.02,65.4,-,,
02/05/2026 20:21:42,ACTION,USER,PI_HARDWARE,25.98,26.7,Set STATUS to OFF,20.2132,4.4065,+0.10,-,66.02,65.4,-,,
02/05/2026 20:22:07,ACTION,USER,PI_HARDWARE,25.82,26.7,Set STATUS to OFF,20.2205,4.4081,+0.03,-,64.51,63.26,-,,
02/05/2026 20:22:20,ACTION,USER,PI_HARDWARE,25.82,26.7,Set STATUS to OFF,20.2238,4.4088,+0.03,-,64.51,63.26,-,,
02/05/2026 20:22:25,ACTION,LSTM_AI,PI_HARDWARE,25.61,26.7,Set AC Fan to LOW & Peltier OFF,20.2255,4.4092,-0.05,115.1,64.51,63.26,26.66,,
02/05/2026 20:22:32,ENVIRONMENT,Sensors,PI_HARDWARE,25.1,26.28,-,20.2255,4.4092,-0.24,-,64.25,62.39,-,,
02/05/2026 20:23:32,ENVIRONMENT,Sensors,PI_HARDWARE,25.19,26.17,-,20.2256,4.4092,-0.18,-,67.91,61.64,-,,
02/05/2026 20:23:46,ACTION,USER,PI_HARDWARE,25.19,26.17,Set STATUS to OFF,20.2256,4.4092,-0.18,-,67.91,61.64,-,,
02/05/2026 20:24:33,ENVIRONMENT,Sensors,PI_HARDWARE,25.35,25.88,-,20.2257,4.4092,-0.13,-,66.82,60.29,-,,
02/05/2026 20:25:07,ACTION,USER,PI_HARDWARE,25.35,25.88,Set STATUS to OFF,20.2257,4.4092,-0.13,-,66.82,60.29,-,,
02/05/2026 20:25:34,ENVIRONMENT,Sensors,PI_HARDWARE,25.09,25.6,-,20.2258,4.4092,-0.24,-,64.55,59.11,-,,
02/05/2026 20:26:34,ENVIRONMENT,Sensors,PI_HARDWARE,25.02,25.42,-,20.2258,4.4092,-0.27,-,64.82,59.5,-,,
02/05/2026 20:27:34,ENVIRONMENT,Sensors,PI_HARDWARE,25.25,25.36,-,20.2259,4.4093,-0.16,-,67.08,63.15,-,,
02/05/2026 20:28:34,ENVIRONMENT,Sensors,PI_HARDWARE,25.56,25.46,-,20.226,4.4093,-0.04,-,67.97,66.12,-,,
02/05/2026 20:29:25,ACTION,LSTM_AI,PI_HARDWARE,25.81,25.56,Set AC Fan to MEDIUM & Peltier ON,20.2261,4.4093,+0.06,112.4,68.47,67.51,24,,
02/05/2026 20:29:34,ENVIRONMENT,Sensors,PI_HARDWARE,25.84,25.59,-,20.2289,4.4099,+0.08,-,68.79,68.03,-,,
02/05/2026 20:29:48,ACTION,USER,PI_HARDWARE,25.84,25.59,Set STATUS to OFF,20.2322,4.4106,+0.08,-,68.79,68.03,-,,
02/05/2026 20:29:54,ACTION,LSTM_AI,PI_HARDWARE,25.75,25.7,Set AC Fan to LOW & Peltier OFF,20.2345,4.4111,+0.04,117.1,68.54,68.44,26.67,,
02/05/2026 20:30:34,ENVIRONMENT,Sensors,PI_HARDWARE,25.81,25.85,-,20.2345,4.4111,+0.08,-,70.27,68.88,-,,
02/05/2026 20:30:36,ACTION,LSTM_AI,PI_HARDWARE,25.84,25.85,Set AC Fan to MEDIUM & Peltier ON,20.2345,4.4111,+0.09,107.6,70.27,68.88,24,,
02/05/2026 20:31:04,ACTION,USER,PI_HARDWARE,25.86,25.85,Set STATUS to OFF,20.2423,4.4128,+0.09,-,70.15,68.91,-,,
02/05/2026 20:31:34,ENVIRONMENT,Sensors,PI_HARDWARE,25.89,26.24,-,20.2513,4.4148,+0.09,-,68.9,69.55,-,,
02/05/2026 20:32:34,ENVIRONMENT,Sensors,PI_HARDWARE,25.98,26.64,-,20.2681,4.4184,+0.13,-,69.47,69.54,-,,
02/05/2026 20:32:40,ACTION,LSTM_AI,PI_HARDWARE,26,26.64,Set AC Fan to HIGH & Peltier ON,20.2692,4.4187,+0.14,113.5,69.52,69.55,24,,
02/05/2026 20:33:34,ENVIRONMENT,Sensors,PI_HARDWARE,26.2,26.93,-,20.2848,4.4221,+0.22,-,69.8,69.31,-,,
02/05/2026 20:33:37,ACTION,USER,PI_HARDWARE,26.2,26.93,Set STATUS to OFF,20.2854,4.4222,+0.22,-,69.8,69.31,-,,
02/05/2026 20:34:01,ACTION,USER,PI_HARDWARE,26.2,26.93,Set STATUS to OFF,20.2921,4.4237,+0.22,-,69.8,69.31,-,,
02/05/2026 20:34:34,ENVIRONMENT,Sensors,PI_HARDWARE,26.24,27.16,-,20.3016,4.4257,+0.21,-,66.84,65.67,-,,
02/05/2026 20:34:55,ACTION,USER,PI_HARDWARE,26.21,27.16,Set STATUS to OFF,20.3072,4.427,+0.20,-,66.73,65.18,-,,
02/05/2026 20:35:15,ACTION,LSTM_AI,PI_HARDWARE,25.96,27.1,Set AC Fan to MEDIUM & Peltier ON,20.3128,4.4282,+0.10,114.4,65.71,63.55,24,,
02/05/2026 20:35:34,ENVIRONMENT,Sensors,PI_HARDWARE,25.84,27.07,-,20.3183,4.4294,+0.04,-,64.93,62.7,-,,
02/05/2026 20:35:42,ACTION,LSTM_AI,PI_HARDWARE,25.77,27.01,Set AC Fan to LOW & Peltier OFF,20.3206,4.4299,+0.01,113.2,64.83,62.56,26.66,,
02/05/2026 20:35:44,SYSTEM,SHUTDOWN,PI_HARDWARE,25.77,27.01,Master Script Stopped Manually,20.3206,4.4299,+0.01,-,64.83,62.56,-,,
02/05/2026 20:54:11,SYSTEM,BOOT,PI_HARDWARE,24,24,--- Raspberry Pi AI Master Started ---,20.3251,4.4309,-0.77,-,50,50,-,,
02/05/2026 20:54:11,ACTION,USER,PI_HARDWARE,24,24,Set STATUS to OFF,20.3251,4.4309,-0.77,-,50,50,-,,
02/05/2026 20:54:14,ACTION,LSTM_AI,PI_HARDWARE,25.86,24,Set AC Fan to MEDIUM & Peltier ON,20.3251,4.4309,-0.08,133.7,50,50,24,,
02/05/2026 20:54:51,ACTION,USER,PI_HARDWARE,25.99,25.57,Set STATUS to OFF,20.3358,4.4332,+0.09,-,63.74,63.49,-,,
02/05/2026 20:55:00,ACTION,LSTM_AI,PI_HARDWARE,25.75,25.62,Set AC Fan to LOW & Peltier OFF,20.338,4.4337,+0.01,107,64.79,64.98,26.72,,
02/05/2026 20:55:11,ENVIRONMENT,Sensors,PI_HARDWARE,25.62,25.64,-,20.338,4.4337,-0.03,-,65.91,65.3,-,,
02/05/2026 20:56:11,ENVIRONMENT,Sensors,PI_HARDWARE,25.72,25.69,-,20.3381,4.4337,+0.02,-,67.16,65.89,-,,
02/05/2026 20:56:13,ACTION,USER,PI_HARDWARE,25.72,25.69,Set STATUS to OFF,20.3381,4.4337,+0.02,-,67.16,65.89,-,,
02/05/2026 20:56:19,ACTION,LSTM_AI,PI_HARDWARE,25.84,25.77,Set AC Fan to MEDIUM & Peltier ON,20.3381,4.4337,+0.06,114.7,67.41,67.22,24,,
02/05/2026 20:56:27,ACTION,LSTM_AI,PI_HARDWARE,26.13,25.77,Set AC Fan to HIGH & Peltier ON,20.3409,4.4343,+0.17,114.6,67.15,67.29,24,,
02/05/2026 20:57:00,ACTION,USER,PI_HARDWARE,26.29,25.87,Set STATUS to OFF,20.3498,4.4363,+0.23,-,67.28,68.03,-,,
02/05/2026 20:57:11,ENVIRONMENT,Sensors,PI_HARDWARE,26.07,26.05,-,20.3532,4.437,+0.16,-,68.15,68.55,-,,
02/05/2026 20:57:14,ACTION,LSTM_AI,PI_HARDWARE,25.98,26.05,Set AC Fan to MEDIUM & Peltier ON,20.3538,4.4371,+0.12,107.4,68.15,68.55,24,,
02/05/2026 20:58:11,ENVIRONMENT,Sensors,PI_HARDWARE,25.85,26.35,-,20.37,4.4407,+0.08,-,68.73,68.84,-,,
02/05/2026 20:59:11,ENVIRONMENT,Sensors,PI_HARDWARE,25.96,26.64,-,20.3867,4.4443,+0.13,-,69.27,69.07,-,,
02/05/2026 20:59:15,ACTION,USER,PI_HARDWARE,25.96,26.64,Set STATUS to OFF,20.3873,4.4444,+0.13,-,69.27,69.07,-,,
02/05/2026 20:59:21,ACTION,LSTM_AI,PI_HARDWARE,26.03,26.76,Set AC Fan to HIGH & Peltier ON,20.389,4.4448,+0.15,112.7,69.49,69.19,24,,
02/05/2026 20:59:54,ACTION,USER,PI_HARDWARE,26.1,26.83,Set STATUS to OFF,20.3985,4.4469,+0.18,-,69.54,69.23,-,,
02/05/2026 21:00:11,ENVIRONMENT,Sensors,PI_HARDWARE,26.12,26.97,-,20.4035,4.448,+0.20,-,70.13,69.23,-,,
02/05/2026 21:00:27,ACTION,USER,PI_HARDWARE,26.12,26.97,Set STATUS to OFF,20.4074,4.4488,+0.20,-,70.13,69.23,-,,
02/05/2026 21:01:11,ENVIRONMENT,Sensors,PI_HARDWARE,26.35,27.18,-,20.4203,4.4516,+0.27,-,68.73,67.72,-,,
02/05/2026 21:02:11,ENVIRONMENT,Sensors,PI_HARDWARE,26.29,27.15,-,20.437,4.4553,+0.24,-,68.26,66.78,-,,
02/05/2026 21:02:30,ACTION,USER,PI_HARDWARE,26.29,27.15,Set STATUS to OFF,20.4421,4.4564,+0.24,-,68.26,66.78,-,,
02/05/2026 21:02:39,ACTION,LSTM_AI,PI_HARDWARE,25.96,27.05,Set AC Fan to MEDIUM & Peltier ON,20.4443,4.4569,+0.10,114.6,66.4,63.99,24,,
02/05/2026 21:03:11,ENVIRONMENT,Sensors,PI_HARDWARE,25.84,27.07,-,20.4538,4.4589,+0.05,-,65.94,63.7,-,,
02/05/2026 21:03:51,ACTION,USER,PI_HARDWARE,25.84,27.07,Set STATUS to OFF,20.465,4.4614,+0.05,-,65.94,63.7,-,,
02/05/2026 21:03:53,ACTION,LSTM_AI,PI_HARDWARE,25.73,27.07,Set AC Fan to LOW & Peltier OFF,20.465,4.4614,+0.01,107.3,65.94,63.7,26.66,,
02/05/2026 21:04:11,ENVIRONMENT,Sensors,PI_HARDWARE,25.41,26.76,-,20.465,4.4614,-0.12,-,64.96,61.74,-,,
02/05/2026 21:04:27,ACTION,USER,PI_HARDWARE,25.41,26.76,Set STATUS to OFF,20.465,4.4614,-0.12,-,64.96,61.74,-,,
02/05/2026 21:05:11,ENVIRONMENT,Sensors,PI_HARDWARE,25.7,26.46,-,20.4651,4.4614,+0.01,-,67.24,60.49,-,,
02/05/2026 21:06:11,ENVIRONMENT,Sensors,PI_HARDWARE,25.59,26.15,-,20.4652,4.4614,-0.05,-,65.08,59.58,-,,
02/05/2026 21:07:11,ENVIRONMENT,Sensors,PI_HARDWARE,25.42,25.9,-,20.4653,4.4614,-0.14,-,62.47,58.82,-,,
02/05/2026 21:07:25,ACTION,USER,PI_HARDWARE,25.42,25.9,Set STATUS to OFF,20.4653,4.4614,-0.14,-,62.47,58.82,-,,
02/05/2026 21:08:12,ENVIRONMENT,Sensors,PI_HARDWARE,25.53,25.62,-,20.4653,4.4614,-0.08,-,64.57,61.21,-,,
02/05/2026 21:09:07,ACTION,LSTM_AI,PI_HARDWARE,25.81,25.56,Set AC Fan to MEDIUM & Peltier ON,20.4654,4.4615,+0.04,118.3,65.79,64.4,24,,
02/05/2026 21:09:12,ENVIRONMENT,Sensors,PI_HARDWARE,25.81,25.54,-,20.4671,4.4618,+0.04,-,66.01,64.69,-,,
02/05/2026 21:09:40,ACTION,LSTM_AI,PI_HARDWARE,25.78,25.57,Set AC Fan to LOW & Peltier OFF,20.4749,4.4635,+0.03,113.7,66.55,66.36,26.67,,
02/05/2026 21:10:12,ENVIRONMENT,Sensors,PI_HARDWARE,25.62,25.67,-,20.475,4.4635,-0.02,-,68.14,66.9,-,,
02/05/2026 21:10:31,ACTION,LSTM_AI,PI_HARDWARE,25.8,25.69,Set AC Fan to MEDIUM & Peltier ON,20.475,4.4635,+0.06,112.7,68.58,67.41,24,,
02/05/2026 21:11:12,ENVIRONMENT,Sensors,PI_HARDWARE,25.93,25.76,-,20.4867,4.4661,+0.11,-,68.25,67.93,-,,
02/05/2026 21:11:14,ACTION,USER,PI_HARDWARE,25.93,25.76,Set STATUS to OFF,20.4867,4.4661,+0.11,-,68.25,67.93,-,,
02/05/2026 21:11:34,ACTION,LSTM_AI,PI_HARDWARE,25.79,26,Set AC Fan to LOW & Peltier OFF,20.4929,4.4674,+0.05,113.2,68.1,68.75,26.66,,
02/05/2026 21:11:46,ACTION,LSTM_AI,PI_HARDWARE,25.8,26.06,Set AC Fan to MEDIUM & Peltier ON,20.4929,4.4674,+0.06,112.3,68.79,68.66,24,,
02/05/2026 21:12:12,ENVIRONMENT,Sensors,PI_HARDWARE,25.93,26.24,-,20.5001,4.469,+0.11,-,69.05,68.96,-,,
02/05/2026 21:13:12,ENVIRONMENT,Sensors,PI_HARDWARE,25.93,26.24,-,20.5169,4.4727,+0.11,-,69.05,68.96,-,,
02/05/2026 21:13:37,ACTION,USER,PI_HARDWARE,25.93,26.24,Set STATUS to OFF,20.5236,4.4742,+0.11,-,69.05,68.96,-,,
02/05/2026 21:14:05,ACTION,USER,PI_HARDWARE,25.95,26.67,Set STATUS to OFF,20.5314,4.4759,+0.13,-,70.08,68.96,-,,
02/05/2026 21:14:10,ACTION,LSTM_AI,PI_HARDWARE,26.03,26.67,Set AC Fan to HIGH & Peltier ON,20.5331,4.4762,+0.16,113.5,70.21,69.74,24,,
02/05/2026 21:14:12,ENVIRONMENT,Sensors,PI_HARDWARE,26.03,26.79,-,20.5337,4.4763,+0.16,-,70.2,69.74,-,,
02/05/2026 21:15:12,ENVIRONMENT,Sensors,PI_HARDWARE,26.26,26.91,-,20.5505,4.48,+0.24,-,68.76,68.51,-,,
02/05/2026 21:16:12,ENVIRONMENT,Sensors,PI_HARDWARE,26.26,26.91,-,20.5672,4.4837,+0.24,-,68.76,68.51,-,,
02/05/2026 21:17:12,ENVIRONMENT,Sensors,PI_HARDWARE,26.26,26.91,-,20.584,4.4873,+0.24,-,68.76,68.51,-,,
02/05/2026 21:18:12,ENVIRONMENT,Sensors,PI_HARDWARE,26.26,26.91,-,20.6008,4.491,+0.24,-,68.76,68.51,-,,
02/05/2026 21:19:12,ENVIRONMENT,Sensors,PI_HARDWARE,26.26,26.91,-,20.6175,4.4946,+0.24,-,68.76,68.51,-,,
02/05/2026 21:19:31,ACTION,USER,PI_HARDWARE,26.26,26.91,Set STATUS to OFF,20.6226,4.4957,+0.24,-,68.76,68.51,-,,
02/05/2026 21:19:34,ACTION,LSTM_AI,PI_HARDWARE,25.84,26.91,Set AC Fan to MEDIUM & Peltier ON,20.6231,4.4958,+0.07,116.5,68.76,68.51,24,,
02/05/2026 21:19:40,ACTION,LSTM_AI,PI_HARDWARE,24.98,26.91,Set AC Fan to LOW & Peltier OFF,20.6248,4.4962,-0.3,113.3,63.69,60.14,26.66,,
02/05/2026 21:20:12,ENVIRONMENT,Sensors,PI_HARDWARE,24.57,25.87,-,20.6248,4.4962,-0.44,-,64.65,60.05,-,,
02/05/2026 21:20:26,ACTION,USER,PI_HARDWARE,24.57,25.87,Set STATUS to OFF,20.6249,4.4962,-0.44,-,64.65,60.05,-,,
02/05/2026 21:21:12,ENVIRONMENT,Sensors,PI_HARDWARE,25.18,25.66,-,20.6249,4.4962,-0.16,-,69.96,62.36,-,,
02/05/2026 21:22:12,ENVIRONMENT,Sensors,PI_HARDWARE,25.66,25.64,-,20.625,4.4963,+0.02,-,70.1,65.54,-,,
02/05/2026 21:22:54,ACTION,USER,PI_HARDWARE,25.77,25.66,Set STATUS to OFF,20.6251,4.4963,+0.06,-,70.17,66.54,-,,
02/05/2026 21:22:57,ACTION,LSTM_AI,PI_HARDWARE,25.81,25.66,Set AC Fan to MEDIUM & Peltier ON,20.6251,4.4963,+0.08,107.1,70.17,66.54,24,,
02/05/2026 21:23:12,ENVIRONMENT,Sensors,PI_HARDWARE,25.92,25.7,-,20.6295,4.4972,+0.11,-,69.31,67.68,-,,
02/05/2026 21:24:02,ACTION,USER,PI_HARDWARE,25.91,25.73,Set STATUS to OFF,20.643,4.5002,+0.10,-,68.67,68.29,-,,
02/05/2026 21:24:05,ACTION,LSTM_AI,PI_HARDWARE,25.79,25.73,Set AC Fan to LOW & Peltier OFF,20.6441,4.5004,+0.05,115,68.67,68.29,26.66,,
02/05/2026 21:24:12,ENVIRONMENT,Sensors,PI_HARDWARE,25.55,25.94,-,20.6441,4.5004,-0.03,-,69.44,68.91,-,,
02/05/2026 21:24:47,ACTION,LSTM_AI,PI_HARDWARE,25.81,26.08,Set AC Fan to MEDIUM & Peltier ON,20.6441,4.5004,+0.10,113.1,73.4,69.35,24,,
02/05/2026 21:25:02,ACTION,LSTM_AI,PI_HARDWARE,26.01,26.09,Set AC Fan to HIGH & Peltier ON,20.648,4.5013,+0.17,113.4,71.87,69.59,24,,
02/05/2026 21:25:12,ENVIRONMENT,Sensors,PI_HARDWARE,26.02,26.17,-,20.6514,4.502,+0.16,-,70.95,69.93,-,,
02/05/2026 21:25:35,ACTION,LSTM_AI,PI_HARDWARE,25.99,26.24,Set AC Fan to MEDIUM & Peltier ON,20.6575,4.5033,+0.15,114.8,70.39,70.17,24,,
02/05/2026 21:26:13,ENVIRONMENT,Sensors,PI_HARDWARE,25.98,26.43,-,20.6682,4.5057,+0.15,-,71.37,71.78,-,,
02/05/2026 21:26:29,ACTION,LSTM_AI,PI_HARDWARE,26.01,26.53,Set AC Fan to HIGH & Peltier ON,20.6726,4.5066,+0.16,114.4,71.5,71.8,24,,
02/05/2026 21:27:13,ENVIRONMENT,Sensors,PI_HARDWARE,26.16,26.67,-,20.6849,4.5093,+0.23,-,71.97,72.06,-,,
02/05/2026 21:27:59,ACTION,USER,PI_HARDWARE,26.16,26.67,Set STATUS to OFF,20.6972,4.512,+0.23,-,71.97,72.06,-,,
02/05/2026 21:28:13,ENVIRONMENT,Sensors,PI_HARDWARE,26.03,26.84,-,20.7017,4.513,+0.16,-,69.97,69.24,-,,
02/05/2026 21:28:19,ACTION,LSTM_AI,PI_HARDWARE,26,26.84,Set AC Fan to MEDIUM & Peltier ON,20.7034,4.5133,+0.14,114.8,69.75,68.9,24,,
02/05/2026 21:29:13,ENVIRONMENT,Sensors,PI_HARDWARE,25.89,26.83,-,20.7185,4.5166,+0.10,-,69.29,68.26,-,,
02/05/2026 21:29:24,ACTION,USER,PI_HARDWARE,25.89,26.83,Set STATUS to OFF,20.7213,4.5172,+0.10,-,69.29,68.26,-,,
02/05/2026 21:29:27,ACTION,LSTM_AI,PI_HARDWARE,25.73,26.83,Set AC Fan to LOW & Peltier OFF,20.7218,4.5174,+0.04,113.3,69.29,68.26,26.66,,
02/05/2026 21:30:13,ENVIRONMENT,Sensors,PI_HARDWARE,25.39,26.5,-,20.7219,4.5174,-0.08,-,70.92,64.92,-,,
02/05/2026 21:31:14,ENVIRONMENT,Sensors,PI_HARDWARE,25.49,26.33,-,20.722,4.5174,-0.04,-,70.37,64.05,-,,
02/05/2026 21:32:00,ACTION,USER,PI_HARDWARE,25.49,26.33,Set STATUS to OFF,20.722,4.5174,-0.04,-,70.37,64.05,-,,
02/05/2026 21:32:13,ENVIRONMENT,Sensors,PI_HARDWARE,25.36,25.93,-,20.722,4.5174,-0.14,-,65.34,62.02,-,,
02/05/2026 21:33:13,ENVIRONMENT,Sensors,PI_HARDWARE,25.44,25.66,-,20.7221,4.5174,-0.09,-,67.93,64.07,-,,
02/05/2026 21:34:13,ENVIRONMENT,Sensors,PI_HARDWARE,25.68,25.54,-,20.7222,4.5174,+0.02,-,69.18,67.32,-,,
02/05/2026 21:34:44,ACTION,LSTM_AI,PI_HARDWARE,25.8,25.54,Set AC Fan to MEDIUM & Peltier ON,20.7223,4.5175,+0.07,112.4,69.32,68.44,24,,
02/05/2026 21:35:02,ACTION,LSTM_AI,PI_HARDWARE,25.76,25.51,Set AC Fan to LOW & Peltier OFF,20.7273,4.5185,+0.05,114.8,69.81,69.14,26.67,,
02/05/2026 21:35:13,ENVIRONMENT,Sensors,PI_HARDWARE,25.69,25.53,-,20.7273,4.5186,+0.03,-,70.08,69.56,-,,
02/05/2026 21:36:09,ACTION,LSTM_AI,PI_HARDWARE,25.84,25.62,Set AC Fan to MEDIUM & Peltier ON,20.7274,4.5186,+0.10,113,71.12,70.64,24,,
02/05/2026 21:36:13,ENVIRONMENT,Sensors,PI_HARDWARE,25.87,25.62,-,20.7291,4.5189,+0.10,-,71.09,70.7,-,,
02/05/2026 21:36:44,ACTION,LSTM_AI,PI_HARDWARE,25.78,25.7,Set AC Fan to LOW & Peltier OFF,20.7374,4.5208,+0.07,112.8,71.02,71.51,26.66,,
02/05/2026 21:37:13,ENVIRONMENT,Sensors,PI_HARDWARE,25.7,25.81,-,20.7375,4.5208,+0.06,-,73.73,71.85,-,,
02/05/2026 21:37:35,ACTION,LSTM_AI,PI_HARDWARE,25.87,25.83,Set AC Fan to MEDIUM & Peltier ON,20.7375,4.5208,+0.12,113.3,72.96,71.98,24,,
02/05/2026 21:37:47,ACTION,LSTM_AI,PI_HARDWARE,26,25.85,Set AC Fan to HIGH & Peltier ON,20.7409,4.5215,+0.17,112.5,72.75,72.17,24,,
02/05/2026 21:38:12,ACTION,LSTM_AI,PI_HARDWARE,25.97,25.94,Set AC Fan to MEDIUM & Peltier ON,20.7476,4.523,+0.16,119.4,72.12,72.67,24,,
02/05/2026 21:38:13,ENVIRONMENT,Sensors,PI_HARDWARE,25.97,26,-,20.7481,4.5231,+0.15,-,72.05,72.67,-,,
02/05/2026 21:39:13,ENVIRONMENT,Sensors,PI_HARDWARE,25.82,26.11,-,20.7649,4.5267,+0.10,-,71.84,72.79,-,,
02/05/2026 21:39:32,ACTION,USER,PI_HARDWARE,25.82,26.11,Set STATUS to OFF,20.7699,4.5278,+0.10,-,71.84,72.79,-,,
02/05/2026 21:39:35,ACTION,LSTM_AI,PI_HARDWARE,25.79,26.11,Set AC Fan to LOW & Peltier OFF,20.7705,4.528,+0.08,107.2,71.84,72.79,26.66,,
02/05/2026 21:39:53,ACTION,LSTM_AI,PI_HARDWARE,25.81,26.39,Set AC Fan to MEDIUM & Peltier ON,20.7705,4.528,+0.10,113.8,72.51,71.49,24,,
02/05/2026 21:40:13,ENVIRONMENT,Sensors,PI_HARDWARE,25.84,26.43,-,20.7767,4.5293,+0.10,-,71.72,70.37,-,,
02/05/2026 21:40:23,ACTION,LSTM_AI,PI_HARDWARE,25.79,26.42,Set AC Fan to LOW & Peltier OFF,20.7789,4.5298,+0.07,113.2,70.73,69.86,26.66,,
02/05/2026 21:41:13,ENVIRONMENT,Sensors,PI_HARDWARE,25.78,26.36,-,20.779,4.5298,+0.08,-,72.38,68.13,-,,
02/05/2026 21:41:20,ACTION,LSTM_AI,PI_HARDWARE,25.82,26.38,Set AC Fan to MEDIUM & Peltier ON,20.779,4.5298,+0.10,112.3,72.09,67.93,24,,
02/05/2026 21:41:42,ACTION,USER,PI_HARDWARE,25.83,26.39,Set STATUS to OFF,20.7851,4.5312,+0.10,-,71.74,67.61,-,,
02/05/2026 21:41:45,ACTION,LSTM_AI,PI_HARDWARE,25.77,26.39,Set AC Fan to LOW & Peltier OFF,20.7857,4.5313,+0.07,112.6,71.74,67.61,26.67,,
02/05/2026 21:42:14,ENVIRONMENT,Sensors,PI_HARDWARE,25.42,26.17,-,20.7857,4.5313,-0.09,-,68.4,65.43,-,,
02/05/2026 21:43:14,ENVIRONMENT,Sensors,PI_HARDWARE,25.58,25.93,-,20.7858,4.5313,-0.06,-,64.41,63.77,-,,
02/05/2026 21:44:14,ENVIRONMENT,Sensors,PI_HARDWARE,25.7,25.66,-,20.7859,4.5313,-0.04,-,61.86,62.38,-,,
02/05/2026 21:45:14,ENVIRONMENT,Sensors,PI_HARDWARE,25.78,25.43,-,20.786,4.5313,+0.02,-,64.7,63.52,-,,
02/05/2026 21:45:24,ACTION,LSTM_AI,PI_HARDWARE,25.8,25.4,Set AC Fan to MEDIUM & Peltier ON,20.786,4.5313,+0.03,111.8,65.02,64.17,24,,
02/05/2026 21:45:45,ACTION,LSTM_AI,PI_HARDWARE,25.76,25.33,Set AC Fan to LOW & Peltier OFF,20.7916,4.5326,+0.02,112.7,66.15,65.75,26.66,,
02/05/2026 21:46:14,ENVIRONMENT,Sensors,PI_HARDWARE,25.56,25.3,-,20.7916,4.5326,-0.04,-,68.14,67.36,-,,
02/05/2026 21:47:00,ACTION,LSTM_AI,PI_HARDWARE,25.81,25.32,Set AC Fan to MEDIUM & Peltier ON,20.7917,4.5326,+0.06,107.1,68.8,68.88,24,,
02/05/2026 21:47:14,ENVIRONMENT,Sensors,PI_HARDWARE,25.9,25.33,-,20.7956,4.5334,+0.10,-,68.87,69.43,-,,
02/05/2026 21:47:33,ACTION,LSTM_AI,PI_HARDWARE,25.76,25.39,Set AC Fan to LOW & Peltier OFF,20.8006,4.5345,+0.05,112.4,69.39,70.22,26.66,,
02/05/2026 21:48:14,ENVIRONMENT,Sensors,PI_HARDWARE,25.68,25.49,-,20.8007,4.5345,+0.03,-,70.86,70.62,-,,
02/05/2026 21:48:27,ACTION,LSTM_AI,PI_HARDWARE,25.81,25.53,Set AC Fan to MEDIUM & Peltier ON,20.8007,4.5346,+0.08,114.4,70.89,70.77,24,,
02/05/2026 21:49:12,ACTION,LSTM_AI,PI_HARDWARE,25.76,25.7,Set AC Fan to LOW & Peltier OFF,20.8135,4.5374,+0.06,113.7,70.7,71.8,26.66,,
02/05/2026 21:49:14,ENVIRONMENT,Sensors,PI_HARDWARE,25.76,25.71,-,20.8135,4.5374,+0.06,-,70.73,71.79,-,,
02/05/2026 21:49:54,ACTION,LSTM_AI,PI_HARDWARE,25.86,25.81,Set AC Fan to MEDIUM & Peltier ON,20.8142,4.5375,+0.12,115.9,73.6,71.92,24,,
02/05/2026 21:50:12,ACTION,LSTM_AI,PI_HARDWARE,26.03,25.85,Set AC Fan to HIGH & Peltier ON,20.8192,4.5386,+0.18,113.1,72.47,72.12,24,,
02/05/2026 21:50:14,ENVIRONMENT,Sensors,PI_HARDWARE,26.03,25.9,-,20.8197,4.5387,+0.18,-,72.37,72.34,-,,
02/05/2026 21:50:24,ACTION,LSTM_AI,PI_HARDWARE,25.99,25.9,Set AC Fan to MEDIUM & Peltier ON,20.8225,4.5393,+0.16,116.7,72.14,72.34,24,,
02/05/2026 21:50:57,ACTION,LSTM_AI,PI_HARDWARE,25.79,26.06,Set AC Fan to LOW & Peltier OFF,20.8315,4.5413,+0.08,109.3,71.76,72.68,26.66,,
02/05/2026 21:51:09,ACTION,LSTM_AI,PI_HARDWARE,25.82,26.11,Set AC Fan to MEDIUM & Peltier ON,20.8315,4.5413,+0.10,114.4,72.58,72.68,24,,
02/05/2026 21:51:14,ENVIRONMENT,Sensors,PI_HARDWARE,25.82,26.12,-,20.8332,4.5416,+0.11,-,73.63,72.67,-,,
02/05/2026 21:51:46,ACTION,USER,PI_HARDWARE,25.89,26.18,Set STATUS to OFF,20.8421,4.5436,+0.13,-,72.69,72.66,-,,
02/05/2026 21:52:14,ENVIRONMENT,Sensors,PI_HARDWARE,25.83,26.18,-,20.8499,4.5453,+0.09,-,70.95,71.68,-,,
02/05/2026 21:52:59,ACTION,USER,PI_HARDWARE,25.83,26.18,Set STATUS to OFF,20.8622,4.548,+0.09,-,70.95,71.68,-,,
02/05/2026 21:53:01,ACTION,LSTM_AI,PI_HARDWARE,25.68,26.18,Set AC Fan to LOW & Peltier OFF,20.8628,4.5481,+0.03,115.8,70.95,71.68,26.66,,
02/05/2026 21:53:14,ENVIRONMENT,Sensors,PI_HARDWARE,25.3,26.35,-,20.8628,4.5481,-0.12,-,70.15,68.13,-,,
02/05/2026 21:54:14,ENVIRONMENT,Sensors,PI_HARDWARE,25.55,26.19,-,20.8629,4.5481,-0.02,-,70.91,65.83,-,,
02/05/2026 21:55:14,ENVIRONMENT,Sensors,PI_HARDWARE,25.59,25.94,-,20.863,4.5481,-0.05,-,65.11,64.03,-,,
02/05/2026 21:56:13,ACTION,LSTM_AI,PI_HARDWARE,25.8,25.71,Set AC Fan to MEDIUM & Peltier ON,20.8631,4.5481,+0.04,116.7,66.2,64.65,24,,
02/05/2026 21:56:15,ENVIRONMENT,Sensors,PI_HARDWARE,25.8,25.67,-,20.8636,4.5483,+0.04,-,66.39,64.65,-,,
02/05/2026 21:56:40,ACTION,LSTM_AI,PI_HARDWARE,25.74,25.59,Set AC Fan to LOW & Peltier OFF,20.8703,4.5497,+0.03,112.6,67.5,66.85,26.66,,
02/05/2026 21:57:14,ENVIRONMENT,Sensors,PI_HARDWARE,25.59,25.56,-,20.8704,4.5497,-0.02,-,69.16,68.16,-,,
02/05/2026 21:57:43,ACTION,LSTM_AI,PI_HARDWARE,25.81,25.53,Set AC Fan to MEDIUM & Peltier ON,20.8704,4.5498,+0.07,113.5,69.58,69.04,24,,
02/05/2026 21:58:15,ENVIRONMENT,Sensors,PI_HARDWARE,25.84,25.59,-,20.8794,4.5517,+0.09,-,69.99,70.38,-,,
02/05/2026 21:58:25,ACTION,LSTM_AI,PI_HARDWARE,25.75,25.62,Set AC Fan to LOW & Peltier OFF,20.8822,4.5523,+0.05,114.2,70.07,70.55,26.66,,
02/05/2026 21:59:15,ENVIRONMENT,Sensors,PI_HARDWARE,25.76,25.7,-,20.8822,4.5523,+0.07,-,71.96,71.18,-,,
02/05/2026 21:59:20,ACTION,LSTM_AI,PI_HARDWARE,25.84,25.71,Set AC Fan to MEDIUM & Peltier ON,20.8822,4.5523,+0.10,107.8,71.88,71.23,24,,
02/05/2026 21:59:34,ACTION,LSTM_AI,PI_HARDWARE,26.02,25.76,Set AC Fan to HIGH & Peltier ON,20.8861,4.5532,+0.17,114.7,71.68,71.68,24,,
02/05/2026 21:59:52,ACTION,LSTM_AI,PI_HARDWARE,25.96,25.78,Set AC Fan to MEDIUM & Peltier ON,20.8912,4.5543,+0.15,114.8,71.58,72.06,24,,
02/05/2026 22:00:15,ENVIRONMENT,Sensors,PI_HARDWARE,25.9,25.84,-,20.8979,4.5557,+0.12,-,71.45,72.24,-,,
02/05/2026 22:00:17,ACTION,USER,PI_HARDWARE,25.9,25.84,Set STATUS to OFF,20.8984,4.5559,+0.12,-,71.45,72.24,-,,
02/05/2026 22:00:26,ACTION,LSTM_AI,PI_HARDWARE,25.79,25.95,Set AC Fan to LOW & Peltier OFF,20.9007,4.5563,+0.08,113.8,71.43,72.38,26.66,,
02/05/2026 22:00:56,ACTION,LSTM_AI,PI_HARDWARE,25.84,26.06,Set AC Fan to MEDIUM & Peltier ON,20.9007,4.5564,+0.13,114.7,75.01,72.41,24,,
02/05/2026 22:01:15,ENVIRONMENT,Sensors,PI_HARDWARE,25.98,26.12,-,20.9063,4.5576,+0.17,-,73.51,72.66,-,,
02/05/2026 22:02:15,ENVIRONMENT,Sensors,PI_HARDWARE,25.81,26.32,-,20.9231,4.5612,+0.10,-,72.65,73.08,-,,
02/05/2026 22:02:42,ACTION,USER,PI_HARDWARE,25.82,26.32,Set STATUS to OFF,20.9303,4.5628,+0.10,-,72.66,73.08,-,,
02/05/2026 22:02:54,ACTION,LSTM_AI,PI_HARDWARE,25.79,26.46,Set AC Fan to LOW & Peltier OFF,20.9337,4.5635,+0.08,113.3,71.9,72.43,26.66,,
02/05/2026 22:03:09,ACTION,LSTM_AI,PI_HARDWARE,25.82,26.5,Set AC Fan to MEDIUM & Peltier ON,20.9337,4.5635,+0.10,114.1,72.58,71.81,24,,
02/05/2026 22:03:15,ENVIRONMENT,Sensors,PI_HARDWARE,25.83,26.49,-,20.9354,4.5639,+0.11,-,73.27,71.61,-,,
02/05/2026 22:04:15,ENVIRONMENT,Sensors,PI_HARDWARE,25.82,26.53,-,20.9522,4.5676,+0.09,-,71.21,70.48,-,,
02/05/2026 22:04:55,ACTION,USER,PI_HARDWARE,25.82,26.53,Set STATUS to OFF,20.9628,4.5699,+0.09,-,71.21,70.48,-,,
02/05/2026 22:05:00,ACTION,LSTM_AI,PI_HARDWARE,25.57,26.36,Set AC Fan to LOW & Peltier OFF,20.9645,4.5703,-0.03,107.2,68.47,70.48,26.66,,
02/05/2026 22:05:15,ENVIRONMENT,Sensors,PI_HARDWARE,24.91,26.28,-,20.9645,4.5703,-0.27,-,69.77,66.08,-,,
02/05/2026 22:06:15,ENVIRONMENT,Sensors,PI_HARDWARE,25.18,26.06,-,20.9646,4.5703,-0.16,-,70.86,64.74,-,,
02/05/2026 22:07:15,ENVIRONMENT,Sensors,PI_HARDWARE,25.18,25.77,-,20.9646,4.5703,-0.19,-,67.55,63.28,-,,
02/05/2026 22:08:15,ENVIRONMENT,Sensors,PI_HARDWARE,25.39,25.54,-,20.9647,4.5703,-0.09,-,69.14,66.02,-,,
02/05/2026 22:09:15,ENVIRONMENT,Sensors,PI_HARDWARE,25.72,25.43,-,20.9648,4.5703,+0.04,-,69.75,69.02,-,,
02/05/2026 22:09:32,ACTION,LSTM_AI,PI_HARDWARE,25.81,25.45,Set AC Fan to MEDIUM & Peltier ON,20.9648,4.5703,+0.07,114.7,70.03,69.57,24,,
02/05/2026 22:09:59,ACTION,LSTM_AI,PI_HARDWARE,25.75,25.45,Set AC Fan to LOW & Peltier OFF,20.9727,4.572,+0.06,113.4,70.54,70.83,26.66,,
02/05/2026 22:10:15,ENVIRONMENT,Sensors,PI_HARDWARE,25.55,25.47,-,20.9727,4.572,-0.01,-,71.88,71.14,-,,
02/05/2026 22:11:05,ACTION,LSTM_AI,PI_HARDWARE,25.81,25.57,Set AC Fan to MEDIUM & Peltier ON,20.9727,4.5721,+0.10,115.3,72.26,71.95,24,,
02/05/2026 22:11:15,ENVIRONMENT,Sensors,PI_HARDWARE,25.89,25.59,-,20.9755,4.5727,+0.12,-,72.19,72.32,-,,
02/05/2026 22:11:47,ACTION,LSTM_AI,PI_HARDWARE,25.75,25.64,Set AC Fan to LOW & Peltier OFF,20.9845,4.5746,+0.07,113.6,71.78,72.93,26.66,,
02/05/2026 22:12:15,ENVIRONMENT,Sensors,PI_HARDWARE,25.72,25.78,-,20.9845,4.5746,+0.09,-,75.12,73.04,-,,
02/05/2026 22:12:29,ACTION,LSTM_AI,PI_HARDWARE,25.82,25.8,Set AC Fan to MEDIUM & Peltier ON,20.9845,4.5746,+0.12,113,74.96,73.08,24,,
02/05/2026 22:13:15,ENVIRONMENT,Sensors,PI_HARDWARE,25.85,25.98,-,20.9974,4.5774,+0.11,-,72.57,73.79,-,,
02/05/2026 22:13:26,ACTION,LSTM_AI,PI_HARDWARE,25.79,26.05,Set AC Fan to LOW & Peltier OFF,21.0002,4.578,+0.09,112.3,72.67,73.82,26.66,,
02/05/2026 22:13:44,ACTION,LSTM_AI,PI_HARDWARE,25.82,26.05,Set AC Fan to MEDIUM & Peltier ON,21.0002,4.578,+0.12,113,74.55,73.84,24,,
02/05/2026 22:14:16,ENVIRONMENT,Sensors,PI_HARDWARE,25.93,26.17,-,21.0092,4.58,+0.14,-,72.94,73.77,-,,
02/05/2026 22:14:39,ACTION,LSTM_AI,PI_HARDWARE,25.79,26.24,Set AC Fan to LOW & Peltier OFF,21.0153,4.5813,+0.08,116.3,71.95,73.35,26.66,,
02/05/2026 22:15:05,ACTION,LSTM_AI,PI_HARDWARE,25.8,26.32,Set AC Fan to MEDIUM & Peltier ON,21.0153,4.5813,+0.11,113.6,74.1,71.87,24,,
02/05/2026 22:15:16,ENVIRONMENT,Sensors,PI_HARDWARE,25.87,26.33,-,21.0181,4.582,+0.13,-,73.61,71.25,-,,
02/05/2026 22:15:29,ACTION,LSTM_AI,PI_HARDWARE,25.79,26.32,Set AC Fan to LOW & Peltier OFF,21.022,4.5828,+0.08,115.6,71.37,70.42,26.66,,
02/05/2026 22:16:15,ENVIRONMENT,Sensors,PI_HARDWARE,25.75,26.22,-,21.0221,4.5828,+0.07,-,72.02,68.73,-,,
02/05/2026 22:16:36,ACTION,LSTM_AI,PI_HARDWARE,25.8,26.21,Set AC Fan to MEDIUM & Peltier ON,21.0227,4.5829,+0.07,115.4,69.93,68.02,24,,
02/05/2026 22:16:51,ACTION,LSTM_AI,PI_HARDWARE,25.8,26.15,Set AC Fan to LOW & Peltier OFF,21.0266,4.5838,+0.06,114.1,68.43,67.1,26.67,,
02/05/2026 22:17:15,ENVIRONMENT,Sensors,PI_HARDWARE,25.6,26.02,-,21.0266,4.5838,-0.03,-,66.87,66.17,-,,
02/05/2026 22:18:16,ENVIRONMENT,Sensors,PI_HARDWARE,25.73,25.78,-,21.0267,4.5838,-0.01,-,63.88,64.56,-,,
02/05/2026 22:18:45,ACTION,LSTM_AI,PI_HARDWARE,25.8,25.63,Set AC Fan to MEDIUM & Peltier ON,21.0268,4.5838,+0.02,114.9,64.17,64.16,24,,
02/05/2026 22:19:09,ACTION,LSTM_AI,PI_HARDWARE,25.74,25.53,Set AC Fan to LOW & Peltier OFF,21.0335,4.5853,+0.01,115.3,66.16,65.68,26.66,,
02/05/2026 22:19:16,ENVIRONMENT,Sensors,PI_HARDWARE,25.66,25.5,-,21.0335,4.5853,-0.01,-,66.88,66.28,-,,
02/05/2026 22:20:16,ENVIRONMENT,Sensors,PI_HARDWARE,25.77,25.4,-,21.0336,4.5853,+0.05,-,68.89,68.67,-,,
02/05/2026 22:20:18,ACTION,LSTM_AI,PI_HARDWARE,25.8,25.4,Set AC Fan to MEDIUM & Peltier ON,21.0336,4.5853,+0.06,114.4,68.89,68.67,24,,
02/05/2026 22:20:54,ACTION,LSTM_AI,PI_HARDWARE,25.74,25.43,Set AC Fan to LOW & Peltier OFF,21.0436,4.5875,+0.05,116.4,69.73,70.49,26.66,,
02/05/2026 22:21:16,ENVIRONMENT,Sensors,PI_HARDWARE,25.62,25.47,-,21.0437,4.5875,+0.02,-,71.74,70.81,-,,
02/05/2026 22:21:51,ACTION,LSTM_AI,PI_HARDWARE,25.84,25.5,Set AC Fan to MEDIUM & Peltier ON,21.0437,4.5875,+0.10,117.2,71.45,71.39,24,,
02/05/2026 22:22:16,ENVIRONMENT,Sensors,PI_HARDWARE,25.97,25.6,-,21.051,4.5891,+0.15,-,71.32,72.26,-,,
02/05/2026 22:22:36,ACTION,LSTM_AI,PI_HARDWARE,25.79,25.67,Set AC Fan to LOW & Peltier OFF,21.056,4.5902,+0.08,113.2,71.16,72.33,26.66,,
02/05/2026 22:23:09,ACTION,LSTM_AI,PI_HARDWARE,25.82,25.77,Set AC Fan to MEDIUM & Peltier ON,21.0561,4.5902,+0.12,111.6,74.58,72.56,24,,
02/05/2026 22:23:16,ENVIRONMENT,Sensors,PI_HARDWARE,25.83,25.81,-,21.0583,4.5907,+0.12,-,74.13,72.66,-,,
02/05/2026 22:23:51,ACTION,LSTM_AI,PI_HARDWARE,25.8,25.9,Set AC Fan to LOW & Peltier OFF,21.0678,4.5928,+0.09,111,72.22,73.15,26.66,,
02/05/2026 22:24:09,ACTION,LSTM_AI,PI_HARDWARE,25.81,26,Set AC Fan to MEDIUM & Peltier ON,21.0678,4.5928,+0.11,113.4,73.99,73.19,24,,
02/05/2026 22:24:16,ENVIRONMENT,Sensors,PI_HARDWARE,25.86,26,-,21.0701,4.5933,+0.13,-,74.82,73.15,-,,
02/05/2026 22:25:09,ACTION,LSTM_AI,PI_HARDWARE,25.8,26.22,Set AC Fan to LOW & Peltier OFF,21.0846,4.5964,+0.09,114,72.78,73.53,26.66,,
02/05/2026 22:25:16,ENVIRONMENT,Sensors,PI_HARDWARE,25.79,26.28,-,21.0846,4.5964,+0.10,-,73.25,73.49,-,,
02/05/2026 22:25:21,ACTION,LSTM_AI,PI_HARDWARE,25.83,26.26,Set AC Fan to MEDIUM & Peltier ON,21.0846,4.5964,+0.11,114.9,73.64,73.52,24,,
02/05/2026 22:26:16,ENVIRONMENT,Sensors,PI_HARDWARE,25.87,26.45,-,21.1002,4.5999,+0.11,-,71.67,72.32,-,,
02/05/2026 22:26:48,ACTION,LSTM_AI,PI_HARDWARE,26.93,26.49,Set AC Fan to HIGH & Peltier ON,21.1086,4.6017,+0.51,115,71.07,70.91,24,,
02/05/2026 22:31:15,SYSTEM,BOOT,PI_HARDWARE,24,24,--- Raspberry Pi AI Master Started ---,21.1478,4.6102,-0.77,-,50,50,-,,
02/05/2026 22:31:58,ACTION,LSTM_AI,PI_HARDWARE,25.96,25.93,Set AC Fan to MEDIUM & Peltier ON,21.1589,4.6126,+0.08,107.4,64.63,63.16,24,,
02/05/2026 22:32:08,ACTION,LSTM_AI,PI_HARDWARE,25.77,25.91,Set AC Fan to LOW & Peltier OFF,21.1623,4.6134,+0.02,115.1,65.42,64.25,26.67,,
02/05/2026 22:32:15,ENVIRONMENT,Sensors,PI_HARDWARE,25.74,25.88,-,21.1623,4.6134,+0.01,-,66.13,64.75,-,,
02/05/2026 22:32:22,ACTION,LSTM_AI,PI_HARDWARE,25.81,25.91,Set AC Fan to MEDIUM & Peltier ON,21.1623,4.6134,+0.05,115.2,66.94,65.06,24,,start shot hair dryier
02/05/2026 22:32:35,ACTION,LSTM_AI,PI_HARDWARE,26,25.88,Set AC Fan to HIGH & Peltier ON,21.1651,4.614,+0.13,115.6,67.57,65.59,24,,
02/05/2026 22:33:26,ENVIRONMENT,Sensors,PI_HARDWARE,27.47,26.09,-,21.1774,4.6167,+0.66,-,64.43,67.5,-,,
02/05/2026 22:34:15,ENVIRONMENT,Sensors,PI_HARDWARE,30.14,26.72,-,21.1942,4.6203,+3.00,-,59.07,67.63,-,,turn hair dryier ogg
02/05/2026 22:34:35,ACTION,USER,PI_HARDWARE,30.14,26.72,Set STATUS to OFF,21.1997,4.6215,+3.00,-,59.07,67.63,-,,
02/05/2026 22:35:15,ENVIRONMENT,Sensors,PI_HARDWARE,28.81,27.18,-,21.2109,4.624,+1.16,-,62.89,67.66,-,,
02/05/2026 22:36:15,ENVIRONMENT,Sensors,PI_HARDWARE,28.38,27.22,-,21.2277,4.6276,+1.01,-,64.26,68.22,-,,
02/05/2026 22:37:06,ACTION,USER,PI_HARDWARE,28.38,27.22,Set STATUS to OFF,21.2417,4.6307,+1.01,-,64.26,68.22,-,,
02/05/2026 22:37:15,ENVIRONMENT,Sensors,PI_HARDWARE,27.47,27.28,-,21.2445,4.6313,+0.70,-,69.01,69.94,-,,
02/05/2026 22:38:15,ENVIRONMENT,Sensors,PI_HARDWARE,27.11,27.24,-,21.2612,4.6349,+0.57,-,69.65,70.68,-,,
02/05/2026 22:39:08,ACTION,USER,PI_HARDWARE,27.11,27.24,Set STATUS to OFF,21.2758,4.6381,+0.57,-,69.65,70.68,-,,
02/05/2026 22:39:15,ENVIRONMENT,Sensors,PI_HARDWARE,26.84,27.18,-,21.278,4.6386,+0.46,-,68.49,70.68,-,,
02/05/2026 22:40:16,ENVIRONMENT,Sensors,PI_HARDWARE,26.12,27.08,-,21.2948,4.6423,+0.17,-,67.28,66.89,-,,
02/05/2026 22:40:49,ACTION,USER,PI_HARDWARE,26.05,27.1,Set STATUS to OFF,21.3037,4.6442,+0.14,-,66.97,66.81,-,,
02/05/2026 22:40:52,ACTION,LSTM_AI,PI_HARDWARE,25.94,27.1,Set AC Fan to MEDIUM & Peltier ON,21.3048,4.6445,+0.10,107.3,66.97,66.81,24,,
02/05/2026 22:40:58,ACTION,LSTM_AI,PI_HARDWARE,25.72,26.98,Set AC Fan to LOW & Peltier OFF,21.3065,4.6448,+0.01,114,66.98,64.95,26.66,,done test
02/05/2026 22:41:16,ENVIRONMENT,Sensors,PI_HARDWARE,25.61,26.91,-,21.3065,4.6448,-0.02,-,67.93,64.43,-,,
02/05/2026 22:42:16,ENVIRONMENT,Sensors,PI_HARDWARE,25.77,26.63,-,21.3066,4.6448,+0.04,-,68.46,62.75,-,,
02/05/2026 22:43:21,ENVIRONMENT,Sensors,PI_HARDWARE,25.7,26.26,-,21.3067,4.6449,0,-,65.96,61.6,-,,
02/05/2026 22:43:49,ACTION,LSTM_AI,PI_HARDWARE,25.82,26.11,Set AC Fan to MEDIUM & Peltier ON,21.3067,4.6449,+0.05,114.5,66.93,62.76,24,,
02/05/2026 22:44:16,ENVIRONMENT,Sensors,PI_HARDWARE,25.79,26.01,-,21.3146,4.6466,+0.04,-,67,64.48,-,,
02/05/2026 22:44:16,ACTION,LSTM_AI,PI_HARDWARE,25.75,26.01,Set AC Fan to LOW & Peltier OFF,21.3146,4.6466,+0.03,113.1,67,64.48,26.66,,
02/05/2026 22:56:58,ACTION,LSTM_AI,PI_HARDWARE,25.81,25.43,Set AC Fan to MEDIUM & Peltier ON,21.3924,4.6635,+0.07,113.5,69.59,68.83,24,,
02/05/2026 22:57:26,ENVIRONMENT,Sensors,PI_HARDWARE,25.91,25.4,-,21.398,4.6648,+0.11,-,69.7,69.92,-,,
02/05/2026 22:57:32,ACTION,LSTM_AI,PI_HARDWARE,25.77,25.42,Set AC Fan to LOW & Peltier OFF,21.4019,4.6656,+0.06,107.3,69.82,70.58,26.66,,
02/05/2026 22:58:17,ENVIRONMENT,Sensors,PI_HARDWARE,25.75,25.51,-,21.4019,4.6656,+0.07,-,72,71.68,-,,
02/05/2026 22:58:25,ACTION,LSTM_AI,PI_HARDWARE,25.83,25.53,Set AC Fan to MEDIUM & Peltier ON,21.4019,4.6656,+0.10,118.9,72.07,71.84,24,,
02/05/2026 22:59:30,ENVIRONMENT,Sensors,PI_HARDWARE,25.75,25.66,-,21.4154,4.6686,+0.06,-,70.89,72.91,-,,
02/05/2026 22:59:32,ACTION,LSTM_AI,PI_HARDWARE,25.77,25.63,Set AC Fan to LOW & Peltier OFF,21.4154,4.6685,+0.07,130,70.91,72.8,26.66,,
02/05/2026 23:01:19,ENVIRONMENT,Sensors,PI_HARDWARE,25.82,25.97,-,21.4417,4.6743,+0.10,-,72.26,74.06,-,,
02/05/2026 23:01:47,ACTION,USER,PI_HARDWARE,25.82,25.97,Set STATUS to OFF,21.4501,4.6761,+0.10,-,72.26,74.06,-,,
02/05/2026 23:02:17,ENVIRONMENT,Sensors,PI_HARDWARE,25.89,26.25,-,21.4584,4.6779,+0.13,-,72.57,74.51,-,,
02/05/2026 23:03:04,ACTION,USER,PI_HARDWARE,25.88,26.33,Set STATUS to OFF,21.4707,4.6806,+0.12,-,71.9,73.6,-,,
02/05/2026 23:03:17,ENVIRONMENT,Sensors,PI_HARDWARE,25.81,26.4,-,21.4752,4.6816,+0.08,-,70.78,72.18,-,,
02/05/2026 23:03:20,ACTION,LSTM_AI,PI_HARDWARE,25.79,26.39,Set AC Fan to LOW & Peltier OFF,21.4758,4.6817,+0.07,109.1,70.65,71.87,26.66,,
02/05/2026 23:03:42,ACTION,LSTM_AI,PI_HARDWARE,25.8,26.4,Set AC Fan to MEDIUM & Peltier ON,21.4758,4.6817,+0.10,108.4,72.62,71.12,24,,
02/05/2026 23:04:19,ACTION,LSTM_AI,PI_HARDWARE,25.76,26.38,Set AC Fan to LOW & Peltier OFF,21.4847,4.6837,+0.05,112.6,69.64,69.19,26.66,,
02/05/2026 23:04:19,ENVIRONMENT,Sensors,PI_HARDWARE,25.76,26.38,-,21.4848,4.6837,+0.05,-,69.36,69.06,-,,
02/05/2026 23:08:18,ENVIRONMENT,Sensors,PI_HARDWARE,25.66,25.56,-,21.4851,4.6837,-0.02,-,65.47,63.79,-,,
02/05/2026 23:08:48,ACTION,LSTM_AI,PI_HARDWARE,25.84,25.51,Set AC Fan to MEDIUM & Peltier ON,21.4851,4.6838,+0.06,116.5,66.66,65.65,24,,
02/05/2026 23:09:18,ENVIRONMENT,Sensors,PI_HARDWARE,25.84,25.49,-,21.4935,4.6856,+0.06,-,67.74,67.77,-,,
02/05/2026 23:09:21,ACTION,LSTM_AI,PI_HARDWARE,25.74,25.47,Set AC Fan to LOW & Peltier OFF,21.4941,4.6857,+0.03,151.2,67.83,67.93,26.66,,
02/05/2026 23:11:51,ACTION,LSTM_AI,PI_HARDWARE,25.83,25.69,Set AC Fan to MEDIUM & Peltier ON,21.5093,4.689,+0.12,110.9,73.92,71.93,24,,
02/05/2026 23:12:18,ENVIRONMENT,Sensors,PI_HARDWARE,25.95,25.77,-,21.5171,4.6907,+0.14,-,71.45,72.39,-,,
02/05/2026 23:13:12,ACTION,LSTM_AI,PI_HARDWARE,25.82,25.91,Set AC Fan to MEDIUM & Peltier ON,21.5261,4.6927,+0.11,106.8,73.76,72.85,24,,
02/05/2026 23:13:18,ENVIRONMENT,Sensors,PI_HARDWARE,25.88,25.93,-,21.5283,4.6932,+0.14,-,74.77,72.95,-,,
02/05/2026 23:14:18,ENVIRONMENT,Sensors,PI_HARDWARE,25.85,26.08,-,21.5451,4.6968,+0.11,-,72.23,74.03,-,,
02/05/2026 23:15:18,ACTION,LSTM_AI,PI_HARDWARE,25.79,26.22,Set AC Fan to LOW & Peltier OFF,21.5613,4.7004,+0.08,113.4,71.48,73.38,26.66,,
02/05/2026 23:15:18,ENVIRONMENT,Sensors,PI_HARDWARE,25.79,26.22,-,21.5613,4.7004,+0.08,-,71.37,73.15,-,,
02/05/2026 23:15:36,ACTION,LSTM_AI,PI_HARDWARE,25.83,26.26,Set AC Fan to MEDIUM & Peltier ON,21.5613,4.7004,+0.11,107.2,72.98,72.58,24,,
02/05/2026 23:16:12,ACTION,LSTM_AI,PI_HARDWARE,25.79,26.26,Set AC Fan to LOW & Peltier OFF,21.5714,4.7026,+0.07,115.6,70.36,70.99,26.66,,
02/05/2026 23:16:18,ENVIRONMENT,Sensors,PI_HARDWARE,25.74,26.24,-,21.5714,4.7026,+0.05,-,70.02,70.55,-,,
02/05/2026 23:17:32,ACTION,LSTM_AI,PI_HARDWARE,25.79,26.11,Set AC Fan to LOW & Peltier OFF,21.5754,4.7034,+0.07,113.6,70.87,68.03,26.67,,
02/05/2026 23:18:18,ENVIRONMENT,Sensors,PI_HARDWARE,25.57,25.97,-,21.5755,4.7034,-0.02,-,69.34,66.21,-,,
02/05/2026 23:20:13,ACTION,LSTM_AI,PI_HARDWARE,25.8,25.62,Set AC Fan to MEDIUM & Peltier ON,21.5756,4.7035,+0.03,107.2,65.52,64.83,24,,
02/05/2026 23:20:19,ENVIRONMENT,Sensors,PI_HARDWARE,25.9,25.54,-,21.5795,4.7043,+0.08,-,66.12,65.73,-,,
02/05/2026 23:24:30,ACTION,LSTM_AI,PI_HARDWARE,25.83,25.85,Set AC Fan to MEDIUM & Peltier ON,21.6121,4.7114,+0.13,113.2,74.94,73.38,24,,
02/05/2026 23:25:18,ENVIRONMENT,Sensors,PI_HARDWARE,25.83,25.98,-,21.6261,4.7145,+0.10,-,72.5,74.16,-,,
02/05/2026 23:25:30,ACTION,LSTM_AI,PI_HARDWARE,25.79,25.98,Set AC Fan to LOW & Peltier OFF,21.6289,4.7151,+0.09,115.2,72.54,74.26,26.66,,
02/05/2026 23:25:45,ACTION,LSTM_AI,PI_HARDWARE,25.81,26.02,Set AC Fan to MEDIUM & Peltier ON,21.6289,4.7151,+0.11,113,74.14,74.36,24,,
02/05/2026 23:26:18,ENVIRONMENT,Sensors,PI_HARDWARE,25.99,26.09,-,21.6384,4.7172,+0.17,-,73.48,74.84,-,,
02/05/2026 23:27:32,ENVIRONMENT,Sensors,PI_HARDWARE,25.77,26.26,-,21.6529,4.7203,+0.08,-,71.91,73.04,-,,
02/05/2026 23:28:04,ACTION,LSTM_AI,PI_HARDWARE,25.8,26.26,Set AC Fan to LOW & Peltier OFF,21.6602,4.7219,+0.08,107.3,71.54,71.35,26.66,,
02/05/2026 23:28:19,ENVIRONMENT,Sensors,PI_HARDWARE,25.72,26.21,-,21.6603,4.7219,+0.06,-,72.1,70.66,-,,
02/05/2026 23:29:19,ENVIRONMENT,Sensors,PI_HARDWARE,25.75,26.09,-,21.6603,4.722,+0.07,-,71.54,68.32,-,,
02/05/2026 23:30:19,ENVIRONMENT,Sensors,PI_HARDWARE,25.66,25.9,-,21.6604,4.722,-0.02,-,66.47,65.99,-,,
02/05/2026 23:31:43,ACTION,LSTM_AI,PI_HARDWARE,25.77,25.62,Set AC Fan to LOW & Peltier OFF,21.67,4.7241,+0.05,114,68.95,68.66,26.66,,
02/05/2026 23:32:19,ENVIRONMENT,Sensors,PI_HARDWARE,25.66,25.6,-,21.67,4.7241,+0.02,-,71.01,70.23,-,,
02/05/2026 23:32:39,ACTION,LSTM_AI,PI_HARDWARE,25.81,25.57,Set AC Fan to MEDIUM & Peltier ON,21.6701,4.7241,+0.08,115.9,71.02,70.69,24,,
02/05/2026 23:33:24,ENVIRONMENT,Sensors,PI_HARDWARE,25.77,25.62,-,21.6807,4.7264,+0.07,-,70.88,72.09,-,,
02/05/2026 23:33:24,ACTION,LSTM_AI,PI_HARDWARE,25.77,25.62,Set AC Fan to LOW & Peltier OFF,21.6807,4.7264,+0.07,114.6,70.91,72.09,26.66,,
02/05/2026 23:33:57,ACTION,LSTM_AI,PI_HARDWARE,25.82,25.66,Set AC Fan to MEDIUM & Peltier ON,21.6807,4.7264,+0.11,114.8,73.41,72.65,24,,
02/05/2026 23:35:21,ENVIRONMENT,Sensors,PI_HARDWARE,25.9,25.83,-,21.6959,4.7297,+0.16,-,75.34,73.8,-,,
02/05/2026 23:36:02,ACTION,LSTM_AI,PI_HARDWARE,25.78,25.91,Set AC Fan to LOW & Peltier OFF,21.7054,4.7318,+0.09,115.1,72.79,74.3,26.66,,
02/05/2026 23:36:28,ENVIRONMENT,Sensors,PI_HARDWARE,25.86,26,-,21.7065,4.732,+0.15,-,76.29,74.51,-,,
02/05/2026 23:37:19,ENVIRONMENT,Sensors,PI_HARDWARE,25.83,26.12,-,21.7233,4.7357,+0.11,-,73.16,75.08,-,,
02/05/2026 23:37:39,ACTION,LSTM_AI,PI_HARDWARE,25.8,26.17,Set AC Fan to LOW & Peltier OFF,21.7289,4.7369,+0.09,107.7,72.79,74.74,26.66,,
02/05/2026 23:37:53,ACTION,LSTM_AI,PI_HARDWARE,25.8,26.19,Set AC Fan to MEDIUM & Peltier ON,21.7289,4.7369,+0.10,111.4,73.39,74.38,24,,
02/05/2026 23:38:25,ENVIRONMENT,Sensors,PI_HARDWARE,25.84,26.22,-,21.7367,4.7386,+0.10,-,72.17,73.33,-,,
02/05/2026 23:40:19,ENVIRONMENT,Sensors,PI_HARDWARE,25.64,26.04,-,21.7463,4.7407,+0.02,-,71.73,68.09,-,,
02/05/2026 23:41:19,ENVIRONMENT,Sensors,PI_HARDWARE,25.64,25.84,-,21.7464,4.7407,-0.02,-,66.64,65.89,-,,
02/05/2026 23:42:45,ACTION,LSTM_AI,PI_HARDWARE,25.77,25.54,Set AC Fan to LOW & Peltier OFF,21.7554,4.7427,+0.05,110.3,68.64,68.31,26.66,,
02/05/2026 23:43:19,ENVIRONMENT,Sensors,PI_HARDWARE,25.66,25.54,-,21.7555,4.7427,+0.02,-,70.52,69.87,-,,
02/05/2026 23:43:42,ACTION,LSTM_AI,PI_HARDWARE,25.82,25.54,Set AC Fan to MEDIUM & Peltier ON,21.7555,4.7427,+0.08,113,70.68,70.48,24,,
02/05/2026 23:44:21,ENVIRONMENT,Sensors,PI_HARDWARE,25.84,25.57,-,21.7661,4.745,+0.09,-,70.72,71.76,-,,
02/05/2026 23:44:22,ACTION,LSTM_AI,PI_HARDWARE,25.8,25.57,Set AC Fan to LOW & Peltier OFF,21.7661,4.745,+0.08,111.1,70.72,71.76,26.66,,
02/05/2026 23:45:32,ENVIRONMENT,Sensors,PI_HARDWARE,25.89,25.67,-,21.7729,4.7465,+0.13,-,72.32,72.72,-,,
02/05/2026 23:46:20,ENVIRONMENT,Sensors,PI_HARDWARE,25.92,25.8,-,21.7813,4.7483,+0.15,-,74.2,73.55,-,,
02/05/2026 23:48:06,ACTION,LSTM_AI,PI_HARDWARE,25.78,26.05,Set AC Fan to LOW & Peltier OFF,21.8054,4.7536,+0.09,115.1,73.05,74.79,26.66,,
02/05/2026 23:48:20,ENVIRONMENT,Sensors,PI_HARDWARE,25.79,26.09,-,21.8054,4.7536,+0.11,-,74.62,74.87,-,,
02/05/2026 23:48:24,ACTION,LSTM_AI,PI_HARDWARE,25.84,26.11,Set AC Fan to MEDIUM & Peltier ON,21.8054,4.7536,+0.13,113.1,75.17,74.85,24,,
02/05/2026 23:49:15,ACTION,LSTM_AI,PI_HARDWARE,25.77,26.15,Set AC Fan to LOW & Peltier OFF,21.8194,4.7566,+0.07,112.7,71.62,73.09,26.66,,
02/05/2026 23:49:20,ENVIRONMENT,Sensors,PI_HARDWARE,25.74,26.15,-,21.8194,4.7566,+0.06,-,71.43,72.83,-,,
02/05/2026 23:49:45,ACTION,LSTM_AI,PI_HARDWARE,25.8,26.15,Set AC Fan to MEDIUM & Peltier ON,21.8194,4.7566,+0.11,112.3,74.46,72.14,24,,
02/05/2026 23:50:09,ACTION,LSTM_AI,PI_HARDWARE,25.78,26.15,Set AC Fan to LOW & Peltier OFF,21.8261,4.7581,+0.08,107.9,71.53,71.15,26.66,,
02/05/2026 23:50:20,ENVIRONMENT,Sensors,PI_HARDWARE,25.71,26.12,-,21.8261,4.7581,+0.04,-,70.88,70.34,-,,
02/05/2026 23:51:20,ENVIRONMENT,Sensors,PI_HARDWARE,25.75,25.98,-,21.8262,4.7581,+0.05,-,70.07,68.21,-,,
02/05/2026 23:52:02,ACTION,LSTM_AI,PI_HARDWARE,25.82,25.88,Set AC Fan to MEDIUM & Peltier ON,21.8263,4.7581,+0.06,112.9,67.24,67,24,,
02/05/2026 23:54:55,ACTION,LSTM_AI,PI_HARDWARE,25.83,25.74,Set AC Fan to MEDIUM & Peltier ON,21.8482,4.7629,+0.12,113.9,74.38,72.75,24,,
02/05/2026 23:55:20,ENVIRONMENT,Sensors,PI_HARDWARE,25.93,25.74,-,21.8555,4.7645,+0.14,-,72.67,73.2,-,,
02/05/2026 23:55:37,ACTION,LSTM_AI,PI_HARDWARE,25.8,25.8,Set AC Fan to LOW & Peltier OFF,21.8599,4.7655,+0.09,115.9,72.07,73.58,26.66,,
02/05/2026 23:55:58,ACTION,LSTM_AI,PI_HARDWARE,25.81,25.84,Set AC Fan to MEDIUM & Peltier ON,21.86,4.7655,+0.11,114.6,74.63,73.78,24,,
02/05/2026 23:56:20,ENVIRONMENT,Sensors,PI_HARDWARE,25.89,25.85,-,21.8667,4.7669,+0.14,-,73.63,74.05,-,,
02/05/2026 23:56:40,ACTION,LSTM_AI,PI_HARDWARE,25.8,25.9,Set AC Fan to LOW & Peltier OFF,21.8717,4.768,+0.09,114.6,72.82,74.34,26.66,,
02/05/2026 23:56:52,ACTION,LSTM_AI,PI_HARDWARE,25.8,25.94,Set AC Fan to MEDIUM & Peltier ON,21.8717,4.768,+0.10,107.2,73.57,74.52,24,,
02/05/2026 23:57:20,ENVIRONMENT,Sensors,PI_HARDWARE,25.89,25.98,-,21.8801,4.7699,+0.14,-,73.58,74.76,-,,
02/05/2026 23:57:46,ACTION,LSTM_AI,PI_HARDWARE,25.8,26.04,Set AC Fan to LOW & Peltier OFF,21.8868,4.7713,+0.10,112.2,73.19,75.05,26.66,,
02/05/2026 23:58:01,ACTION,LSTM_AI,PI_HARDWARE,25.85,26.06,Set AC Fan to MEDIUM & Peltier ON,21.8868,4.7713,+0.13,107.4,74.9,75.17,24,,
02/05/2026 23:58:16,ACTION,LSTM_AI,PI_HARDWARE,26.01,26.12,Set AC Fan to HIGH & Peltier ON,21.8907,4.7722,+0.20,115.1,75.71,75.22,24,,
02/05/2026 23:58:20,ENVIRONMENT,Sensors,PI_HARDWARE,26.01,26.14,-,21.8924,4.7725,+0.19,-,74.99,75.31,-,,
02/05/2026 23:58:25,ACTION,LSTM_AI,PI_HARDWARE,26,26.14,Set AC Fan to MEDIUM & Peltier ON,21.8935,4.7728,+0.19,107.3,74.74,75.32,24,,
02/05/2026 23:58:31,ACTION,LSTM_AI,PI_HARDWARE,26,26.17,Set AC Fan to HIGH & Peltier ON,21.8952,4.7732,+0.19,112.9,74.44,75.35,24,,
02/05/2026 23:59:20,ENVIRONMENT,Sensors,PI_HARDWARE,26,26.17,-,21.9092,4.7762,+0.18,-,74.14,75.38,-,,
03/05/2026 00:00:06,ACTION,USER,PI_HARDWARE,26,26.17,Set STATUS to OFF,21.9215,4.7789,+0.18,-,74.14,75.38,-,,
03/05/2026 00:00:09,ACTION,LSTM_AI,PI_HARDWARE,25.89,26.17,Set AC Fan to MEDIUM & Peltier ON,21.9226,4.7791,+0.14,115.1,74.14,75.38,24,,
03/05/2026 00:00:15,ACTION,LSTM_AI,PI_HARDWARE,25.67,26.17,Set AC Fan to LOW & Peltier OFF,21.9243,4.7795,+0.04,113.4,71.72,72.08,26.66,,
03/05/2026 00:00:20,ENVIRONMENT,Sensors,PI_HARDWARE,25.56,26.26,-,21.9243,4.7795,-0.01,-,71.5,71.84,-,,
03/05/2026 00:01:21,ENVIRONMENT,Sensors,PI_HARDWARE,25.78,26.12,-,21.9244,4.7795,+0.09,-,73.53,69.65,-,,
03/05/2026 00:02:21,ENVIRONMENT,Sensors,PI_HARDWARE,25.7,25.93,-,21.9244,4.7795,+0.04,-,70.35,67.33,-,,
03/05/2026 00:03:18,ACTION,LSTM_AI,PI_HARDWARE,25.82,25.73,Set AC Fan to MEDIUM & Peltier ON,21.9245,4.7795,+0.09,114.1,70.74,68.33,24,,
03/05/2026 00:03:21,ENVIRONMENT,Sensors,PI_HARDWARE,25.82,25.76,-,21.9256,4.7798,+0.09,-,70.75,68.49,-,,
03/05/2026 00:03:45,ACTION,LSTM_AI,PI_HARDWARE,25.77,25.69,Set AC Fan to LOW & Peltier OFF,21.9323,4.7813,+0.07,112.2,70.69,69.88,26.66,,
03/05/2026 00:04:21,ENVIRONMENT,Sensors,PI_HARDWARE,25.66,25.66,-,21.9324,4.7813,+0.04,-,72.55,71.01,-,,
03/05/2026 00:04:42,ACTION,LSTM_AI,PI_HARDWARE,25.82,25.66,Set AC Fan to MEDIUM & Peltier ON,21.9324,4.7813,+0.10,115.4,72.53,71.68,24,,
03/05/2026 00:05:21,ENVIRONMENT,Sensors,PI_HARDWARE,25.82,25.7,-,21.9436,4.7837,+0.09,-,71.84,72.82,-,,
03/05/2026 00:05:21,ACTION,LSTM_AI,PI_HARDWARE,25.78,25.7,Set AC Fan to LOW & Peltier OFF,21.9436,4.7837,+0.08,117,71.84,72.82,26.66,,
03/05/2026 00:05:57,ACTION,LSTM_AI,PI_HARDWARE,25.81,25.77,Set AC Fan to MEDIUM & Peltier ON,21.9436,4.7837,+0.12,108.4,75.28,73.44,24,,
03/05/2026 00:06:21,ENVIRONMENT,Sensors,PI_HARDWARE,25.91,25.78,-,21.9504,4.7852,+0.14,-,73.45,73.79,-,,
03/05/2026 00:06:39,ACTION,LSTM_AI,PI_HARDWARE,25.77,25.81,Set AC Fan to LOW & Peltier OFF,21.9554,4.7863,+0.08,113,72.72,74.09,26.66,,
03/05/2026 00:06:57,ACTION,LSTM_AI,PI_HARDWARE,25.81,25.85,Set AC Fan to MEDIUM & Peltier ON,21.9554,4.7863,+0.11,113.2,74.55,74.24,24,,
03/05/2026 00:07:21,ENVIRONMENT,Sensors,PI_HARDWARE,25.88,25.91,-,21.9621,4.7877,+0.14,-,74.12,74.5,-,,
03/05/2026 00:07:42,ACTION,LSTM_AI,PI_HARDWARE,25.78,25.95,Set AC Fan to LOW & Peltier OFF,21.9677,4.789,+0.09,113.2,73.3,74.88,26.66,,
03/05/2026 00:08:06,ACTION,LSTM_AI,PI_HARDWARE,25.85,26,Set AC Fan to MEDIUM & Peltier ON,21.9677,4.789,+0.14,107.4,76.33,74.99,24,,
03/05/2026 00:08:21,ENVIRONMENT,Sensors,PI_HARDWARE,26,26.05,-,21.9722,4.7899,+0.20,-,76.29,75.1,-,,
03/05/2026 00:08:24,ACTION,LSTM_AI,PI_HARDWARE,26.03,26.05,Set AC Fan to HIGH & Peltier ON,21.9728,4.7901,+0.21,116.3,75.8,75.1,24,,
03/05/2026 00:08:36,ACTION,LSTM_AI,PI_HARDWARE,25.97,26.05,Set AC Fan to MEDIUM & Peltier ON,21.9761,4.7908,+0.18,119.1,74.51,75.27,24,,
03/05/2026 00:09:21,ENVIRONMENT,Sensors,PI_HARDWARE,25.84,26.19,-,21.989,4.7936,+0.12,-,73.82,75.66,-,,
03/05/2026 00:09:54,ACTION,LSTM_AI,PI_HARDWARE,25.8,26.24,Set AC Fan to LOW & Peltier OFF,21.9979,4.7955,+0.10,113.2,72.86,74.77,26.66,,
03/05/2026 00:10:09,ACTION,LSTM_AI,PI_HARDWARE,25.81,26.22,Set AC Fan to MEDIUM & Peltier ON,21.9979,4.7955,+0.11,115.2,73.88,74.21,24,,
03/05/2026 00:10:21,ENVIRONMENT,Sensors,PI_HARDWARE,25.87,26.26,-,22.0013,4.7963,+0.14,-,74.51,73.71,-,,
03/05/2026 00:10:45,ACTION,LSTM_AI,PI_HARDWARE,25.78,26.26,Set AC Fan to LOW & Peltier OFF,22.008,4.7977,+0.08,114,71.62,72.35,26.66,,
03/05/2026 00:11:21,ENVIRONMENT,Sensors,PI_HARDWARE,25.77,26.18,-,22.008,4.7978,+0.10,-,74.07,71.08,-,,
03/05/2026 00:11:30,ACTION,LSTM_AI,PI_HARDWARE,25.81,26.15,Set AC Fan to MEDIUM & Peltier ON,22.0081,4.7978,+0.11,115,74.14,70.7,24,,
03/05/2026 00:11:48,ACTION,LSTM_AI,PI_HARDWARE,25.79,26.14,Set AC Fan to LOW & Peltier OFF,22.0131,4.7989,+0.09,113.2,71.95,69.79,26.67,,
03/05/2026 00:12:07,SYSTEM,SHUTDOWN,PI_HARDWARE,25.65,26.09,Master Script Stopped Manually,22.0131,4.7989,+0.02,-,70.92,68.92,-,,
06/05/2026 19:37:42,SYSTEM,BOOT,PI_HARDWARE,24,24,--- Raspberry Pi AI Master Started ---,22.0145,4.7992,-0.77,-,50,50,-,,
06/05/2026 19:38:37,ACTION,USER,PI_HARDWARE,24,24,Set STATUS to OFF,22.0146,4.7992,-0.77,-,50,50,-,,
06/05/2026 19:38:40,ACTION,LSTM_AI,PI_HARDWARE,27.09,24,Set AC Fan to HIGH & Peltier ON,22.0146,4.7992,+0.38,406.6,50,50,24,,
06/05/2026 19:38:42,ENVIRONMENT,Sensors,PI_HARDWARE,27.09,26.76,-,22.0157,4.7994,+0.50,-,63.42,63.16,-,,
06/05/2026 19:39:42,ENVIRONMENT,Sensors,PI_HARDWARE,26.11,26.84,-,22.0324,4.8031,+0.15,-,65.75,64.27,-,,
06/05/2026 19:39:51,ACTION,LSTM_AI,PI_HARDWARE,25.96,26.84,Set AC Fan to MEDIUM & Peltier ON,22.0347,4.8036,+0.10,107.3,65.78,64.13,24,,
06/05/2026 19:40:23,ACTION,USER,PI_HARDWARE,25.96,26.84,Set STATUS to OFF,22.0436,4.8055,+0.10,-,65.78,64.06,-,,
06/05/2026 19:40:28,ACTION,LSTM_AI,PI_HARDWARE,25.74,26.94,Set AC Fan to LOW & Peltier OFF,22.0453,4.8059,+0.01,107.6,65.31,63.1,26.66,,
06/05/2026 19:40:42,ENVIRONMENT,Sensors,PI_HARDWARE,25.61,26.97,-,22.0453,4.8059,-0.03,-,66.65,62.72,-,,
06/05/2026 19:41:08,ACTION,LSTM_AI,PI_HARDWARE,25.87,26.93,Set AC Fan to MEDIUM & Peltier ON,22.0453,4.8059,+0.08,107.2,67.9,61.99,24,,
06/05/2026 19:41:22,ACTION,LSTM_AI,PI_HARDWARE,26.02,26.94,Set AC Fan to HIGH & Peltier ON,22.0498,4.8069,+0.11,112.9,65.19,61.5,24,,
06/05/2026 19:41:29,ACTION,LSTM_AI,PI_HARDWARE,25.98,26.91,Set AC Fan to MEDIUM & Peltier ON,22.0515,4.8072,+0.09,107.6,64.16,61.29,24,,
06/05/2026 19:41:42,ENVIRONMENT,Sensors,PI_HARDWARE,25.87,26.91,-,22.0554,4.8081,+0.04,-,63.05,60.8,-,,
06/05/2026 19:41:49,ACTION,LSTM_AI,PI_HARDWARE,25.76,26.87,Set AC Fan to LOW & Peltier OFF,22.0571,4.8084,-0.01,114.2,62.9,60.56,26.66,,
06/05/2026 19:42:25,ACTION,LSTM_AI,PI_HARDWARE,25.81,26.81,Set AC Fan to MEDIUM & Peltier ON,22.0571,4.8085,+0.01,113.6,62.56,59.66,24,,
06/05/2026 19:42:42,ENVIRONMENT,Sensors,PI_HARDWARE,25.94,26.84,-,22.0622,4.8095,+0.05,-,61.17,59.21,-,,
06/05/2026 19:42:58,ACTION,LSTM_AI,PI_HARDWARE,25.79,26.73,Set AC Fan to LOW & Peltier OFF,22.0666,4.8105,-0.01,107.1,60.86,58.77,26.66,,
06/05/2026 19:43:37,ACTION,LSTM_AI,PI_HARDWARE,25.81,26.69,Set AC Fan to MEDIUM & Peltier ON,22.0667,4.8105,-0.01,107.2,60.3,57.97,24,,
06/05/2026 19:43:42,ENVIRONMENT,Sensors,PI_HARDWARE,25.85,26.64,-,22.0684,4.8109,+0.00,-,59.85,57.9,-,,
06/05/2026 19:44:07,ACTION,LSTM_AI,PI_HARDWARE,25.75,26.59,Set AC Fan to LOW & Peltier OFF,22.0751,4.8124,-0.04,107.3,59.17,57.53,26.66,,
06/05/2026 19:44:42,ENVIRONMENT,Sensors,PI_HARDWARE,25.67,26.46,-,22.0751,4.8124,-0.08,-,58.88,56.96,-,,
06/05/2026 19:45:01,ACTION,LSTM_AI,PI_HARDWARE,25.84,26.39,Set AC Fan to MEDIUM & Peltier ON,22.0751,4.8124,-0.02,107.2,57.99,56.75,24,,
06/05/2026 19:45:28,ACTION,LSTM_AI,PI_HARDWARE,25.8,26.31,Set AC Fan to LOW & Peltier OFF,22.083,4.8141,-0.04,108.2,57.49,56.5,26.66,,
06/05/2026 19:45:42,ENVIRONMENT,Sensors,PI_HARDWARE,25.68,26.26,-,22.083,4.8141,-0.08,-,57.73,56.31,-,,
06/05/2026 19:46:26,ACTION,LSTM_AI,PI_HARDWARE,25.84,26.14,Set AC Fan to MEDIUM & Peltier ON,22.083,4.8141,-0.03,107.9,56.62,55.99,24,,
06/05/2026 19:46:43,ENVIRONMENT,Sensors,PI_HARDWARE,25.91,26.08,-,22.0881,4.8152,-0.01,-,56.18,55.87,-,,
06/05/2026 19:46:53,ACTION,LSTM_AI,PI_HARDWARE,25.8,26.02,Set AC Fan to LOW & Peltier OFF,22.0909,4.8158,-0.05,107.7,56.18,55.74,26.66,,
06/05/2026 19:47:42,ENVIRONMENT,Sensors,PI_HARDWARE,25.72,25.93,-,22.0909,4.8158,-0.09,-,55.73,55.37,-,,
06/05/2026 19:47:55,ACTION,LSTM_AI,PI_HARDWARE,25.82,25.9,Set AC Fan to MEDIUM & Peltier ON,22.0909,4.8158,-0.05,113.2,55,55.24,24,,
06/05/2026 19:48:23,ACTION,LSTM_AI,PI_HARDWARE,25.71,25.84,Set AC Fan to LOW & Peltier OFF,22.0988,4.8175,-0.09,116.6,55.09,55.03,26.66,,
06/05/2026 19:48:42,ENVIRONMENT,Sensors,PI_HARDWARE,25.48,25.8,-,22.0988,4.8175,-0.18,-,55.59,54.93,-,,
06/05/2026 19:49:43,ENVIRONMENT,Sensors,PI_HARDWARE,25.78,25.67,-,22.0989,4.8176,-0.08,-,53.95,54.44,-,,
06/05/2026 19:49:47,ACTION,LSTM_AI,PI_HARDWARE,25.81,25.67,Set AC Fan to MEDIUM & Peltier ON,22.0994,4.8177,-0.07,107.2,53.89,54.42,24,,
06/05/2026 19:50:08,ACTION,LSTM_AI,PI_HARDWARE,25.78,25.62,Set AC Fan to LOW & Peltier OFF,22.105,4.8189,-0.08,107.7,53.74,54.29,26.66,,
06/05/2026 19:50:42,ENVIRONMENT,Sensors,PI_HARDWARE,25.56,25.53,-,22.1051,4.8189,-0.16,-,54.12,54.15,-,,
06/05/2026 19:51:43,ENVIRONMENT,Sensors,PI_HARDWARE,25.81,25.45,-,22.1063,4.8192,-0.07,-,52.89,53.79,-,,
06/05/2026 19:51:48,ACTION,LSTM_AI,PI_HARDWARE,25.81,25.45,Set AC Fan to MEDIUM & Peltier ON,22.1057,4.819,-0.07,117.3,52.85,53.75,24,,
06/05/2026 19:52:02,ACTION,LSTM_AI,PI_HARDWARE,25.74,25.39,Set AC Fan to LOW & Peltier OFF,22.1113,4.8203,-0.1,115.4,52.98,53.66,26.67,,
06/05/2026 19:52:43,ENVIRONMENT,Sensors,PI_HARDWARE,25.44,25.32,-,22.1114,4.8203,-0.21,-,53.34,53.57,-,,
06/05/2026 19:53:35,ACTION,LSTM_AI,PI_HARDWARE,25.82,25.28,Set AC Fan to MEDIUM & Peltier ON,22.112,4.8204,-0.05,107.3,55.61,54.9,24,,
06/05/2026 19:53:43,ENVIRONMENT,Sensors,PI_HARDWARE,25.89,25.26,-,22.1142,4.8209,-0.02,-,56.23,55.57,-,,
06/05/2026 19:54:05,ACTION,LSTM_AI,PI_HARDWARE,25.76,25.26,Set AC Fan to LOW & Peltier OFF,22.1198,4.8221,-0.06,107.8,57.49,57.25,26.66,,
06/05/2026 19:54:43,ENVIRONMENT,Sensors,PI_HARDWARE,25.74,25.36,-,22.1199,4.8221,-0.04,-,60.32,59.98,-,,
06/05/2026 19:54:50,ACTION,LSTM_AI,PI_HARDWARE,25.82,25.39,Set AC Fan to MEDIUM & Peltier ON,22.1199,4.8221,-0.01,107.6,60.59,60.17,24,,
06/05/2026 19:55:26,ACTION,LSTM_AI,PI_HARDWARE,25.79,25.53,Set AC Fan to LOW & Peltier OFF,22.13,4.8243,0,107,61.88,61.7,26.66,,
06/05/2026 19:55:43,ENVIRONMENT,Sensors,PI_HARDWARE,25.72,25.59,-,22.13,4.8243,-0.02,-,63.32,62.29,-,,
06/05/2026 19:55:56,ACTION,LSTM_AI,PI_HARDWARE,25.8,25.66,Set AC Fan to MEDIUM & Peltier ON,22.13,4.8243,+0.01,107.1,63.42,62.72,24,,
06/05/2026 19:56:35,ACTION,LSTM_AI,PI_HARDWARE,25.8,25.81,Set AC Fan to LOW & Peltier OFF,22.1406,4.8267,+0.02,107.5,64.15,63.67,26.66,,
06/05/2026 19:56:43,ENVIRONMENT,Sensors,PI_HARDWARE,25.76,25.84,-,22.1406,4.8267,+0.01,-,64.73,63.86,-,,
06/05/2026 19:56:56,ACTION,LSTM_AI,PI_HARDWARE,25.82,25.88,Set AC Fan to MEDIUM & Peltier ON,22.1406,4.8267,+0.04,111.2,65.73,64.1,24,,
06/05/2026 19:57:45,ACTION,LSTM_AI,PI_HARDWARE,25.79,26.11,Set AC Fan to LOW & Peltier OFF,22.1529,4.8293,+0.03,107.6,66.06,65.25,26.66,,
06/05/2026 19:57:45,ENVIRONMENT,Sensors,PI_HARDWARE,25.79,26.14,-,22.1529,4.8293,+0.03,-,66.15,65.28,-,,
06/05/2026 19:58:04,ACTION,LSTM_AI,PI_HARDWARE,25.84,26.19,Set AC Fan to MEDIUM & Peltier ON,22.153,4.8293,+0.07,109,68.37,65.58,24,,
06/05/2026 19:58:43,ENVIRONMENT,Sensors,PI_HARDWARE,25.87,26.38,-,22.1658,4.8321,+0.07,-,67.34,66.31,-,,
06/05/2026 19:58:53,ACTION,LSTM_AI,PI_HARDWARE,25.8,26.43,Set AC Fan to LOW & Peltier OFF,22.168,4.8326,+0.05,113.2,67.43,66.4,26.66,,
06/05/2026 19:59:02,ACTION,LSTM_AI,PI_HARDWARE,25.82,26.47,Set AC Fan to MEDIUM & Peltier ON,22.1681,4.8326,+0.06,107.1,67.83,66.51,24,,
06/05/2026 19:59:41,ACTION,LSTM_AI,PI_HARDWARE,25.77,26.6,Set AC Fan to LOW & Peltier OFF,22.1787,4.835,+0.03,107.1,66.62,65.82,26.66,,
06/05/2026 19:59:47,ENVIRONMENT,Sensors,PI_HARDWARE,25.77,26.6,-,22.1787,4.835,+0.03,-,66.59,65.68,-,,
06/05/2026 19:59:59,ACTION,LSTM_AI,PI_HARDWARE,25.82,26.64,Set AC Fan to MEDIUM & Peltier ON,22.1787,4.835,+0.06,107.3,68.22,65.15,24,,
06/05/2026 20:00:32,ACTION,LSTM_AI,PI_HARDWARE,25.78,26.69,Set AC Fan to LOW & Peltier OFF,22.1882,4.837,+0.02,107.3,65.72,63.85,26.66,,
06/05/2026 20:00:43,ENVIRONMENT,Sensors,PI_HARDWARE,25.71,26.72,-,22.1882,4.837,0,-,65.76,63.27,-,,
06/05/2026 20:01:08,ACTION,LSTM_AI,PI_HARDWARE,25.82,26.72,Set AC Fan to MEDIUM & Peltier ON,22.1882,4.837,+0.05,115.1,66.42,62.51,24,,
06/05/2026 20:01:36,ACTION,LSTM_AI,PI_HARDWARE,25.8,26.66,Set AC Fan to LOW & Peltier OFF,22.1955,4.8386,+0.01,111.4,63.4,61.59,26.66,,
06/05/2026 20:01:43,ENVIRONMENT,Sensors,PI_HARDWARE,25.75,26.64,-,22.1955,4.8386,-0.01,-,63.17,61.17,-,,
06/05/2026 20:02:17,ACTION,LSTM_AI,PI_HARDWARE,25.83,26.6,Set AC Fan to MEDIUM & Peltier ON,22.1956,4.8386,+0.01,106.9,61.78,60.16,24,,
06/05/2026 20:02:43,ENVIRONMENT,Sensors,PI_HARDWARE,25.78,26.53,-,22.2034,4.8403,-0.01,-,61.22,59.59,-,,
06/05/2026 20:02:44,ACTION,LSTM_AI,PI_HARDWARE,25.73,26.53,Set AC Fan to LOW & Peltier OFF,22.2034,4.8403,-0.03,107.5,61.22,59.59,26.66,,
06/05/2026 20:03:45,ENVIRONMENT,Sensors,PI_HARDWARE,25.77,26.31,-,22.2035,4.8404,-0.03,-,59.92,58.79,-,,
06/05/2026 20:03:47,ACTION,LSTM_AI,PI_HARDWARE,25.82,26.32,Set AC Fan to MEDIUM & Peltier ON,22.2035,4.8404,-0.01,107.6,59.72,58.79,24,,
06/05/2026 20:04:11,ACTION,LSTM_AI,PI_HARDWARE,25.73,26.21,Set AC Fan to LOW & Peltier OFF,22.2102,4.8418,-0.05,107.7,59.14,58.52,26.66,,
06/05/2026 20:04:43,ENVIRONMENT,Sensors,PI_HARDWARE,25.52,26.09,-,22.2102,4.8418,-0.13,-,59.58,58.31,-,,
06/05/2026 20:05:32,ACTION,LSTM_AI,PI_HARDWARE,25.83,25.95,Set AC Fan to MEDIUM & Peltier ON,22.2103,4.8418,-0.02,106.8,58.9,58.15,24,,
06/05/2026 20:05:43,ENVIRONMENT,Sensors,PI_HARDWARE,25.92,25.91,-,22.2136,4.8426,+0.02,-,59.16,58.56,-,,
06/05/2026 20:05:59,ACTION,LSTM_AI,PI_HARDWARE,25.74,25.85,Set AC Fan to LOW & Peltier OFF,22.2176,4.8434,-0.05,117.7,58.65,58.61,26.66,,
06/05/2026 20:06:43,ENVIRONMENT,Sensors,PI_HARDWARE,25.52,25.77,-,22.2176,4.8434,-0.14,-,58.52,58.22,-,,
06/05/2026 20:07:43,ENVIRONMENT,Sensors,PI_HARDWARE,25.81,25.63,-,22.2177,4.8435,-0.04,-,56.26,57.13,-,,
06/05/2026 20:07:44,ACTION,LSTM_AI,PI_HARDWARE,25.82,25.63,Set AC Fan to MEDIUM & Peltier ON,22.2177,4.8435,-0.04,107.7,56.26,57.13,24,,
06/05/2026 20:08:02,ACTION,LSTM_AI,PI_HARDWARE,25.77,25.57,Set AC Fan to LOW & Peltier OFF,22.2227,4.8446,-0.06,107.4,56.12,56.94,26.67,,
06/05/2026 20:08:43,ENVIRONMENT,Sensors,PI_HARDWARE,25.55,25.47,-,22.2228,4.8446,-0.12,-,59.44,57.76,-,,
06/05/2026 20:09:15,ACTION,LSTM_AI,PI_HARDWARE,25.84,25.46,Set AC Fan to MEDIUM & Peltier ON,22.2228,4.8446,+0.00,107.4,60.6,59.69,24,,
06/05/2026 20:09:46,ENVIRONMENT,Sensors,PI_HARDWARE,25.8,25.42,-,22.2312,4.8464,+0.00,-,62.41,61.53,-,,
06/05/2026 20:09:47,ACTION,LSTM_AI,PI_HARDWARE,25.75,25.42,Set AC Fan to LOW & Peltier OFF,22.2312,4.8464,-0.01,107.8,62.41,61.53,26.66,,
06/05/2026 20:10:29,ACTION,LSTM_AI,PI_HARDWARE,25.82,25.54,Set AC Fan to MEDIUM & Peltier ON,22.2313,4.8464,+0.03,121.5,64.18,63.52,24,,
06/05/2026 20:10:44,ENVIRONMENT,Sensors,PI_HARDWARE,25.95,25.63,-,22.2357,4.8474,+0.08,-,64.14,64.03,-,,
06/05/2026 20:11:05,ACTION,LSTM_AI,PI_HARDWARE,25.71,25.67,Set AC Fan to LOW & Peltier OFF,22.2413,4.8486,0,107,65.49,64.73,26.66,,
06/05/2026 20:11:41,ACTION,LSTM_AI,PI_HARDWARE,25.84,25.8,Set AC Fan to MEDIUM & Peltier ON,22.2414,4.8486,+0.06,107.5,66.74,65.7,24,,
06/05/2026 20:11:44,ENVIRONMENT,Sensors,PI_HARDWARE,25.84,25.83,-,22.2425,4.8489,+0.06,-,66.69,65.74,-,,
06/05/2026 20:12:22,ACTION,LSTM_AI,PI_HARDWARE,25.79,25.94,Set AC Fan to LOW & Peltier OFF,22.2526,4.8511,+0.05,107.4,67.43,66.55,26.66,,
06/05/2026 20:12:38,ACTION,LSTM_AI,PI_HARDWARE,25.81,26.02,Set AC Fan to MEDIUM & Peltier ON,22.2526,4.8511,+0.06,107.4,68.89,66.81,24,,
06/05/2026 20:12:44,ENVIRONMENT,Sensors,PI_HARDWARE,25.83,26.02,-,22.2543,4.8514,+0.07,-,69.09,66.89,-,,
06/05/2026 20:13:11,ACTION,LSTM_AI,PI_HARDWARE,25.75,26.15,Set AC Fan to LOW & Peltier OFF,22.2615,4.853,+0.04,107.3,68.51,67.41,26.66,,
06/05/2026 20:13:26,ACTION,LSTM_AI,PI_HARDWARE,25.81,26.18,Set AC Fan to MEDIUM & Peltier ON,22.2616,4.853,+0.07,107.8,69.85,67.72,24,,
06/05/2026 20:13:44,ENVIRONMENT,Sensors,PI_HARDWARE,25.88,26.19,-,22.2666,4.8541,+0.10,-,69.92,67.99,-,,
06/05/2026 20:14:02,ACTION,LSTM_AI,PI_HARDWARE,25.76,26.33,Set AC Fan to LOW & Peltier OFF,22.2716,4.8552,+0.05,114.9,69.01,68.18,26.66,,
06/05/2026 20:14:23,ACTION,LSTM_AI,PI_HARDWARE,25.82,26.36,Set AC Fan to MEDIUM & Peltier ON,22.2716,4.8552,+0.09,115.2,70.65,67.95,24,,
06/05/2026 20:14:44,ENVIRONMENT,Sensors,PI_HARDWARE,25.89,26.46,-,22.2778,4.8566,+0.09,-,68.59,67.44,-,,
06/05/2026 20:14:50,ACTION,LSTM_AI,PI_HARDWARE,25.79,26.46,Set AC Fan to LOW & Peltier OFF,22.2795,4.8569,+0.05,107.2,68.17,67.44,26.66,,
06/05/2026 20:15:14,ACTION,LSTM_AI,PI_HARDWARE,25.81,26.52,Set AC Fan to MEDIUM & Peltier ON,22.2795,4.8569,+0.06,107.8,68.39,66.12,24,,
06/05/2026 20:15:43,ACTION,LSTM_AI,PI_HARDWARE,25.73,26.5,Set AC Fan to LOW & Peltier OFF,22.2868,4.8585,+0.01,109.8,66.27,64.99,26.66,,
06/05/2026 20:15:44,ENVIRONMENT,Sensors,PI_HARDWARE,25.73,26.5,-,22.2868,4.8585,+0.01,-,66.12,64.85,-,,
06/05/2026 20:16:26,ACTION,LSTM_AI,PI_HARDWARE,25.83,26.47,Set AC Fan to MEDIUM & Peltier ON,22.2868,4.8585,+0.03,114.7,64.45,63.2,24,,
06/05/2026 20:16:44,ENVIRONMENT,Sensors,PI_HARDWARE,25.92,26.42,-,22.2919,4.8596,+0.06,-,63.09,62.61,-,,
06/05/2026 20:16:53,ACTION,LSTM_AI,PI_HARDWARE,25.77,26.4,Set AC Fan to LOW & Peltier OFF,22.2941,4.8601,+0.00,114.4,63.16,62.24,26.66,,
06/05/2026 20:17:44,ENVIRONMENT,Sensors,PI_HARDWARE,25.8,26.26,-,22.2942,4.8601,0,-,61.54,60.99,-,,
06/05/2026 20:17:44,ACTION,LSTM_AI,PI_HARDWARE,25.82,26.26,Set AC Fan to MEDIUM & Peltier ON,22.2942,4.8601,+0.00,107.2,61.54,60.99,24,,
06/05/2026 20:18:05,ACTION,LSTM_AI,PI_HARDWARE,25.79,26.22,Set AC Fan to LOW & Peltier OFF,22.2997,4.8613,-0.02,112.9,60.84,60.4,26.66,,
06/05/2026 20:18:44,ENVIRONMENT,Sensors,PI_HARDWARE,25.66,26.06,-,22.2998,4.8614,-0.07,-,60.36,59.68,-,,
06/05/2026 20:19:08,ACTION,LSTM_AI,PI_HARDWARE,25.82,26,Set AC Fan to MEDIUM & Peltier ON,22.2998,4.8614,-0.02,113.2,59.28,59.25,24,,
06/05/2026 20:19:29,ACTION,LSTM_AI,PI_HARDWARE,25.75,25.93,Set AC Fan to LOW & Peltier OFF,22.3054,4.8626,-0.05,107.8,58.59,58.89,26.66,,
06/05/2026 20:19:44,ENVIRONMENT,Sensors,PI_HARDWARE,25.55,25.88,-,22.3054,4.8626,-0.12,-,59.04,58.68,-,,
06/05/2026 20:20:44,ENVIRONMENT,Sensors,PI_HARDWARE,25.67,25.71,-,22.3055,4.8626,-0.09,-,57.26,57.74,-,,
06/05/2026 20:21:02,ACTION,LSTM_AI,PI_HARDWARE,25.8,25.63,Set AC Fan to MEDIUM & Peltier ON,22.3056,4.8626,-0.04,107.2,56.65,57.45,24,,
06/05/2026 20:21:17,ACTION,LSTM_AI,PI_HARDWARE,25.76,25.59,Set AC Fan to LOW & Peltier OFF,22.3095,4.8635,-0.06,107.9,56.37,57.29,26.67,,
06/05/2026 20:21:44,ENVIRONMENT,Sensors,PI_HARDWARE,25.52,25.5,-,22.3095,4.8635,-0.15,-,56.66,56.94,-,,
06/05/2026 20:22:35,ACTION,LSTM_AI,PI_HARDWARE,25.82,25.35,Set AC Fan to MEDIUM & Peltier ON,22.3096,4.8635,-0.01,113.7,59.66,58.91,24,,
06/05/2026 20:22:45,ENVIRONMENT,Sensors,PI_HARDWARE,25.86,25.38,-,22.3124,4.8641,+0.00,-,59.91,59.52,-,,
06/05/2026 20:22:56,ACTION,LSTM_AI,PI_HARDWARE,25.8,25.36,Set AC Fan to LOW & Peltier OFF,22.3157,4.8648,-0.01,107.5,60.87,59.52,26.67,,
06/05/2026 20:23:38,ACTION,LSTM_AI,PI_HARDWARE,25.8,25.39,Set AC Fan to MEDIUM & Peltier ON,22.3158,4.8648,+0.01,107.3,63.02,62.63,24,,
06/05/2026 20:23:44,ENVIRONMENT,Sensors,PI_HARDWARE,25.83,25.42,-,22.3175,4.8652,+0.02,-,63.1,62.77,-,,
06/05/2026 20:24:06,ACTION,LSTM_AI,PI_HARDWARE,25.72,25.43,Set AC Fan to LOW & Peltier OFF,22.323,4.8664,-0.01,107.3,64.12,64.06,26.66,,
06/05/2026 20:24:44,ENVIRONMENT,Sensors,PI_HARDWARE,25.77,25.57,-,22.3231,4.8664,+0.02,-,65.62,65.25,-,,
06/05/2026 20:24:48,ACTION,LSTM_AI,PI_HARDWARE,25.84,25.54,Set AC Fan to MEDIUM & Peltier ON,22.3231,4.8664,+0.04,107.3,65.57,65.28,24,,
06/05/2026 20:25:20,ACTION,LSTM_AI,PI_HARDWARE,25.77,25.67,Set AC Fan to LOW & Peltier OFF,22.3326,4.8685,+0.03,107.6,66.52,66.18,26.66,,
06/05/2026 20:25:44,ENVIRONMENT,Sensors,PI_HARDWARE,25.73,25.77,-,22.3326,4.8685,+0.02,-,67.81,66.69,-,,
06/05/2026 20:25:51,ACTION,LSTM_AI,PI_HARDWARE,25.8,25.78,Set AC Fan to MEDIUM & Peltier ON,22.3326,4.8685,+0.05,107.2,67.81,66.78,24,,
06/05/2026 20:26:24,ACTION,LSTM_AI,PI_HARDWARE,25.77,25.9,Set AC Fan to LOW & Peltier OFF,22.3416,4.8705,+0.04,107.2,68.26,67.61,26.66,,
06/05/2026 20:26:44,ENVIRONMENT,Sensors,PI_HARDWARE,25.77,25.97,-,22.3416,4.8705,+0.06,-,69.84,67.84,-,,
06/05/2026 20:26:49,ACTION,LSTM_AI,PI_HARDWARE,25.82,25.95,Set AC Fan to MEDIUM & Peltier ON,22.3416,4.8705,+0.08,107.1,69.84,67.92,24,,
06/05/2026 20:27:27,ACTION,LSTM_AI,PI_HARDWARE,25.75,26.11,Set AC Fan to LOW & Peltier OFF,22.3528,4.8729,+0.05,107.3,69.29,68.67,26.66,,
06/05/2026 20:27:44,ENVIRONMENT,Sensors,PI_HARDWARE,25.76,26.15,-,22.3528,4.8729,+0.06,-,71.2,68.92,-,,
06/05/2026 20:27:47,ACTION,LSTM_AI,PI_HARDWARE,25.8,26.18,Set AC Fan to MEDIUM & Peltier ON,22.3528,4.8729,+0.09,107.3,71.63,68.96,24,,
06/05/2026 20:28:23,ACTION,LSTM_AI,PI_HARDWARE,25.8,26.28,Set AC Fan to LOW & Peltier OFF,22.3629,4.8751,+0.07,114.6,70.15,69.44,26.66,,
06/05/2026 20:28:36,ACTION,LSTM_AI,PI_HARDWARE,25.82,26.33,Set AC Fan to MEDIUM & Peltier ON,22.3629,4.8751,+0.08,113.1,70.56,69.45,24,,
06/05/2026 20:28:44,ENVIRONMENT,Sensors,PI_HARDWARE,25.87,26.35,-,22.3657,4.8757,+0.11,-,71.42,69.4,-,,
06/05/2026 20:28:59,ACTION,LSTM_AI,PI_HARDWARE,25.78,26.38,Set AC Fan to LOW & Peltier OFF,22.3696,4.8766,+0.06,107.3,69.79,69.03,26.66,,
06/05/2026 20:29:23,ACTION,LSTM_AI,PI_HARDWARE,25.84,26.46,Set AC Fan to MEDIUM & Peltier ON,22.3696,4.8766,+0.09,114.5,70.68,68.11,24,,
06/05/2026 20:29:45,ENVIRONMENT,Sensors,PI_HARDWARE,25.88,26.45,-,22.3758,4.8779,+0.09,-,68.6,67.36,-,,
06/05/2026 20:29:52,ACTION,LSTM_AI,PI_HARDWARE,25.76,26.49,Set AC Fan to LOW & Peltier OFF,22.3775,4.8783,+0.04,107.4,68.07,67.12,26.66,,
06/05/2026 20:30:33,ACTION,LSTM_AI,PI_HARDWARE,25.83,26.46,Set AC Fan to MEDIUM & Peltier ON,22.3775,4.8783,+0.05,113.6,66.54,65.22,24,,
06/05/2026 20:30:45,ENVIRONMENT,Sensors,PI_HARDWARE,25.94,26.43,-,22.3809,4.879,+0.08,-,65.35,64.62,-,,
06/05/2026 20:30:59,ACTION,LSTM_AI,PI_HARDWARE,25.78,26.43,Set AC Fan to LOW & Peltier OFF,22.3848,4.8799,+0.02,107.5,64.67,63.93,26.66,,
06/05/2026 20:31:44,ACTION,LSTM_AI,PI_HARDWARE,25.83,26.38,Set AC Fan to MEDIUM & Peltier ON,22.3854,4.88,+0.03,106.9,63.54,62.54,24,,
06/05/2026 20:31:45,ENVIRONMENT,Sensors,PI_HARDWARE,25.83,26.38,-,22.3854,4.88,+0.03,-,63.54,62.54,-,,
06/05/2026 20:32:12,ACTION,LSTM_AI,PI_HARDWARE,25.78,26.28,Set AC Fan to LOW & Peltier OFF,22.3927,4.8816,0,107.8,62.42,61.82,26.66,,
06/05/2026 20:32:45,ENVIRONMENT,Sensors,PI_HARDWARE,25.65,26.19,-,22.3927,4.8816,-0.06,-,61.97,61.03,-,,
06/05/2026 20:33:06,ACTION,LSTM_AI,PI_HARDWARE,25.84,26.17,Set AC Fan to MEDIUM & Peltier ON,22.3927,4.8816,+0.00,107.2,60.85,60.53,24,,
06/05/2026 20:33:30,ACTION,LSTM_AI,PI_HARDWARE,25.77,26.11,Set AC Fan to LOW & Peltier OFF,22.3994,4.8831,-0.03,107.4,60.23,60.03,26.66,,
06/05/2026 20:33:45,ENVIRONMENT,Sensors,PI_HARDWARE,25.62,26.05,-,22.3995,4.8831,-0.08,-,60.31,59.73,-,,
06/05/2026 20:34:36,ACTION,LSTM_AI,PI_HARDWARE,25.82,25.91,Set AC Fan to MEDIUM & Peltier ON,22.3995,4.8831,-0.02,109.1,58.9,59,24,,
06/05/2026 20:34:47,ENVIRONMENT,Sensors,PI_HARDWARE,25.87,25.9,-,22.4029,4.8838,-0.01,-,58.38,58.96,-,,
06/05/2026 20:34:57,ACTION,LSTM_AI,PI_HARDWARE,25.7,25.88,Set AC Fan to LOW & Peltier OFF,22.4057,4.8844,-0.07,107.4,58.13,58.56,26.66,,
06/05/2026 20:35:45,ENVIRONMENT,Sensors,PI_HARDWARE,25.52,25.69,-,22.4058,4.8845,-0.14,-,57.97,57.9,-,,
06/05/2026 20:36:30,ACTION,LSTM_AI,PI_HARDWARE,25.83,25.6,Set AC Fan to MEDIUM & Peltier ON,22.4058,4.8845,-0.03,107.6,57.78,57.61,24,,
06/05/2026 20:36:47,ENVIRONMENT,Sensors,PI_HARDWARE,25.89,25.56,-,22.4103,4.8854,+0.01,-,58.97,58.49,-,,
06/05/2026 20:36:57,ACTION,LSTM_AI,PI_HARDWARE,25.72,25.53,Set AC Fan to LOW & Peltier OFF,22.4131,4.8861,-0.04,108,60.37,58.89,26.66,,
06/05/2026 20:37:45,ENVIRONMENT,Sensors,PI_HARDWARE,25.75,25.51,-,22.4131,4.8861,-0.01,-,62.73,61.95,-,,
06/05/2026 20:37:51,ACTION,LSTM_AI,PI_HARDWARE,25.83,25.54,Set AC Fan to MEDIUM & Peltier ON,22.4132,4.8861,+0.02,107.5,62.72,62.05,24,,
06/05/2026 20:38:24,ACTION,LSTM_AI,PI_HARDWARE,25.73,25.59,Set AC Fan to LOW & Peltier OFF,22.4227,4.8881,0,110.7,64.45,63.83,26.66,,
06/05/2026 20:38:45,ENVIRONMENT,Sensors,PI_HARDWARE,25.61,25.6,-,22.4227,4.8881,-0.04,-,65.76,64.5,-,,
06/05/2026 20:39:06,ACTION,LSTM_AI,PI_HARDWARE,25.86,25.66,Set AC Fan to MEDIUM & Peltier ON,22.4227,4.8882,+0.05,107.3,65.72,65.08,24,,
06/05/2026 20:39:21,ACTION,LSTM_AI,PI_HARDWARE,26.02,25.73,Set AC Fan to HIGH & Peltier ON,22.4266,4.889,+0.12,107.9,65.6,65.52,24,,
06/05/2026 20:39:27,ACTION,LSTM_AI,PI_HARDWARE,25.99,25.74,Set AC Fan to MEDIUM & Peltier ON,22.4283,4.8894,+0.11,113.1,66.12,65.83,24,,
06/05/2026 20:39:47,ENVIRONMENT,Sensors,PI_HARDWARE,25.77,25.83,-,22.4333,4.8905,+0.03,-,67.01,66.51,-,,
06/05/2026 20:39:49,ACTION,LSTM_AI,PI_HARDWARE,25.77,25.78,Set AC Fan to LOW & Peltier OFF,22.4333,4.8905,+0.03,107.4,66.95,66.4,26.66,,
06/05/2026 20:40:15,ACTION,LSTM_AI,PI_HARDWARE,25.84,25.9,Set AC Fan to MEDIUM & Peltier ON,22.4334,4.8905,+0.07,109.2,68.14,66.92,24,,
06/05/2026 20:40:45,ENVIRONMENT,Sensors,PI_HARDWARE,25.87,26.01,-,22.4423,4.8924,+0.08,-,68.38,67.56,-,,
06/05/2026 20:40:51,ACTION,LSTM_AI,PI_HARDWARE,25.8,26.01,Set AC Fan to LOW & Peltier OFF,22.4434,4.8927,+0.06,113.7,68.37,67.56,26.66,,
06/05/2026 20:41:26,ACTION,LSTM_AI,PI_HARDWARE,25.86,26.08,Set AC Fan to MEDIUM & Peltier ON,22.4435,4.8927,+0.10,107.3,70.39,68.02,24,,
06/05/2026 20:41:55,ENVIRONMENT,Sensors,PI_HARDWARE,25.91,26.19,-,22.4524,4.8946,+0.11,-,69.46,68.63,-,,
06/05/2026 20:42:04,ACTION,LSTM_AI,PI_HARDWARE,25.8,26.21,Set AC Fan to LOW & Peltier OFF,22.4552,4.8952,+0.06,114.3,69.49,68.79,26.66,,
06/05/2026 20:42:20,ACTION,LSTM_AI,PI_HARDWARE,25.82,26.25,Set AC Fan to MEDIUM & Peltier ON,22.4552,4.8952,+0.08,112.3,70.88,68.96,24,,
06/05/2026 20:42:50,ENVIRONMENT,Sensors,PI_HARDWARE,25.83,26.38,-,22.4647,4.8973,+0.08,-,70.41,69.47,-,,
06/05/2026 20:43:00,ACTION,LSTM_AI,PI_HARDWARE,25.79,26.4,Set AC Fan to LOW & Peltier OFF,22.467,4.8978,+0.07,107.5,70.27,69.55,26.66,,
06/05/2026 20:43:07,ACTION,LSTM_AI,PI_HARDWARE,25.82,26.42,Set AC Fan to MEDIUM & Peltier ON,22.467,4.8978,+0.08,113.8,70.46,69.62,24,,
06/05/2026 20:43:33,ACTION,LSTM_AI,PI_HARDWARE,25.79,26.52,Set AC Fan to LOW & Peltier OFF,22.4753,4.8996,+0.07,107.9,69.95,69.28,26.66,,
06/05/2026 20:43:45,ENVIRONMENT,Sensors,PI_HARDWARE,25.78,26.53,-,22.4754,4.8996,+0.07,-,70.21,68.62,-,,
06/05/2026 20:43:52,ACTION,LSTM_AI,PI_HARDWARE,25.81,26.53,Set AC Fan to MEDIUM & Peltier ON,22.4754,4.8996,+0.08,107.3,70.21,68.62,24,,
06/05/2026 20:44:12,ACTION,LSTM_AI,PI_HARDWARE,25.8,26.56,Set AC Fan to LOW & Peltier OFF,22.4821,4.9011,+0.06,107.3,69.08,67.6,26.66,,
06/05/2026 20:44:36,ACTION,LSTM_AI,PI_HARDWARE,25.8,26.59,Set AC Fan to MEDIUM & Peltier ON,22.4821,4.9011,+0.07,107.2,70.09,66.63,24,,
06/05/2026 20:44:45,ENVIRONMENT,Sensors,PI_HARDWARE,25.86,26.6,-,22.4849,4.9017,+0.09,-,69.29,66.13,-,,
06/05/2026 20:44:57,ACTION,LSTM_AI,PI_HARDWARE,25.78,26.57,Set AC Fan to LOW & Peltier OFF,22.4877,4.9023,+0.04,107.5,67.85,65.71,26.66,,
06/05/2026 20:45:39,ACTION,LSTM_AI,PI_HARDWARE,25.84,26.55,Set AC Fan to MEDIUM & Peltier ON,22.4878,4.9023,+0.05,113.1,66.41,63.92,24,,
06/05/2026 20:45:45,ENVIRONMENT,Sensors,PI_HARDWARE,25.89,26.53,-,22.49,4.9028,+0.07,-,65.47,63.51,-,,
06/05/2026 20:46:06,ACTION,LSTM_AI,PI_HARDWARE,25.74,26.47,Set AC Fan to LOW & Peltier OFF,22.4956,4.904,0,107.3,64.12,62.9,26.66,,
06/05/2026 20:46:46,ENVIRONMENT,Sensors,PI_HARDWARE,25.68,26.38,-,22.4956,4.904,-0.04,-,62.88,61.63,-,,
06/05/2026 20:47:00,ACTION,LSTM_AI,PI_HARDWARE,25.83,26.36,Set AC Fan to MEDIUM & Peltier ON,22.4957,4.9041,+0.01,107.2,62.12,61.27,24,,
06/05/2026 20:47:24,ACTION,LSTM_AI,PI_HARDWARE,25.79,26.28,Set AC Fan to LOW & Peltier OFF,22.5024,4.9055,-0.01,115.4,61.16,60.78,26.66,,
06/05/2026 20:47:45,ENVIRONMENT,Sensors,PI_HARDWARE,25.58,26.21,-,22.5024,4.9055,-0.09,-,61.28,60.1,-,,
06/05/2026 20:48:21,ACTION,LSTM_AI,PI_HARDWARE,25.8,26.12,Set AC Fan to MEDIUM & Peltier ON,22.5024,4.9055,-0.02,107.3,59.82,59.42,24,,
06/05/2026 20:48:45,ACTION,LSTM_AI,PI_HARDWARE,25.71,26.04,Set AC Fan to LOW & Peltier OFF,22.5091,4.907,-0.06,108,59.2,59.08,26.66,,
06/05/2026 20:48:45,ENVIRONMENT,Sensors,PI_HARDWARE,25.71,26.01,-,22.5091,4.907,-0.06,-,59.27,58.96,-,,
06/05/2026 20:49:54,ENVIRONMENT,Sensors,PI_HARDWARE,25.69,25.83,-,22.5092,4.907,-0.07,-,58.14,58.02,-,,
06/05/2026 20:50:04,ACTION,LSTM_AI,PI_HARDWARE,25.83,25.77,Set AC Fan to MEDIUM & Peltier ON,22.5092,4.907,-0.03,114.7,57.47,57.85,24,,
06/05/2026 20:50:27,ACTION,LSTM_AI,PI_HARDWARE,25.72,25.71,Set AC Fan to LOW & Peltier OFF,22.516,4.9085,-0.07,113.5,57.04,57.6,26.66,,
06/05/2026 20:50:45,ENVIRONMENT,Sensors,PI_HARDWARE,25.53,25.66,-,22.516,4.9085,-0.14,-,57.33,57.36,-,,
06/05/2026 20:51:45,ENVIRONMENT,Sensors,PI_HARDWARE,25.77,25.5,-,22.5161,4.9085,-0.07,-,55.58,56.5,-,,
06/05/2026 20:51:57,ACTION,LSTM_AI,PI_HARDWARE,25.82,25.47,Set AC Fan to MEDIUM & Peltier ON,22.5161,4.9085,-0.05,113.6,55.47,56.42,24,,
06/05/2026 20:52:18,ACTION,LSTM_AI,PI_HARDWARE,25.77,25.45,Set AC Fan to LOW & Peltier OFF,22.5222,4.9098,-0.06,107.6,56.54,56.61,26.67,,
06/05/2026 20:52:45,ENVIRONMENT,Sensors,PI_HARDWARE,25.58,25.36,-,22.5223,4.9099,-0.1,-,59.64,58.31,-,,
06/05/2026 20:53:09,ACTION,LSTM_AI,PI_HARDWARE,25.81,25.36,Set AC Fan to MEDIUM & Peltier ON,22.5223,4.9099,-0.01,107.1,60.63,59.91,24,,
06/05/2026 20:53:36,ACTION,LSTM_AI,PI_HARDWARE,25.78,25.4,Set AC Fan to LOW & Peltier OFF,22.5301,4.9116,-0.01,107.2,61.68,61.54,26.66,,
06/05/2026 20:53:45,ENVIRONMENT,Sensors,PI_HARDWARE,25.69,25.4,-,22.5301,4.9116,-0.03,-,62.77,62.17,-,,
06/05/2026 20:54:12,ACTION,LSTM_AI,PI_HARDWARE,25.82,25.46,Set AC Fan to MEDIUM & Peltier ON,22.5302,4.9116,+0.02,107.1,63.54,63.22,24,,
06/05/2026 20:54:39,ACTION,LSTM_AI,PI_HARDWARE,25.8,25.53,Set AC Fan to LOW & Peltier OFF,22.5374,4.9132,+0.02,109.9,64.06,64.14,26.66,,
06/05/2026 20:54:46,ENVIRONMENT,Sensors,PI_HARDWARE,25.74,25.57,-,22.5374,4.9132,+0.00,-,64.79,64.43,-,,
06/05/2026 20:55:09,ACTION,LSTM_AI,PI_HARDWARE,25.83,25.63,Set AC Fan to MEDIUM & Peltier ON,22.5375,4.9132,+0.04,107.4,65.26,64.86,24,,
06/05/2026 20:55:48,ACTION,LSTM_AI,PI_HARDWARE,25.75,25.77,Set AC Fan to LOW & Peltier OFF,22.5475,4.9154,+0.02,114.9,66.26,65.75,26.66,,
06/05/2026 20:55:49,ENVIRONMENT,Sensors,PI_HARDWARE,25.75,25.78,-,22.5475,4.9154,+0.02,-,66.36,65.78,-,,
06/05/2026 20:56:12,ACTION,LSTM_AI,PI_HARDWARE,25.8,25.87,Set AC Fan to MEDIUM & Peltier ON,22.5476,4.9154,+0.05,107,67.71,66.35,24,,
06/05/2026 20:56:46,ENVIRONMENT,Sensors,PI_HARDWARE,25.8,26,-,22.5571,4.9174,+0.05,-,67.83,67.06,-,,
06/05/2026 20:56:48,ACTION,LSTM_AI,PI_HARDWARE,25.77,26,Set AC Fan to LOW & Peltier OFF,22.5576,4.9176,+0.04,107.2,67.83,67.06,26.66,,
06/05/2026 20:57:09,ACTION,LSTM_AI,PI_HARDWARE,25.84,26.04,Set AC Fan to MEDIUM & Peltier ON,22.5577,4.9176,+0.08,107.6,69.66,67.45,24,,
06/05/2026 20:57:47,ENVIRONMENT,Sensors,PI_HARDWARE,25.82,26.22,-,22.5683,4.9199,+0.07,-,68.78,68.03,-,,
06/05/2026 20:57:49,ACTION,LSTM_AI,PI_HARDWARE,25.8,26.22,Set AC Fan to LOW & Peltier OFF,22.5688,4.92,+0.06,107.8,68.78,68.03,26.66,,
06/05/2026 20:58:03,ACTION,LSTM_AI,PI_HARDWARE,25.82,26.26,Set AC Fan to MEDIUM & Peltier ON,22.5688,4.92,+0.08,108.1,70.31,68.3,24,,
06/05/2026 20:58:39,ACTION,LSTM_AI,PI_HARDWARE,25.78,26.33,Set AC Fan to LOW & Peltier OFF,22.5789,4.9222,+0.06,107.7,69.81,68.77,26.66,,
06/05/2026 20:58:53,ENVIRONMENT,Sensors,PI_HARDWARE,25.76,26.39,-,22.5789,4.9222,+0.05,-,70.16,68.9,-,,
06/05/2026 20:58:57,ACTION,LSTM_AI,PI_HARDWARE,25.84,26.42,Set AC Fan to MEDIUM & Peltier ON,22.5789,4.9222,+0.10,107.4,71.79,69.02,24,,
06/05/2026 20:59:36,ACTION,LSTM_AI,PI_HARDWARE,25.75,26.52,Set AC Fan to LOW & Peltier OFF,22.5901,4.9246,+0.04,111.4,69.09,68.6,26.66,,
06/05/2026 20:59:49,ENVIRONMENT,Sensors,PI_HARDWARE,25.71,26.5,-,22.5901,4.9246,+0.03,-,69.33,68.13,-,,
06/05/2026 21:00:10,ACTION,LSTM_AI,PI_HARDWARE,25.86,26.55,Set AC Fan to MEDIUM & Peltier ON,22.5902,4.9247,+0.10,113.5,70.81,67.33,24,,
06/05/2026 21:00:37,ACTION,LSTM_AI,PI_HARDWARE,25.8,26.55,Set AC Fan to LOW & Peltier OFF,22.598,4.9264,+0.05,114.7,67.67,66.27,26.66,,
06/05/2026 21:00:46,ENVIRONMENT,Sensors,PI_HARDWARE,25.72,26.52,-,22.598,4.9264,+0.02,-,67.5,65.88,-,,
06/05/2026 21:01:12,ACTION,LSTM_AI,PI_HARDWARE,25.81,26.49,Set AC Fan to MEDIUM & Peltier ON,22.598,4.9264,+0.05,108.6,66.91,64.95,24,,
06/05/2026 21:01:50,ACTION,LSTM_AI,PI_HARDWARE,25.77,26.46,Set AC Fan to LOW & Peltier OFF,22.6047,4.9278,+0.02,107.4,64.92,64.02,26.66,,
06/05/2026 21:01:51,ENVIRONMENT,Sensors,PI_HARDWARE,25.68,26.42,-,22.6047,4.9278,-0.02,-,64.78,63.53,-,,
06/05/2026 21:02:21,ACTION,LSTM_AI,PI_HARDWARE,25.81,26.36,Set AC Fan to MEDIUM & Peltier ON,22.6048,4.9278,+0.02,107.9,63.21,62.46,24,,
06/05/2026 21:02:42,ACTION,LSTM_AI,PI_HARDWARE,25.79,26.29,Set AC Fan to LOW & Peltier OFF,22.6109,4.9292,0,107.3,62.31,61.75,26.66,,
06/05/2026 21:02:46,ENVIRONMENT,Sensors,PI_HARDWARE,25.74,26.26,-,22.6109,4.9292,-0.02,-,62.22,61.54,-,,
06/05/2026 21:03:42,ACTION,LSTM_AI,PI_HARDWARE,25.83,26.11,Set AC Fan to MEDIUM & Peltier ON,22.611,4.9292,+0.00,114.6,60.59,60.4,24,,
06/05/2026 21:03:46,ENVIRONMENT,Sensors,PI_HARDWARE,25.86,26.08,-,22.6121,4.9294,+0.01,-,60.31,60.21,-,,
06/05/2026 21:04:06,ACTION,LSTM_AI,PI_HARDWARE,25.74,26.04,Set AC Fan to LOW & Peltier OFF,22.6177,4.9307,-0.04,113.5,59.89,59.83,26.66,,
06/05/2026 21:04:46,ENVIRONMENT,Sensors,PI_HARDWARE,25.56,25.88,-,22.6178,4.9307,-0.11,-,59.66,59.12,-,,
06/05/2026 21:05:28,ACTION,LSTM_AI,PI_HARDWARE,25.82,25.77,Set AC Fan to MEDIUM & Peltier ON,22.6178,4.9307,-0.03,107.2,57.96,58.51,24,,
06/05/2026 21:05:46,ENVIRONMENT,Sensors,PI_HARDWARE,25.8,25.73,-,22.6234,4.9319,-0.03,-,58.42,58.32,-,,
06/05/2026 21:05:51,ACTION,LSTM_AI,PI_HARDWARE,25.68,25.73,Set AC Fan to LOW & Peltier OFF,22.6245,4.9322,-0.07,107.9,58.76,58.41,26.66,,
06/05/2026 21:06:46,ENVIRONMENT,Sensors,PI_HARDWARE,25.72,25.62,-,22.6246,4.9322,-0.02,-,62.71,61.48,-,,
06/05/2026 21:06:54,ACTION,LSTM_AI,PI_HARDWARE,25.82,25.62,Set AC Fan to MEDIUM & Peltier ON,22.6246,4.9322,+0.02,116.2,62.89,61.82,24,,
06/05/2026 21:07:21,ACTION,LSTM_AI,PI_HARDWARE,25.77,25.6,Set AC Fan to LOW & Peltier OFF,22.6319,4.9338,+0.01,107.2,64.09,63.11,26.66,,
06/05/2026 21:07:46,ENVIRONMENT,Sensors,PI_HARDWARE,25.66,25.62,-,22.6319,4.9338,-0.02,-,65.69,64.43,-,,
06/05/2026 21:08:03,ACTION,LSTM_AI,PI_HARDWARE,25.82,25.64,Set AC Fan to MEDIUM & Peltier ON,22.632,4.9338,+0.04,109.4,65.85,65.11,24,,
06/05/2026 21:08:33,ACTION,LSTM_AI,PI_HARDWARE,25.78,25.67,Set AC Fan to LOW & Peltier OFF,22.6403,4.9356,+0.03,108.5,66.52,66.08,26.66,,
06/05/2026 21:08:46,ENVIRONMENT,Sensors,PI_HARDWARE,25.71,25.7,-,22.6404,4.9356,+0.02,-,67.72,66.51,-,,
06/05/2026 21:09:09,ACTION,LSTM_AI,PI_HARDWARE,25.84,25.74,Set AC Fan to MEDIUM & Peltier ON,22.6404,4.9356,+0.07,107.2,67.84,67.04,24,,
06/05/2026 21:09:45,ACTION,LSTM_AI,PI_HARDWARE,25.76,25.84,Set AC Fan to LOW & Peltier OFF,22.6504,4.9378,+0.04,107.4,68.37,67.89,26.66,,
06/05/2026 21:09:46,ENVIRONMENT,Sensors,PI_HARDWARE,25.76,25.85,-,22.6504,4.9378,+0.04,-,68.47,67.91,-,,
06/05/2026 21:10:18,ACTION,LSTM_AI,PI_HARDWARE,25.86,25.93,Set AC Fan to MEDIUM & Peltier ON,22.6511,4.9379,+0.09,107.2,69.94,68.52,24,,
06/05/2026 21:10:33,ACTION,LSTM_AI,PI_HARDWARE,26.01,26,Set AC Fan to HIGH & Peltier ON,22.655,4.9388,+0.15,113.6,69.4,68.77,24,,
06/05/2026 21:10:39,ACTION,LSTM_AI,PI_HARDWARE,25.99,25.98,Set AC Fan to MEDIUM & Peltier ON,22.6566,4.9391,+0.14,115.3,69.48,68.88,24,,
06/05/2026 21:10:46,ENVIRONMENT,Sensors,PI_HARDWARE,25.95,26,-,22.6589,4.9396,+0.12,-,69.61,68.96,-,,
06/05/2026 21:11:00,ACTION,LSTM_AI,PI_HARDWARE,25.77,26.04,Set AC Fan to LOW & Peltier OFF,22.6622,4.9404,+0.06,110.3,69.54,69.19,26.66,,
06/05/2026 21:11:21,ACTION,LSTM_AI,PI_HARDWARE,25.81,26.09,Set AC Fan to MEDIUM & Peltier ON,22.6623,4.9404,+0.09,113.1,71.92,69.46,24,,
06/05/2026 21:11:46,ENVIRONMENT,Sensors,PI_HARDWARE,25.87,26.19,-,22.6695,4.942,+0.10,-,70.86,69.93,-,,
06/05/2026 21:11:54,ACTION,LSTM_AI,PI_HARDWARE,25.8,26.19,Set AC Fan to LOW & Peltier OFF,22.6712,4.9423,+0.08,107.6,70.73,70.05,26.66,,
06/05/2026 21:12:09,ACTION,LSTM_AI,PI_HARDWARE,25.84,26.25,Set AC Fan to MEDIUM & Peltier ON,22.6712,4.9423,+0.10,107.3,71.89,70.25,24,,
06/05/2026 21:12:45,ACTION,LSTM_AI,PI_HARDWARE,25.78,26.33,Set AC Fan to LOW & Peltier OFF,22.6813,4.9445,+0.07,107.7,70.84,70.57,26.66,,
06/05/2026 21:12:47,ENVIRONMENT,Sensors,PI_HARDWARE,25.78,26.35,-,22.6813,4.9445,+0.07,-,70.71,70.54,-,,
06/05/2026 21:13:00,ACTION,LSTM_AI,PI_HARDWARE,25.82,26.38,Set AC Fan to MEDIUM & Peltier ON,22.6819,4.9446,+0.09,107.2,71.68,70.33,24,,
06/05/2026 21:13:24,ACTION,LSTM_AI,PI_HARDWARE,25.77,26.4,Set AC Fan to LOW & Peltier OFF,22.688,4.946,+0.06,115.5,70.49,69.58,26.66,,
06/05/2026 21:13:46,ENVIRONMENT,Sensors,PI_HARDWARE,25.79,26.45,-,22.688,4.946,+0.08,-,71.37,68.68,-,,
06/05/2026 21:13:49,ACTION,LSTM_AI,PI_HARDWARE,25.8,26.45,Set AC Fan to MEDIUM & Peltier ON,22.688,4.946,+0.08,107,71.37,68.68,24,,
06/05/2026 21:14:10,ACTION,LSTM_AI,PI_HARDWARE,25.79,26.45,Set AC Fan to LOW & Peltier OFF,22.6942,4.9473,+0.06,112.7,69.28,67.81,26.66,,
06/05/2026 21:14:47,ENVIRONMENT,Sensors,PI_HARDWARE,25.82,26.4,-,22.6942,4.9473,+0.06,-,67.99,65.99,-,,
06/05/2026 21:14:49,ACTION,LSTM_AI,PI_HARDWARE,25.84,26.4,Set AC Fan to MEDIUM & Peltier ON,22.6942,4.9473,+0.07,107.3,67.99,65.99,24,,
06/05/2026 21:15:13,ACTION,LSTM_AI,PI_HARDWARE,25.79,26.38,Set AC Fan to LOW & Peltier OFF,22.7009,4.9488,+0.03,113.7,65.65,64.9,26.66,,
06/05/2026 21:15:47,ENVIRONMENT,Sensors,PI_HARDWARE,25.7,26.31,-,22.701,4.9488,-0.01,-,64.79,63.65,-,,
06/05/2026 21:16:00,ACTION,LSTM_AI,PI_HARDWARE,25.82,26.26,Set AC Fan to MEDIUM & Peltier ON,22.701,4.9488,+0.03,107.4,63.92,63.25,24,,
06/05/2026 21:16:22,ACTION,LSTM_AI,PI_HARDWARE,25.78,26.21,Set AC Fan to LOW & Peltier OFF,22.7072,4.9502,+0.00,114.8,62.82,62.57,26.66,,
06/05/2026 21:16:47,ENVIRONMENT,Sensors,PI_HARDWARE,25.61,26.12,-,22.7072,4.9502,-0.06,-,62.75,61.95,-,,
06/05/2026 21:17:19,ACTION,LSTM_AI,PI_HARDWARE,25.81,26.01,Set AC Fan to MEDIUM & Peltier ON,22.7072,4.9502,0,112,61.3,61.27,24,,
06/05/2026 21:17:43,ACTION,LSTM_AI,PI_HARDWARE,25.72,25.95,Set AC Fan to LOW & Peltier OFF,22.7139,4.9516,-0.04,107.2,60.5,60.71,26.66,,
06/05/2026 21:17:47,ENVIRONMENT,Sensors,PI_HARDWARE,25.66,25.95,-,22.7139,4.9516,-0.07,-,60.7,60.64,-,,
06/05/2026 21:18:47,ENVIRONMENT,Sensors,PI_HARDWARE,25.61,25.77,-,22.714,4.9517,-0.09,-,59.4,59.59,-,,
06/05/2026 21:19:16,ACTION,LSTM_AI,PI_HARDWARE,25.82,25.66,Set AC Fan to MEDIUM & Peltier ON,22.7141,4.9517,-0.02,113.3,58.4,59.16,24,,
06/05/2026 21:19:37,ACTION,LSTM_AI,PI_HARDWARE,25.69,25.6,Set AC Fan to LOW & Peltier OFF,22.7197,4.9529,-0.08,107.7,57.77,58.75,26.66,,
06/05/2026 21:19:47,ENVIRONMENT,Sensors,PI_HARDWARE,25.5,25.57,-,22.7197,4.9529,-0.14,-,58.29,58.57,-,,
06/05/2026 21:20:47,ENVIRONMENT,Sensors,PI_HARDWARE,25.59,25.38,-,22.7198,4.9529,-0.1,-,59.59,58.78,-,,
06/05/2026 21:21:10,ACTION,LSTM_AI,PI_HARDWARE,25.81,25.38,Set AC Fan to MEDIUM & Peltier ON,22.7198,4.9529,-0.01,107.8,60.74,59.94,24,,
06/05/2026 21:21:34,ACTION,LSTM_AI,PI_HARDWARE,25.77,25.35,Set AC Fan to LOW & Peltier OFF,22.7265,4.9544,-0.01,114.2,61.86,61.31,26.66,,
06/05/2026 21:21:47,ENVIRONMENT,Sensors,PI_HARDWARE,25.59,25.35,-,22.7265,4.9544,-0.07,-,63.41,62.4,-,,
06/05/2026 21:22:25,ACTION,LSTM_AI,PI_HARDWARE,25.81,25.38,Set AC Fan to MEDIUM & Peltier ON,22.7266,4.9544,+0.03,107.3,64.46,64.3,24,,
06/05/2026 21:22:47,ENVIRONMENT,Sensors,PI_HARDWARE,25.85,25.43,-,22.7333,4.9559,+0.05,-,65.06,65.12,-,,
06/05/2026 21:22:52,ACTION,LSTM_AI,PI_HARDWARE,25.75,25.43,Set AC Fan to LOW & Peltier OFF,22.7344,4.9561,+0.01,109,65.24,65.22,26.66,,
06/05/2026 21:23:34,ACTION,LSTM_AI,PI_HARDWARE,25.83,25.53,Set AC Fan to MEDIUM & Peltier ON,22.7344,4.9561,+0.05,107.1,66.78,66.51,24,,
06/05/2026 21:23:47,ENVIRONMENT,Sensors,PI_HARDWARE,25.95,25.56,-,22.7384,4.957,+0.10,-,66.58,66.87,-,,
06/05/2026 21:24:10,ACTION,LSTM_AI,PI_HARDWARE,25.72,25.63,Set AC Fan to LOW & Peltier OFF,22.7445,4.9583,+0.02,107.8,67.68,67.42,26.66,,
06/05/2026 21:24:47,ENVIRONMENT,Sensors,PI_HARDWARE,25.81,25.77,-,22.7446,4.9583,+0.06,-,68.86,68.13,-,,
06/05/2026 21:24:49,ACTION,LSTM_AI,PI_HARDWARE,25.85,25.77,Set AC Fan to MEDIUM & Peltier ON,22.7446,4.9583,+0.08,114.2,68.86,68.13,24,,
06/05/2026 21:25:04,ACTION,LSTM_AI,PI_HARDWARE,26.01,25.8,Set AC Fan to HIGH & Peltier ON,22.749,4.9593,+0.14,107.2,68.76,68.2,24,,
06/05/2026 21:25:13,ACTION,LSTM_AI,PI_HARDWARE,25.96,25.83,Set AC Fan to MEDIUM & Peltier ON,22.7513,4.9598,+0.12,111.4,68.78,68.58,24,,
06/05/2026 21:25:31,ACTION,LSTM_AI,PI_HARDWARE,25.73,25.88,Set AC Fan to LOW & Peltier OFF,22.7563,4.9609,+0.04,107.2,69.29,68.76,26.66,,
06/05/2026 21:25:47,ENVIRONMENT,Sensors,PI_HARDWARE,25.7,25.94,-,22.7563,4.9609,+0.04,-,71.17,69.23,-,,
06/05/2026 21:26:01,ACTION,LSTM_AI,PI_HARDWARE,25.82,25.98,Set AC Fan to MEDIUM & Peltier ON,22.7563,4.9609,+0.09,107.2,71.69,69.43,24,,
06/05/2026 21:26:37,ACTION,LSTM_AI,PI_HARDWARE,25.79,26.08,Set AC Fan to LOW & Peltier OFF,22.7664,4.9631,+0.07,107.3,70.36,69.87,26.66,,
06/05/2026 21:26:47,ENVIRONMENT,Sensors,PI_HARDWARE,25.77,26.11,-,22.7664,4.9631,+0.07,-,71.13,70.1,-,,
06/05/2026 21:26:55,ACTION,LSTM_AI,PI_HARDWARE,25.83,26.12,Set AC Fan to MEDIUM & Peltier ON,22.7664,4.9631,+0.10,107.9,72.2,70.14,24,,
06/05/2026 21:27:28,ACTION,LSTM_AI,PI_HARDWARE,25.77,26.24,Set AC Fan to LOW & Peltier OFF,22.7759,4.9651,+0.06,115.3,70.78,70.47,26.66,,
06/05/2026 21:27:47,ENVIRONMENT,Sensors,PI_HARDWARE,25.81,26.26,-,22.7759,4.9652,+0.09,-,72.09,70.24,-,,
06/05/2026 21:27:49,ACTION,LSTM_AI,PI_HARDWARE,25.82,26.26,Set AC Fan to MEDIUM & Peltier ON,22.7759,4.9652,+0.10,109,72.09,70.24,24,,
06/05/2026 21:28:13,ACTION,LSTM_AI,PI_HARDWARE,25.8,26.31,Set AC Fan to LOW & Peltier OFF,22.7826,4.9666,+0.07,107.3,69.92,69.29,26.66,,
06/05/2026 21:28:40,ACTION,LSTM_AI,PI_HARDWARE,25.82,26.32,Set AC Fan to MEDIUM & Peltier ON,22.7827,4.9666,+0.08,107.2,70.2,68.32,24,,
06/05/2026 21:28:47,ENVIRONMENT,Sensors,PI_HARDWARE,25.87,26.33,-,22.7849,4.9671,+0.09,-,69.39,68.1,-,,
06/05/2026 21:29:04,ACTION,LSTM_AI,PI_HARDWARE,25.76,26.36,Set AC Fan to LOW & Peltier OFF,22.7894,4.9681,+0.04,112.2,67.93,67.26,26.66,,
06/05/2026 21:29:47,ENVIRONMENT,Sensors,PI_HARDWARE,25.83,26.33,-,22.7894,4.9681,+0.05,-,66.03,65.24,-,,
06/05/2026 21:29:49,ACTION,LSTM_AI,PI_HARDWARE,25.87,26.33,Set AC Fan to MEDIUM & Peltier ON,22.7894,4.9681,+0.06,107.2,66.03,65.24,24,,
06/05/2026 21:30:16,ACTION,LSTM_AI,PI_HARDWARE,25.75,26.29,Set AC Fan to LOW & Peltier OFF,22.7973,4.9698,+0.00,113.2,64.36,64.04,26.66,,
06/05/2026 21:30:47,ENVIRONMENT,Sensors,PI_HARDWARE,25.56,26.18,-,22.7973,4.9698,-0.07,-,64.07,63.09,-,,
06/05/2026 21:31:19,ACTION,LSTM_AI,PI_HARDWARE,25.82,26.08,Set AC Fan to MEDIUM & Peltier ON,22.7974,4.9698,+0.01,107.2,62.23,62.21,24,,
06/05/2026 21:31:40,ACTION,LSTM_AI,PI_HARDWARE,25.78,26.04,Set AC Fan to LOW & Peltier OFF,22.8035,4.9712,-0.01,107,61.37,61.61,26.66,,
06/05/2026 21:31:47,ENVIRONMENT,Sensors,PI_HARDWARE,25.68,26.01,-,22.8035,4.9712,-0.05,-,61.44,61.4,-,,
06/05/2026 21:32:48,ENVIRONMENT,Sensors,PI_HARDWARE,25.77,25.81,-,22.8036,4.9712,-0.03,-,59.76,60.19,-,,
06/05/2026 21:32:55,ACTION,LSTM_AI,PI_HARDWARE,25.81,25.8,Set AC Fan to MEDIUM & Peltier ON,22.8036,4.9712,-0.02,113.6,59.47,60.03,24,,
06/05/2026 21:33:10,ACTION,LSTM_AI,PI_HARDWARE,25.8,25.77,Set AC Fan to LOW & Peltier OFF,22.8081,4.9722,-0.03,108.7,59.11,59.78,26.67,,
06/05/2026 21:33:47,ENVIRONMENT,Sensors,PI_HARDWARE,25.59,25.62,-,22.8081,4.9722,-0.11,-,58.82,59.15,-,,
06/05/2026 21:34:28,ACTION,LSTM_AI,PI_HARDWARE,25.82,25.53,Set AC Fan to MEDIUM & Peltier ON,22.8082,4.9722,-0.01,106.9,60.33,59.56,24,,
06/05/2026 21:34:47,ENVIRONMENT,Sensors,PI_HARDWARE,25.84,25.51,-,22.8138,4.9734,+0.01,-,61.79,60.9,-,,
06/05/2026 21:34:49,ACTION,LSTM_AI,PI_HARDWARE,25.79,25.51,Set AC Fan to LOW & Peltier OFF,22.8138,4.9734,-0.01,107.3,61.79,60.9,26.66,,
06/05/2026 21:35:34,ACTION,LSTM_AI,PI_HARDWARE,25.8,25.47,Set AC Fan to MEDIUM & Peltier ON,22.8138,4.9734,+0.02,107.3,63.95,63.55,24,,
06/05/2026 21:35:48,ENVIRONMENT,Sensors,PI_HARDWARE,25.88,25.47,-,22.8177,4.9743,+0.05,-,64.44,64.34,-,,
06/05/2026 21:35:58,ACTION,LSTM_AI,PI_HARDWARE,25.78,25.47,Set AC Fan to LOW & Peltier OFF,22.8205,4.9749,+0.02,107.3,64.78,64.6,26.66,,
06/05/2026 21:36:34,ACTION,LSTM_AI,PI_HARDWARE,25.81,25.54,Set AC Fan to MEDIUM & Peltier ON,22.8206,4.9749,+0.04,110.3,66.32,66.02,24,,
06/05/2026 21:36:48,ENVIRONMENT,Sensors,PI_HARDWARE,25.89,25.59,-,22.8245,4.9757,+0.08,-,66.46,66.5,-,,
06/05/2026 21:37:01,ACTION,LSTM_AI,PI_HARDWARE,25.77,25.6,Set AC Fan to LOW & Peltier OFF,22.8279,4.9765,+0.03,113.9,67.12,66.84,26.66,,
06/05/2026 21:37:40,ACTION,LSTM_AI,PI_HARDWARE,25.87,25.7,Set AC Fan to MEDIUM & Peltier ON,22.8279,4.9765,+0.08,108.6,68.17,67.74,24,,
06/05/2026 21:37:48,ENVIRONMENT,Sensors,PI_HARDWARE,25.95,25.73,-,22.8301,4.977,+0.11,-,67.96,67.9,-,,
06/05/2026 21:38:19,ACTION,LSTM_AI,PI_HARDWARE,25.73,25.83,Set AC Fan to LOW & Peltier OFF,22.8385,4.9788,+0.03,107.3,68.75,68.5,26.66,,
06/05/2026 21:38:48,ENVIRONMENT,Sensors,PI_HARDWARE,25.77,25.88,-,22.8386,4.9788,+0.06,-,70.9,69.08,-,,
06/05/2026 21:38:52,ACTION,LSTM_AI,PI_HARDWARE,25.83,25.9,Set AC Fan to MEDIUM & Peltier ON,22.8386,4.9788,+0.09,107,70.66,69.14,24,,
06/05/2026 21:39:31,ACTION,LSTM_AI,PI_HARDWARE,25.76,26.01,Set AC Fan to LOW & Peltier OFF,22.8492,4.9811,+0.06,107.4,69.96,69.81,26.66,,
06/05/2026 21:39:48,ENVIRONMENT,Sensors,PI_HARDWARE,25.77,26.04,-,22.8492,4.9811,+0.08,-,71.88,70.01,-,,
06/05/2026 21:39:55,ACTION,LSTM_AI,PI_HARDWARE,25.84,26.06,Set AC Fan to MEDIUM & Peltier ON,22.8492,4.9811,+0.11,107.8,72.71,70.1,24,,
06/05/2026 21:40:31,ACTION,LSTM_AI,PI_HARDWARE,25.79,26.19,Set AC Fan to LOW & Peltier OFF,22.8593,4.9833,+0.07,112.6,70.94,70.64,26.66,,
06/05/2026 21:40:48,ENVIRONMENT,Sensors,PI_HARDWARE,25.82,26.21,-,22.8593,4.9833,+0.10,-,72.85,70.85,-,,
06/05/2026 21:40:49,ACTION,LSTM_AI,PI_HARDWARE,25.85,26.21,Set AC Fan to MEDIUM & Peltier ON,22.8593,4.9833,+0.12,107.3,72.85,70.85,24,,
06/05/2026 21:41:22,ACTION,LSTM_AI,PI_HARDWARE,25.8,26.31,Set AC Fan to LOW & Peltier OFF,22.8688,4.9854,+0.08,107.5,70.81,70.83,26.66,,
06/05/2026 21:41:46,ACTION,LSTM_AI,PI_HARDWARE,25.81,26.35,Set AC Fan to MEDIUM & Peltier ON,22.8688,4.9854,+0.10,107.8,72.3,69.86,24,,
06/05/2026 21:41:48,ENVIRONMENT,Sensors,PI_HARDWARE,25.81,26.36,-,22.8694,4.9855,+0.10,-,72.51,69.78,-,,
06/05/2026 21:42:10,ACTION,LSTM_AI,PI_HARDWARE,25.79,26.38,Set AC Fan to LOW & Peltier OFF,22.8755,4.9869,+0.07,110.4,69.95,68.95,26.66,,
06/05/2026 21:42:46,ACTION,LSTM_AI,PI_HARDWARE,25.82,26.36,Set AC Fan to MEDIUM & Peltier ON,22.8756,4.9869,+0.07,114,69.24,67.49,24,,
06/05/2026 21:42:48,ENVIRONMENT,Sensors,PI_HARDWARE,25.82,26.39,-,22.8762,4.987,+0.07,-,68.85,67.32,-,,
06/05/2026 21:43:10,ACTION,LSTM_AI,PI_HARDWARE,25.78,26.33,Set AC Fan to LOW & Peltier OFF,22.8823,4.9883,+0.04,108.1,66.95,66.34,26.66,,
06/05/2026 21:43:48,ENVIRONMENT,Sensors,PI_HARDWARE,25.71,26.28,-,22.8824,4.9884,0,-,65.87,64.84,-,,
06/05/2026 21:43:58,ACTION,LSTM_AI,PI_HARDWARE,25.81,26.26,Set AC Fan to MEDIUM & Peltier ON,22.8824,4.9884,+0.03,114.1,65.08,64.48,24,,
06/05/2026 21:44:22,ACTION,LSTM_AI,PI_HARDWARE,25.77,26.19,Set AC Fan to LOW & Peltier OFF,22.8891,4.9898,+0.01,107.4,63.67,63.56,26.66,,
06/05/2026 21:44:48,ENVIRONMENT,Sensors,PI_HARDWARE,25.59,26.11,-,22.8891,4.9898,-0.07,-,63.67,62.84,-,,
06/05/2026 21:45:22,ACTION,LSTM_AI,PI_HARDWARE,25.81,25.98,Set AC Fan to MEDIUM & Peltier ON,22.8892,4.9898,+0.00,114.4,61.89,61.92,24,,
06/05/2026 21:45:40,ACTION,LSTM_AI,PI_HARDWARE,25.79,25.94,Set AC Fan to LOW & Peltier OFF,22.8942,4.9909,-0.01,107.5,61.21,61.5,26.67,,
06/05/2026 21:45:48,ENVIRONMENT,Sensors,PI_HARDWARE,25.73,25.91,-,22.8942,4.9909,-0.03,-,61.3,61.37,-,,
06/05/2026 21:46:48,ENVIRONMENT,Sensors,PI_HARDWARE,25.81,25.7,-,22.8943,4.991,-0.02,-,59.33,60.22,-,,
06/05/2026 21:46:49,ACTION,LSTM_AI,PI_HARDWARE,25.82,25.7,Set AC Fan to MEDIUM & Peltier ON,22.8943,4.991,-0.01,114.9,59.33,60.22,24,,
06/05/2026 21:47:04,ACTION,LSTM_AI,PI_HARDWARE,25.8,25.64,Set AC Fan to LOW & Peltier OFF,22.8988,4.9919,-0.03,107.5,58.99,59.91,26.67,,
06/05/2026 21:47:48,ENVIRONMENT,Sensors,PI_HARDWARE,25.63,25.49,-,22.8988,4.9919,-0.08,-,60.39,59.79,-,,
06/05/2026 21:48:10,ACTION,LSTM_AI,PI_HARDWARE,25.84,25.47,Set AC Fan to MEDIUM & Peltier ON,22.8988,4.9919,+0.01,113.3,61.34,60.81,24,,
06/05/2026 21:48:34,ACTION,LSTM_AI,PI_HARDWARE,25.78,25.42,Set AC Fan to LOW & Peltier OFF,22.9056,4.9934,+0.00,107.3,62.77,62.37,26.66,,
06/05/2026 21:48:48,ENVIRONMENT,Sensors,PI_HARDWARE,25.64,25.39,-,22.9056,4.9934,-0.04,-,64.27,63.33,-,,
06/05/2026 21:49:19,ACTION,LSTM_AI,PI_HARDWARE,25.82,25.43,Set AC Fan to MEDIUM & Peltier ON,22.9056,4.9934,+0.03,107.3,64.97,64.79,24,,
06/05/2026 21:49:46,ACTION,LSTM_AI,PI_HARDWARE,25.8,25.46,Set AC Fan to LOW & Peltier OFF,22.9134,4.9951,+0.03,107.7,65.88,65.82,26.66,,
06/05/2026 21:49:48,ENVIRONMENT,Sensors,PI_HARDWARE,25.8,25.47,-,22.9134,4.9951,+0.04,-,66.16,66.05,-,,
06/05/2026 21:50:13,ACTION,LSTM_AI,PI_HARDWARE,25.81,25.53,Set AC Fan to MEDIUM & Peltier ON,22.9135,4.9951,+0.05,107.2,67.03,66.8,24,,
06/05/2026 21:50:43,ACTION,LSTM_AI,PI_HARDWARE,25.77,25.6,Set AC Fan to LOW & Peltier OFF,22.9219,4.997,+0.04,107.5,67.43,67.51,26.66,,
06/05/2026 21:50:48,ENVIRONMENT,Sensors,PI_HARDWARE,25.74,25.63,-,22.9219,4.997,+0.03,-,67.66,67.75,-,,
06/05/2026 21:51:07,ACTION,LSTM_AI,PI_HARDWARE,25.81,25.69,Set AC Fan to MEDIUM & Peltier ON,22.9219,4.997,+0.07,108.4,68.98,68.09,24,,
06/05/2026 21:51:43,ACTION,LSTM_AI,PI_HARDWARE,25.75,25.84,Set AC Fan to LOW & Peltier OFF,22.9319,4.9992,+0.04,107.2,68.61,68.66,26.66,,
06/05/2026 21:51:48,ENVIRONMENT,Sensors,PI_HARDWARE,25.73,25.85,-,22.932,4.9992,+0.03,-,68.68,68.85,-,,
06/05/2026 21:52:07,ACTION,LSTM_AI,PI_HARDWARE,25.84,25.93,Set AC Fan to MEDIUM & Peltier ON,22.932,4.9992,+0.09,114.1,71.14,69.04,24,,
06/05/2026 21:52:48,ENVIRONMENT,Sensors,PI_HARDWARE,25.79,26.05,-,22.9437,5.0017,+0.06,-,69.61,69.62,-,,
06/05/2026 21:52:50,ACTION,LSTM_AI,PI_HARDWARE,25.76,26.05,Set AC Fan to LOW & Peltier OFF,22.9437,5.0017,+0.05,107.3,69.61,69.62,26.66,,
06/05/2026 21:53:04,ACTION,LSTM_AI,PI_HARDWARE,25.81,26.11,Set AC Fan to MEDIUM & Peltier ON,22.9443,5.0019,+0.08,106.8,71.01,69.83,24,,
06/05/2026 21:53:40,ACTION,LSTM_AI,PI_HARDWARE,25.78,26.19,Set AC Fan to LOW & Peltier OFF,22.9538,5.0039,+0.07,107.2,70.36,70.29,26.66,,
06/05/2026 21:53:48,ENVIRONMENT,Sensors,PI_HARDWARE,25.78,26.25,-,22.9538,5.0039,+0.07,-,70.71,70.37,-,,
06/05/2026 21:53:53,ACTION,LSTM_AI,PI_HARDWARE,25.84,26.25,Set AC Fan to MEDIUM & Peltier ON,22.9544,5.0041,+0.10,112.4,71.15,70.37,24,,
06/05/2026 21:54:46,ACTION,LSTM_AI,PI_HARDWARE,25.79,26.42,Set AC Fan to LOW & Peltier OFF,22.9689,5.0072,+0.07,109.7,70.43,70.68,26.66,,
06/05/2026 21:54:49,ENVIRONMENT,Sensors,PI_HARDWARE,25.79,26.45,-,22.9689,5.0072,+0.07,-,70.33,70.61,-,,
06/05/2026 21:54:55,ACTION,LSTM_AI,PI_HARDWARE,25.8,26.46,Set AC Fan to MEDIUM & Peltier ON,22.9689,5.0072,+0.08,113.4,70.59,70.41,24,,
06/05/2026 21:55:25,ACTION,LSTM_AI,PI_HARDWARE,25.79,26.52,Set AC Fan to LOW & Peltier OFF,22.9773,5.009,+0.06,107.6,69.61,69.19,26.66,,
06/05/2026 21:55:37,ACTION,LSTM_AI,PI_HARDWARE,25.82,26.52,Set AC Fan to MEDIUM & Peltier ON,22.9773,5.0091,+0.08,107.7,69.91,68.82,24,,
06/05/2026 21:55:48,ENVIRONMENT,Sensors,PI_HARDWARE,25.87,26.55,-,22.9807,5.0098,+0.10,-,70.46,68.35,-,,
06/05/2026 21:56:01,ACTION,LSTM_AI,PI_HARDWARE,25.77,26.55,Set AC Fan to LOW & Peltier OFF,22.984,5.0105,+0.05,112.8,68.84,67.72,26.66,,
06/05/2026 21:56:25,ACTION,LSTM_AI,PI_HARDWARE,25.82,26.53,Set AC Fan to MEDIUM & Peltier ON,22.984,5.0105,+0.08,113.2,70.09,66.64,24,,
06/05/2026 21:56:46,ACTION,LSTM_AI,PI_HARDWARE,25.77,26.53,Set AC Fan to LOW & Peltier OFF,22.9896,5.0117,+0.04,113.7,68.22,65.82,26.66,,
06/05/2026 21:56:49,ENVIRONMENT,Sensors,PI_HARDWARE,25.77,26.49,-,22.9896,5.0117,+0.04,-,67.75,65.59,-,,
06/05/2026 21:57:35,ACTION,LSTM_AI,PI_HARDWARE,25.82,26.42,Set AC Fan to MEDIUM & Peltier ON,22.9897,5.0118,+0.05,112.4,67.25,63.78,24,,
06/05/2026 21:57:49,ENVIRONMENT,Sensors,PI_HARDWARE,25.86,26.38,-,22.9942,5.0127,+0.05,-,65.37,63.19,-,,
06/05/2026 21:57:53,ACTION,LSTM_AI,PI_HARDWARE,25.79,26.38,Set AC Fan to LOW & Peltier OFF,22.9947,5.0129,+0.02,108.3,65.01,63.13,26.66,,
06/05/2026 21:58:49,ENVIRONMENT,Sensors,PI_HARDWARE,25.82,26.18,-,22.9948,5.0129,+0.01,-,62.01,61.66,-,,
06/05/2026 21:58:50,ACTION,LSTM_AI,PI_HARDWARE,25.85,26.18,Set AC Fan to MEDIUM & Peltier ON,22.9948,5.0129,+0.02,107.3,62.01,61.66,24,,
06/05/2026 21:59:17,ACTION,LSTM_AI,PI_HARDWARE,25.73,26.11,Set AC Fan to LOW & Peltier OFF,23.0021,5.0145,-0.03,113.9,61.28,61.1,26.66,,
06/05/2026 21:59:49,ENVIRONMENT,Sensors,PI_HARDWARE,25.5,25.95,-,23.0021,5.0145,-0.12,-,60.9,60.42,-,,
06/05/2026 22:00:41,ACTION,LSTM_AI,PI_HARDWARE,25.83,25.77,Set AC Fan to MEDIUM & Peltier ON,23.0022,5.0145,-0.01,111.4,59.39,59.54,24,,
06/05/2026 22:00:49,ENVIRONMENT,Sensors,PI_HARDWARE,25.89,25.73,-,23.005,5.0151,+0.01,-,59.65,59.63,-,,
06/05/2026 22:01:08,ACTION,LSTM_AI,PI_HARDWARE,25.8,25.7,Set AC Fan to LOW & Peltier OFF,23.01,5.0162,-0.01,113.2,61.05,60.23,26.66,,
06/05/2026 22:01:47,ACTION,LSTM_AI,PI_HARDWARE,25.81,25.63,Set AC Fan to MEDIUM & Peltier ON,23.0101,5.0162,+0.02,113.6,64.14,62.77,24,,
06/05/2026 22:01:49,ENVIRONMENT,Sensors,PI_HARDWARE,25.81,25.6,-,23.0112,5.0164,+0.02,-,64.23,63,-,,
06/05/2026 22:02:17,ACTION,LSTM_AI,PI_HARDWARE,25.77,25.63,Set AC Fan to LOW & Peltier OFF,23.0185,5.018,+0.02,113.4,64.94,64.47,26.66,,
06/05/2026 22:02:47,ACTION,LSTM_AI,PI_HARDWARE,25.81,25.69,Set AC Fan to MEDIUM & Peltier ON,23.0185,5.018,+0.05,113.1,66.61,65.7,24,,
06/05/2026 22:02:49,ENVIRONMENT,Sensors,PI_HARDWARE,25.81,25.69,-,23.0196,5.0183,+0.05,-,66.67,65.88,-,,
06/05/2026 22:03:18,ACTION,USER,PI_HARDWARE,25.81,25.69,Set STATUS to OFF,23.0274,5.02,+0.05,-,66.67,65.88,-,,
06/05/2026 22:03:21,ACTION,LSTM_AI,PI_HARDWARE,25.8,25.69,Set AC Fan to LOW & Peltier OFF,23.028,5.0201,+0.04,112.6,66.67,65.88,26.67,,
06/05/2026 22:03:48,ACTION,LSTM_AI,PI_HARDWARE,25.81,25.81,Set AC Fan to MEDIUM & Peltier ON,23.028,5.0201,+0.06,113.1,68.82,67.48,24,,
06/05/2026 22:03:49,ENVIRONMENT,Sensors,PI_HARDWARE,25.81,25.8,-,23.0286,5.0202,+0.06,-,68.69,67.59,-,,
06/05/2026 22:04:27,ACTION,LSTM_AI,PI_HARDWARE,25.76,25.91,Set AC Fan to LOW & Peltier OFF,23.0386,5.0224,+0.04,112.2,68.37,68.28,26.66,,
06/05/2026 22:04:49,ENVIRONMENT,Sensors,PI_HARDWARE,25.8,25.95,-,23.0387,5.0224,+0.08,-,70.95,68.72,-,,
06/05/2026 22:04:51,ACTION,LSTM_AI,PI_HARDWARE,25.84,25.95,Set AC Fan to MEDIUM & Peltier ON,23.0387,5.0224,+0.09,113.7,70.95,68.72,24,,
06/05/2026 22:05:30,ACTION,LSTM_AI,PI_HARDWARE,25.79,26.09,Set AC Fan to LOW & Peltier OFF,23.0499,5.0249,+0.06,114.7,69.42,69.31,26.66,,
06/05/2026 22:05:45,ACTION,LSTM_AI,PI_HARDWARE,25.83,26.14,Set AC Fan to MEDIUM & Peltier ON,23.0499,5.0249,+0.09,109,70.77,69.44,24,,
06/05/2026 22:05:49,ENVIRONMENT,Sensors,PI_HARDWARE,25.86,26.14,-,23.0516,5.0252,+0.11,-,71.84,69.53,-,,
06/05/2026 22:06:27,ACTION,LSTM_AI,PI_HARDWARE,25.77,26.24,Set AC Fan to LOW & Peltier OFF,23.0616,5.0274,+0.06,117.9,70.11,70.1,26.66,,
06/05/2026 22:06:39,ACTION,LSTM_AI,PI_HARDWARE,25.81,26.29,Set AC Fan to MEDIUM & Peltier ON,23.0616,5.0274,+0.08,113.6,71.11,70.25,24,,
06/05/2026 22:06:49,ENVIRONMENT,Sensors,PI_HARDWARE,25.9,26.31,-,23.065,5.0282,+0.13,-,72.27,70.38,-,,
06/05/2026 22:07:28,ACTION,LSTM_AI,PI_HARDWARE,25.79,26.42,Set AC Fan to LOW & Peltier OFF,23.075,5.0304,+0.07,120.4,70.91,70.85,26.66,,
06/05/2026 22:07:36,ACTION,LSTM_AI,PI_HARDWARE,25.82,26.43,Set AC Fan to MEDIUM & Peltier ON,23.0751,5.0304,+0.09,114.2,71.26,70.87,24,,
06/05/2026 22:07:49,ENVIRONMENT,Sensors,PI_HARDWARE,25.92,26.45,-,23.079,5.0312,+0.13,-,72.05,70.89,-,,
06/05/2026 22:08:19,ACTION,LSTM_AI,PI_HARDWARE,25.79,26.52,Set AC Fan to LOW & Peltier OFF,23.0868,5.0329,+0.07,113.2,70.03,70.36,26.66,,
06/05/2026 22:08:45,ACTION,LSTM_AI,PI_HARDWARE,25.84,26.52,Set AC Fan to MEDIUM & Peltier ON,23.0868,5.0329,+0.09,114,71.04,69.23,24,,
06/05/2026 22:08:49,ENVIRONMENT,Sensors,PI_HARDWARE,25.89,26.55,-,23.0885,5.0333,+0.12,-,72.16,68.87,-,,
06/05/2026 22:09:01,ACTION,LSTM_AI,PI_HARDWARE,26.01,26.53,Set AC Fan to HIGH & Peltier ON,23.0913,5.0339,+0.17,107.5,71.58,68.38,24,,
06/05/2026 22:09:06,ACTION,LSTM_AI,PI_HARDWARE,25.95,26.55,Set AC Fan to MEDIUM & Peltier ON,23.093,5.0343,+0.13,115.4,69.77,67.99,24,,
06/05/2026 22:09:31,ACTION,LSTM_AI,PI_HARDWARE,25.77,26.55,Set AC Fan to LOW & Peltier OFF,23.0997,5.0357,+0.04,115.9,68.17,67.4,26.66,,
06/05/2026 22:09:49,ENVIRONMENT,Sensors,PI_HARDWARE,25.65,26.52,-,23.0997,5.0357,-0.01,-,67.68,66.72,-,,
06/05/2026 22:10:49,ENVIRONMENT,Sensors,PI_HARDWARE,25.65,26.52,-,23.0998,5.0358,-0.01,-,67.68,66.72,-,,
06/05/2026 22:11:50,ENVIRONMENT,Sensors,PI_HARDWARE,25.65,26.52,-,23.0999,5.0358,-0.01,-,67.68,66.72,-,,
06/05/2026 22:12:49,ENVIRONMENT,Sensors,PI_HARDWARE,25.65,26.52,-,23.1,5.0358,-0.01,-,67.68,66.72,-,,
06/05/2026 22:13:49,ENVIRONMENT,Sensors,PI_HARDWARE,25.65,26.52,-,23.1,5.0358,-0.01,-,67.68,66.72,-,,
06/05/2026 22:14:49,ENVIRONMENT,Sensors,PI_HARDWARE,25.65,26.52,-,23.1001,5.0358,-0.01,-,67.68,66.72,-,,
06/05/2026 22:15:50,ENVIRONMENT,Sensors,PI_HARDWARE,25.65,26.52,-,23.1002,5.0358,-0.01,-,67.68,66.72,-,,
06/05/2026 22:16:50,ENVIRONMENT,Sensors,PI_HARDWARE,25.65,26.52,-,23.1003,5.0359,-0.01,-,67.68,66.72,-,,
06/05/2026 22:17:50,ENVIRONMENT,Sensors,PI_HARDWARE,25.65,26.52,-,23.1004,5.0359,-0.01,-,67.68,66.72,-,,
06/05/2026 22:18:52,ENVIRONMENT,Sensors,PI_HARDWARE,25.65,26.52,-,23.1005,5.0359,-0.01,-,67.68,66.72,-,,
06/05/2026 22:19:50,ENVIRONMENT,Sensors,PI_HARDWARE,25.65,26.52,-,23.1005,5.0359,-0.01,-,67.68,66.72,-,,
06/05/2026 22:20:50,ENVIRONMENT,Sensors,PI_HARDWARE,25.65,26.52,-,23.1006,5.0359,-0.01,-,67.68,66.72,-,,
06/05/2026 22:21:50,ENVIRONMENT,Sensors,PI_HARDWARE,25.65,26.52,-,23.1007,5.036,-0.01,-,67.68,66.72,-,,
06/05/2026 22:22:50,ENVIRONMENT,Sensors,PI_HARDWARE,25.65,26.52,-,23.1008,5.036,-0.01,-,67.68,66.72,-,,
06/05/2026 22:23:50,ENVIRONMENT,Sensors,PI_HARDWARE,25.65,26.52,-,23.1009,5.036,-0.01,-,67.68,66.72,-,,
06/05/2026 22:24:50,ENVIRONMENT,Sensors,PI_HARDWARE,25.65,26.52,-,23.101,5.036,-0.01,-,67.68,66.72,-,,
06/05/2026 22:25:50,ENVIRONMENT,Sensors,PI_HARDWARE,25.65,26.52,-,23.101,5.036,-0.01,-,67.68,66.72,-,,
06/05/2026 22:26:50,ENVIRONMENT,Sensors,PI_HARDWARE,25.65,26.52,-,23.1011,5.036,-0.01,-,67.68,66.72,-,,
06/05/2026 22:27:21,SYSTEM,BOOT,PI_HARDWARE,24,24,--- Raspberry Pi AI Master Started ---,23.1011,5.036,-0.77,-,50,50,-,,
06/05/2026 22:28:02,SYSTEM,SHUTDOWN,PI_HARDWARE,24,24,Master Script Stopped Manually,23.1012,5.0361,-0.77,-,50,50,-,,
06/05/2026 22:30:10,SYSTEM,BOOT,PI_HARDWARE,24,24,--- Raspberry Pi AI Master Started ---,23.1012,5.0361,-0.77,-,50,50,-,,
06/05/2026 22:30:15,ACTION,LSTM_AI,PI_HARDWARE,26.15,24,Set AC Fan to HIGH & Peltier ON,23.1012,5.0361,+0.03,133.7,50,50,24,,
06/05/2026 22:30:44,ACTION,LSTM_AI,PI_HARDWARE,25.95,26,Set AC Fan to MEDIUM & Peltier ON,23.1096,5.0379,+0.13,113.5,70.24,69.86,24,,
06/05/2026 22:31:00,ACTION,LSTM_AI,PI_HARDWARE,25.65,26.09,Set AC Fan to LOW & Peltier OFF,23.1135,5.0387,+0.02,113,70.33,69.91,26.68,,
06/05/2026 22:31:10,ENVIRONMENT,Sensors,PI_HARDWARE,25.59,26.09,-,23.1135,5.0387,-0.01,-,70.31,70.12,-,,
06/05/2026 22:32:10,ENVIRONMENT,Sensors,PI_HARDWARE,25.58,26.12,-,23.1136,5.0388,+0.02,-,73.68,70.51,-,,
06/05/2026 22:33:10,ENVIRONMENT,Sensors,PI_HARDWARE,25.58,26.12,-,23.1137,5.0388,+0.02,-,73.68,70.51,-,,
06/05/2026 22:34:10,ENVIRONMENT,Sensors,PI_HARDWARE,25.58,26.12,-,23.1138,5.0388,+0.02,-,73.68,70.51,-,,
06/05/2026 22:35:10,ENVIRONMENT,Sensors,PI_HARDWARE,25.58,26.12,-,23.1138,5.0388,+0.02,-,73.68,70.51,-,,
06/05/2026 22:36:11,ENVIRONMENT,Sensors,PI_HARDWARE,25.58,26.12,-,23.1139,5.0388,+0.02,-,73.68,70.51,-,,
06/05/2026 22:37:10,ENVIRONMENT,Sensors,PI_HARDWARE,25.58,26.12,-,23.114,5.0389,+0.02,-,73.68,70.51,-,,
06/05/2026 22:38:11,ENVIRONMENT,Sensors,PI_HARDWARE,25.58,26.12,-,23.1141,5.0389,+0.02,-,73.68,70.51,-,,
06/05/2026 22:39:11,ENVIRONMENT,Sensors,PI_HARDWARE,25.58,26.12,-,23.1142,5.0389,+0.02,-,73.68,70.51,-,,
06/05/2026 22:40:11,ENVIRONMENT,Sensors,PI_HARDWARE,25.58,26.12,-,23.1143,5.0389,+0.02,-,73.68,70.51,-,,
06/05/2026 22:41:19,ENVIRONMENT,Sensors,PI_HARDWARE,25.58,26.12,-,23.1143,5.0389,+0.02,-,73.68,70.51,-,,
06/05/2026 22:42:11,ENVIRONMENT,Sensors,PI_HARDWARE,25.58,26.12,-,23.1144,5.0389,+0.02,-,73.68,70.51,-,,
06/05/2026 22:43:11,ENVIRONMENT,Sensors,PI_HARDWARE,25.58,26.12,-,23.1145,5.039,+0.02,-,73.68,70.51,-,,
07/05/2026 19:30:41,SYSTEM,BOOT,PI_HARDWARE,24,24,--- Raspberry Pi AI Master Started ---,23.1258,5.0414,-0.77,-,50,50,-,,
07/05/2026 19:30:43,ACTION,LSTM_AI,PI_HARDWARE,27.2,24,Set AC Fan to HIGH & Peltier ON,23.1258,5.0414,+0.42,115.6,50,50,24,,
07/05/2026 19:31:36,ENVIRONMENT,Sensors,PI_HARDWARE,26.33,27.43,-,23.1426,5.0451,+0.23,-,65.03,62.52,-,,
07/05/2026 19:32:09,ACTION,LSTM_AI,PI_HARDWARE,25.94,27.31,Set AC Fan to MEDIUM & Peltier ON,23.1482,5.0463,+0.08,112.7,65.28,62.37,24,,
07/05/2026 19:34:37,ENVIRONMENT,Sensors,PI_HARDWARE,25.94,27,-,23.1829,5.0539,+0.11,-,68.97,66.27,-,,
07/05/2026 19:34:52,ACTION,LSTM_AI,PI_HARDWARE,26.01,27,Set AC Fan to HIGH & Peltier ON,23.1879,5.055,+0.15,114.7,69.52,67.32,24,,
07/05/2026 19:35:34,ENVIRONMENT,Sensors,PI_HARDWARE,26.23,27.14,-,23.1996,5.0575,+0.24,-,70.44,68.41,-,,
07/05/2026 19:40:36,ENVIRONMENT,Sensors,PI_HARDWARE,26.03,27.56,-,23.2839,5.0759,+0.13,-,66.96,63.82,-,,
07/05/2026 19:40:44,ACTION,LSTM_AI,PI_HARDWARE,25.96,27.56,Set AC Fan to MEDIUM & Peltier ON,23.2861,5.0764,+0.10,114.9,66.85,63.59,24,,
07/05/2026 19:41:08,ACTION,LSTM_AI,PI_HARDWARE,25.78,27.5,Set AC Fan to LOW & Peltier OFF,23.2928,5.0778,+0.03,114.3,66.36,62.92,26.66,,
07/05/2026 19:41:32,ACTION,LSTM_AI,PI_HARDWARE,25.81,27.41,Set AC Fan to MEDIUM & Peltier ON,23.2934,5.078,+0.06,114.5,68.23,62.6,24,,
07/05/2026 19:41:35,ENVIRONMENT,Sensors,PI_HARDWARE,25.83,27.38,-,23.2945,5.0782,+0.07,-,68.69,62.53,-,,
07/05/2026 19:42:18,ACTION,USER,PI_HARDWARE,25.84,27.32,Set STATUS to OFF,23.3063,5.0808,+0.05,-,66.6,61.95,-,,
07/05/2026 19:42:21,ACTION,LSTM_AI,PI_HARDWARE,25.76,27.32,Set AC Fan to LOW & Peltier OFF,23.3068,5.0809,+0.02,107.6,66.6,61.95,26.66,,
07/05/2026 19:42:35,ENVIRONMENT,Sensors,PI_HARDWARE,25.54,27.14,-,23.3068,5.0809,-0.06,-,66.3,61.24,-,,
07/05/2026 19:43:30,ACTION,LSTM_AI,PI_HARDWARE,25.8,26.97,Set AC Fan to MEDIUM & Peltier ON,23.3069,5.0809,+0.05,113.4,67.7,60.51,24,,
07/05/2026 19:43:36,ENVIRONMENT,Sensors,PI_HARDWARE,25.8,26.91,-,23.3091,5.0814,+0.05,-,67.32,60.32,-,,
07/05/2026 19:43:40,ACTION,LSTM_AI,PI_HARDWARE,25.79,26.91,Set AC Fan to LOW & Peltier OFF,23.3097,5.0815,+0.04,107.1,67.32,60.32,26.67,,
07/05/2026 19:44:36,ENVIRONMENT,Sensors,PI_HARDWARE,25.71,26.69,-,23.3098,5.0815,+0.00,-,65.78,59.6,-,,
07/05/2026 19:45:36,ENVIRONMENT,Sensors,PI_HARDWARE,25.68,26.42,-,23.3099,5.0816,-0.03,-,63.31,58.91,-,,
07/05/2026 19:46:36,ENVIRONMENT,Sensors,PI_HARDWARE,25.64,26.19,-,23.3099,5.0816,-0.07,-,61.15,58.44,-,,
07/05/2026 19:47:36,ENVIRONMENT,Sensors,PI_HARDWARE,25.57,26.01,-,23.31,5.0816,-0.11,-,59.35,57.85,-,,
07/05/2026 19:48:36,ENVIRONMENT,Sensors,PI_HARDWARE,25.5,25.83,-,23.3101,5.0816,-0.15,-,58.3,57.26,-,,
07/05/2026 19:49:36,ENVIRONMENT,Sensors,PI_HARDWARE,25.44,25.66,-,23.3102,5.0816,-0.18,-,57.4,56.87,-,,
07/05/2026 19:50:36,ENVIRONMENT,Sensors,PI_HARDWARE,25.31,25.5,-,23.3103,5.0816,-0.22,-,57.47,56.68,-,,
07/05/2026 19:51:36,ENVIRONMENT,Sensors,PI_HARDWARE,25.46,25.42,-,23.3104,5.0817,-0.13,-,61.8,59.79,-,,
07/05/2026 19:52:36,ENVIRONMENT,Sensors,PI_HARDWARE,25.71,25.47,-,23.3104,5.0817,-0.02,-,64.15,63.24,-,,
07/05/2026 19:53:06,ACTION,LSTM_AI,PI_HARDWARE,25.8,25.57,Set AC Fan to MEDIUM & Peltier ON,23.3105,5.0817,+0.03,113.1,65.04,64.44,24,,
07/05/2026 19:53:29,ACTION,LSTM_AI,PI_HARDWARE,25.75,25.64,Set AC Fan to LOW & Peltier OFF,23.3172,5.0831,+0.01,113.3,65.81,65.24,26.66,,
07/05/2026 19:53:36,ENVIRONMENT,Sensors,PI_HARDWARE,25.68,25.64,-,23.3172,5.0832,0,-,66.8,65.72,-,,
07/05/2026 19:54:23,ACTION,LSTM_AI,PI_HARDWARE,25.85,25.84,Set AC Fan to MEDIUM & Peltier ON,23.3173,5.0832,+0.07,108.9,68,66.95,24,,
07/05/2026 19:54:36,ENVIRONMENT,Sensors,PI_HARDWARE,25.96,25.88,-,23.3212,5.084,+0.11,-,67.95,67.23,-,,
07/05/2026 19:55:08,ACTION,LSTM_AI,PI_HARDWARE,25.75,26.01,Set AC Fan to LOW & Peltier OFF,23.3301,5.086,+0.04,114.7,68.69,68.1,26.66,,
07/05/2026 19:55:33,ACTION,LSTM_AI,PI_HARDWARE,25.82,26.11,Set AC Fan to MEDIUM & Peltier ON,23.3302,5.086,+0.09,115.1,71.13,68.57,24,,
07/05/2026 19:55:37,ENVIRONMENT,Sensors,PI_HARDWARE,25.85,26.15,-,23.3313,5.0862,+0.10,-,71.46,68.62,-,,
07/05/2026 19:56:36,ENVIRONMENT,Sensors,PI_HARDWARE,25.82,26.39,-,23.348,5.0899,+0.08,-,69.95,69.5,-,,
07/05/2026 19:57:37,ENVIRONMENT,Sensors,PI_HARDWARE,25.93,26.66,-,23.3648,5.0935,+0.12,-,70.29,69.95,-,,
07/05/2026 19:58:24,ACTION,LSTM_AI,PI_HARDWARE,25.77,26.84,Set AC Fan to LOW & Peltier OFF,23.3777,5.0963,+0.05,107.3,69.05,68.37,26.66,,
07/05/2026 19:58:36,ENVIRONMENT,Sensors,PI_HARDWARE,25.79,26.9,-,23.3777,5.0963,+0.06,-,69.88,67.74,-,,
07/05/2026 19:58:39,ACTION,LSTM_AI,PI_HARDWARE,25.8,26.9,Set AC Fan to MEDIUM & Peltier ON,23.3782,5.0965,+0.07,114,69.88,67.74,24,,
07/05/2026 19:59:03,ACTION,LSTM_AI,PI_HARDWARE,25.78,26.93,Set AC Fan to LOW & Peltier OFF,23.3844,5.0978,+0.06,113.9,69.05,66.86,26.66,,
07/05/2026 19:59:36,ACTION,LSTM_AI,PI_HARDWARE,25.82,26.88,Set AC Fan to MEDIUM & Peltier ON,23.3844,5.0978,+0.09,113.3,70.79,65.24,24,,
07/05/2026 19:59:37,ENVIRONMENT,Sensors,PI_HARDWARE,25.82,26.9,-,23.385,5.0979,+0.09,-,70.92,65.14,-,,
07/05/2026 20:00:00,ACTION,LSTM_AI,PI_HARDWARE,25.76,26.86,Set AC Fan to LOW & Peltier OFF,23.3912,5.0993,+0.04,114.3,67.93,64.23,26.66,,
07/05/2026 20:00:37,ENVIRONMENT,Sensors,PI_HARDWARE,25.66,26.73,-,23.3912,5.0993,+0.01,-,69.27,63.24,-,,
07/05/2026 20:01:19,ACTION,LSTM_AI,PI_HARDWARE,25.81,26.63,Set AC Fan to MEDIUM & Peltier ON,23.3913,5.0993,+0.05,113.3,66.49,62.29,24,,
07/05/2026 20:01:37,ENVIRONMENT,Sensors,PI_HARDWARE,25.79,26.57,-,23.3968,5.1005,+0.02,-,64.36,62.07,-,,
07/05/2026 20:01:39,ACTION,LSTM_AI,PI_HARDWARE,25.75,26.57,Set AC Fan to LOW & Peltier OFF,23.3969,5.1005,+0.00,107.4,64.36,62.07,26.66,,
07/05/2026 20:02:37,ENVIRONMENT,Sensors,PI_HARDWARE,25.64,26.31,-,23.3969,5.1005,-0.06,-,62.52,60.81,-,,
07/05/2026 20:03:00,ACTION,LSTM_AI,PI_HARDWARE,25.82,26.22,Set AC Fan to MEDIUM & Peltier ON,23.397,5.1005,+0.00,114.8,61.42,60.49,24,,
07/05/2026 20:03:21,ACTION,LSTM_AI,PI_HARDWARE,25.77,26.15,Set AC Fan to LOW & Peltier OFF,23.4025,5.1018,-0.02,112.9,60.64,59.93,26.66,,
07/05/2026 20:03:37,ENVIRONMENT,Sensors,PI_HARDWARE,25.58,26.06,-,23.4026,5.1018,-0.09,-,60.81,59.69,-,,
07/05/2026 20:04:37,ENVIRONMENT,Sensors,PI_HARDWARE,25.76,25.84,-,23.4027,5.1018,-0.04,-,58.94,59.18,-,,
07/05/2026 20:04:45,ACTION,LSTM_AI,PI_HARDWARE,25.81,25.81,Set AC Fan to MEDIUM & Peltier ON,23.4027,5.1018,-0.03,112.9,58.77,59.09,24,,
07/05/2026 20:05:03,ACTION,LSTM_AI,PI_HARDWARE,25.77,25.77,Set AC Fan to LOW & Peltier OFF,23.4077,5.1029,-0.04,113.4,58.32,58.75,26.67,,
07/05/2026 20:05:37,ENVIRONMENT,Sensors,PI_HARDWARE,25.59,25.66,-,23.4077,5.1029,-0.08,-,61.39,59.53,-,,
07/05/2026 20:06:03,ACTION,LSTM_AI,PI_HARDWARE,25.8,25.59,Set AC Fan to MEDIUM & Peltier ON,23.4078,5.1029,+0.00,114.1,62.18,60.87,24,,
07/05/2026 20:06:34,ACTION,LSTM_AI,PI_HARDWARE,25.73,25.59,Set AC Fan to LOW & Peltier OFF,23.4162,5.1047,-0.01,113.7,63.97,62.89,26.66,,
07/05/2026 20:06:38,ENVIRONMENT,Sensors,PI_HARDWARE,25.69,25.62,-,23.4162,5.1047,-0.02,-,64.45,63.44,-,,
07/05/2026 20:07:18,ACTION,LSTM_AI,PI_HARDWARE,25.82,25.66,Set AC Fan to MEDIUM & Peltier ON,23.4162,5.1047,+0.04,113,65.86,65.08,24,,
07/05/2026 20:07:37,ENVIRONMENT,Sensors,PI_HARDWARE,25.95,25.67,-,23.4218,5.106,+0.09,-,66.29,65.94,-,,
07/05/2026 20:07:57,ACTION,LSTM_AI,PI_HARDWARE,25.73,25.74,Set AC Fan to LOW & Peltier OFF,23.4268,5.1071,+0.02,114,67.05,66.66,26.66,,
07/05/2026 20:08:36,ACTION,LSTM_AI,PI_HARDWARE,25.87,25.88,Set AC Fan to MEDIUM & Peltier ON,23.4269,5.1071,+0.08,114.9,68.74,67.64,24,,
07/05/2026 20:08:37,ENVIRONMENT,Sensors,PI_HARDWARE,25.87,25.9,-,23.4275,5.1072,+0.08,-,68.68,67.7,-,,
07/05/2026 20:08:51,ACTION,LSTM_AI,PI_HARDWARE,26.02,25.95,Set AC Fan to HIGH & Peltier ON,23.4308,5.1079,+0.14,113,68.65,67.79,24,,
07/05/2026 20:09:04,ACTION,LSTM_AI,PI_HARDWARE,25.99,26,Set AC Fan to MEDIUM & Peltier ON,23.4342,5.1086,+0.13,114.6,68.97,68.3,24,,
07/05/2026 20:09:24,ACTION,LSTM_AI,PI_HARDWARE,25.77,26.06,Set AC Fan to LOW & Peltier OFF,23.4403,5.11,+0.05,113.8,69,68.73,26.66,,
07/05/2026 20:09:37,ENVIRONMENT,Sensors,PI_HARDWARE,25.76,26.14,-,23.4403,5.11,+0.06,-,70.58,69,-,,
07/05/2026 20:09:45,ACTION,LSTM_AI,PI_HARDWARE,25.82,26.15,Set AC Fan to MEDIUM & Peltier ON,23.4403,5.11,+0.09,112.2,71.66,69.12,24,,
07/05/2026 20:10:24,ACTION,LSTM_AI,PI_HARDWARE,25.79,26.31,Set AC Fan to LOW & Peltier OFF,23.4515,5.1124,+0.07,107.7,70.29,69.65,26.66,,
07/05/2026 20:10:36,ACTION,LSTM_AI,PI_HARDWARE,25.8,26.35,Set AC Fan to MEDIUM & Peltier ON,23.4515,5.1124,+0.08,117.3,71.16,69.93,24,,
07/05/2026 20:10:37,ENVIRONMENT,Sensors,PI_HARDWARE,25.8,26.39,-,23.4521,5.1126,+0.09,-,71.72,69.95,-,,
07/05/2026 20:11:18,ACTION,LSTM_AI,PI_HARDWARE,25.79,26.53,Set AC Fan to LOW & Peltier OFF,23.4633,5.115,+0.08,112.5,70.97,70.31,26.66,,
07/05/2026 20:11:27,ACTION,LSTM_AI,PI_HARDWARE,25.82,26.56,Set AC Fan to MEDIUM & Peltier ON,23.4633,5.115,+0.09,111.3,71.38,70.43,24,,
07/05/2026 20:11:37,ENVIRONMENT,Sensors,PI_HARDWARE,25.9,26.6,-,23.4666,5.1157,+0.13,-,72.7,70.46,-,,
07/05/2026 20:12:37,ENVIRONMENT,Sensors,PI_HARDWARE,25.81,26.84,-,23.4834,5.1194,+0.08,-,70.7,70.39,-,,
07/05/2026 20:12:39,ACTION,LSTM_AI,PI_HARDWARE,25.8,26.84,Set AC Fan to LOW & Peltier OFF,23.4834,5.1194,+0.07,107.3,70.7,70.39,26.66,,
07/05/2026 20:12:51,ACTION,LSTM_AI,PI_HARDWARE,25.84,26.87,Set AC Fan to MEDIUM & Peltier ON,23.4834,5.1194,+0.10,113.3,71.23,69.82,24,,
07/05/2026 20:13:27,ACTION,LSTM_AI,PI_HARDWARE,25.78,26.94,Set AC Fan to LOW & Peltier OFF,23.4935,5.1216,+0.06,112,69.92,68.3,26.66,,
07/05/2026 20:13:37,ENVIRONMENT,Sensors,PI_HARDWARE,25.77,26.94,-,23.4935,5.1216,+0.06,-,70.17,67.85,-,,
07/05/2026 20:13:45,ACTION,LSTM_AI,PI_HARDWARE,25.81,26.94,Set AC Fan to MEDIUM & Peltier ON,23.4935,5.1216,+0.08,115.8,71.01,67.66,24,,
07/05/2026 20:14:12,ACTION,LSTM_AI,PI_HARDWARE,25.79,26.95,Set AC Fan to LOW & Peltier OFF,23.5013,5.1233,+0.06,113.2,69.05,66.44,26.66,,
07/05/2026 20:14:38,ENVIRONMENT,Sensors,PI_HARDWARE,25.73,26.9,-,23.5014,5.1233,+0.05,-,70.35,65.32,-,,
07/05/2026 20:14:57,ACTION,LSTM_AI,PI_HARDWARE,25.82,26.86,Set AC Fan to MEDIUM & Peltier ON,23.5014,5.1233,+0.09,118.9,70.99,64.82,24,,
07/05/2026 20:15:15,ACTION,LSTM_AI,PI_HARDWARE,25.78,26.8,Set AC Fan to LOW & Peltier OFF,23.5064,5.1244,+0.05,114.8,68.49,64.17,26.66,,
07/05/2026 20:15:37,ENVIRONMENT,Sensors,PI_HARDWARE,25.66,26.73,-,23.5064,5.1244,+0.00,-,67.94,63.38,-,,
07/05/2026 20:16:30,ACTION,LSTM_AI,PI_HARDWARE,25.82,26.5,Set AC Fan to MEDIUM & Peltier ON,23.5065,5.1244,+0.03,115.4,64.89,62.21,24,,
07/05/2026 20:16:38,ENVIRONMENT,Sensors,PI_HARDWARE,25.85,26.49,-,23.5087,5.1249,+0.04,-,64.12,62.01,-,,
07/05/2026 20:16:48,ACTION,LSTM_AI,PI_HARDWARE,25.79,26.43,Set AC Fan to LOW & Peltier OFF,23.5115,5.1255,+0.01,112.7,63.32,61.68,26.67,,
07/05/2026 20:17:38,ENVIRONMENT,Sensors,PI_HARDWARE,25.63,26.19,-,23.5116,5.1255,-0.06,-,62.05,60.89,-,,
07/05/2026 20:18:06,ACTION,LSTM_AI,PI_HARDWARE,25.81,26.08,Set AC Fan to MEDIUM & Peltier ON,23.5117,5.1255,-0.01,113.5,60.82,60.53,24,,
07/05/2026 20:18:24,ACTION,LSTM_AI,PI_HARDWARE,25.79,26,Set AC Fan to LOW & Peltier OFF,23.5167,5.1266,-0.02,113.7,60.28,60.13,26.67,,
07/05/2026 20:18:38,ENVIRONMENT,Sensors,PI_HARDWARE,25.66,25.93,-,23.5167,5.1266,-0.07,-,60.38,59.9,-,,
07/05/2026 20:19:38,ENVIRONMENT,Sensors,PI_HARDWARE,25.7,25.67,-,23.5168,5.1267,-0.06,-,59.67,59.44,-,,
07/05/2026 20:19:54,ACTION,LSTM_AI,PI_HARDWARE,25.83,25.63,Set AC Fan to MEDIUM & Peltier ON,23.5168,5.1267,0,114,60.54,59.77,24,,
07/05/2026 20:20:18,ACTION,LSTM_AI,PI_HARDWARE,25.79,25.59,Set AC Fan to LOW & Peltier OFF,23.5235,5.1281,0,111.5,62.24,61.31,26.66,,
07/05/2026 20:20:38,ENVIRONMENT,Sensors,PI_HARDWARE,25.61,25.56,-,23.5235,5.1281,-0.05,-,64.12,62.71,-,,
07/05/2026 20:21:09,ACTION,LSTM_AI,PI_HARDWARE,25.82,25.54,Set AC Fan to MEDIUM & Peltier ON,23.5236,5.1281,+0.03,112.1,65.11,64.19,24,,
07/05/2026 20:21:38,ENVIRONMENT,Sensors,PI_HARDWARE,25.82,25.57,-,23.532,5.13,+0.04,-,66.1,65.75,-,,
07/05/2026 20:21:42,ACTION,LSTM_AI,PI_HARDWARE,25.75,25.59,Set AC Fan to LOW & Peltier OFF,23.5331,5.1302,+0.02,115,66.35,65.75,26.66,,
07/05/2026 20:22:24,ACTION,LSTM_AI,PI_HARDWARE,25.81,25.67,Set AC Fan to MEDIUM & Peltier ON,23.5331,5.1302,+0.06,115.1,68.01,67.29,24,,
07/05/2026 20:22:38,ENVIRONMENT,Sensors,PI_HARDWARE,25.94,25.69,-,23.5371,5.1311,+0.11,-,67.99,67.61,-,,
07/05/2026 20:23:03,ACTION,LSTM_AI,PI_HARDWARE,25.76,25.77,Set AC Fan to LOW & Peltier OFF,23.5438,5.1325,+0.04,113.7,68.55,68.43,26.66,,
07/05/2026 20:23:33,ACTION,LSTM_AI,PI_HARDWARE,25.8,25.91,Set AC Fan to MEDIUM & Peltier ON,23.5438,5.1325,+0.08,114.9,70.8,68.97,24,,
07/05/2026 20:23:38,ENVIRONMENT,Sensors,PI_HARDWARE,25.84,25.9,-,23.5455,5.1329,+0.09,-,70.42,69.03,-,,
07/05/2026 20:24:08,SYSTEM,SHUTDOWN,PI_HARDWARE,25.84,26.02,Master Script Stopped Manually,23.5533,5.1346,+0.09,-,70.06,69.72,-,,
07/05/2026 20:24:51,SYSTEM,BOOT,PI_HARDWARE,24,24,--- Raspberry Pi AI Master Started ---,23.5533,5.1346,-0.77,-,50,50,-,,
07/05/2026 20:24:51,ACTION,LSTM_AI,PI_HARDWARE,26.19,24,Set AC Fan to HIGH & Peltier ON,23.5533,5.1346,+0.04,118.8,50,50,24,,
07/05/2026 20:25:51,ENVIRONMENT,Sensors,PI_HARDWARE,26.02,26.4,-,23.5701,5.1383,+0.16,-,70.96,70.93,-,,
07/05/2026 20:25:54,ACTION,LSTM_AI,PI_HARDWARE,25.98,26.4,Set AC Fan to MEDIUM & Peltier ON,23.5706,5.1384,+0.15,116.9,71.01,70.93,24,,
07/05/2026 20:26:51,ENVIRONMENT,Sensors,PI_HARDWARE,25.79,26.7,-,23.5868,5.1419,+0.08,-,70.99,70.89,-,,
07/05/2026 20:26:52,ACTION,LSTM_AI,PI_HARDWARE,25.78,26.7,Set AC Fan to LOW & Peltier OFF,23.5868,5.1419,+0.07,113.8,70.99,70.89,26.66,,
07/05/2026 20:27:06,ACTION,LSTM_AI,PI_HARDWARE,25.85,26.74,Set AC Fan to MEDIUM & Peltier ON,23.5869,5.1419,+0.11,113.1,71.98,70.41,24,,
07/05/2026 20:27:45,ACTION,LSTM_AI,PI_HARDWARE,25.8,26.84,Set AC Fan to LOW & Peltier OFF,23.598,5.1444,+0.07,114.4,69.64,68.63,26.66,,
07/05/2026 20:27:52,ENVIRONMENT,Sensors,PI_HARDWARE,25.77,26.83,-,23.598,5.1444,+0.05,-,69.51,68.33,-,,
07/05/2026 20:28:06,ACTION,LSTM_AI,PI_HARDWARE,25.8,26.86,Set AC Fan to MEDIUM & Peltier ON,23.5981,5.1444,+0.08,116.3,71.25,67.73,24,,
07/05/2026 20:28:30,ACTION,LSTM_AI,PI_HARDWARE,25.78,26.86,Set AC Fan to LOW & Peltier OFF,23.6048,5.1458,+0.06,109.2,69.39,66.63,26.66,,
07/05/2026 20:28:51,ENVIRONMENT,Sensors,PI_HARDWARE,25.72,26.83,-,23.6048,5.1458,+0.04,-,70.03,65.81,-,,
07/05/2026 20:29:12,ACTION,LSTM_AI,PI_HARDWARE,25.81,26.76,Set AC Fan to MEDIUM & Peltier ON,23.6048,5.1459,+0.08,113.2,70.75,65.08,24,,
07/05/2026 20:29:30,ACTION,LSTM_AI,PI_HARDWARE,25.77,26.72,Set AC Fan to LOW & Peltier OFF,23.6099,5.1469,+0.04,116.4,68.34,64.74,26.66,,
07/05/2026 20:29:51,ENVIRONMENT,Sensors,PI_HARDWARE,25.65,26.66,-,23.6099,5.147,-0.01,-,67.7,63.68,-,,
07/05/2026 20:30:33,ACTION,LSTM_AI,PI_HARDWARE,25.83,26.52,Set AC Fan to MEDIUM & Peltier ON,23.6105,5.1471,+0.04,113.8,65.12,62.75,24,,
07/05/2026 20:30:52,ENVIRONMENT,Sensors,PI_HARDWARE,25.88,26.43,-,23.6155,5.1482,+0.04,-,63.69,62.12,-,,
07/05/2026 20:30:57,ACTION,LSTM_AI,PI_HARDWARE,25.79,26.43,Set AC Fan to LOW & Peltier OFF,23.6167,5.1484,+0.01,113.4,63.54,62.02,26.66,,
07/05/2026 20:31:51,ENVIRONMENT,Sensors,PI_HARDWARE,25.69,26.19,-,23.6167,5.1484,-0.04,-,61.87,61.13,-,,
07/05/2026 20:32:09,ACTION,LSTM_AI,PI_HARDWARE,25.82,26.11,Set AC Fan to MEDIUM & Peltier ON,23.6168,5.1485,0,115.1,61.07,60.82,24,,
07/05/2026 20:32:33,ACTION,LSTM_AI,PI_HARDWARE,25.76,26.04,Set AC Fan to LOW & Peltier OFF,23.6235,5.1499,-0.03,114.2,60.6,60.38,26.66,,
07/05/2026 20:32:51,ENVIRONMENT,Sensors,PI_HARDWARE,25.55,25.93,-,23.6235,5.1499,-0.11,-,60.73,60.11,-,,
07/05/2026 20:33:51,ACTION,LSTM_AI,PI_HARDWARE,25.86,25.73,Set AC Fan to MEDIUM & Peltier ON,23.6236,5.1499,+0.03,112.6,63.14,61.8,24,,
07/05/2026 20:33:52,ENVIRONMENT,Sensors,PI_HARDWARE,25.86,25.71,-,23.6241,5.1501,+0.03,-,63.25,61.94,-,,
07/05/2026 20:34:21,ACTION,LSTM_AI,PI_HARDWARE,25.78,25.69,Set AC Fan to LOW & Peltier OFF,23.632,5.1518,+0.02,112.6,64.81,63.76,26.66,,
07/05/2026 20:34:52,ENVIRONMENT,Sensors,PI_HARDWARE,25.64,25.69,-,23.632,5.1518,-0.02,-,66.64,65.31,-,,
07/05/2026 20:35:10,ACTION,LSTM_AI,PI_HARDWARE,25.83,25.69,Set AC Fan to MEDIUM & Peltier ON,23.632,5.1518,+0.05,113.4,66.75,65.8,24,,
07/05/2026 20:35:49,ACTION,LSTM_AI,PI_HARDWARE,25.71,25.73,Set AC Fan to LOW & Peltier OFF,23.6432,5.1542,+0.02,115.4,67.88,67.44,26.66,,
07/05/2026 20:35:52,ENVIRONMENT,Sensors,PI_HARDWARE,25.67,25.74,-,23.6432,5.1542,+0.00,-,68.09,67.66,-,,
07/05/2026 20:36:34,ACTION,LSTM_AI,PI_HARDWARE,25.86,25.84,Set AC Fan to MEDIUM & Peltier ON,23.6433,5.1542,+0.09,115.8,69.29,68.44,24,,
07/05/2026 20:36:48,ACTION,LSTM_AI,PI_HARDWARE,26.04,25.91,Set AC Fan to HIGH & Peltier ON,23.6477,5.1552,+0.16,113.6,69.26,68.73,24,,
07/05/2026 20:36:52,ENVIRONMENT,Sensors,PI_HARDWARE,26.04,25.93,-,23.6488,5.1554,+0.15,-,69.27,68.87,-,,
07/05/2026 20:37:00,ACTION,LSTM_AI,PI_HARDWARE,25.99,25.93,Set AC Fan to MEDIUM & Peltier ON,23.6511,5.1559,+0.14,114,69.34,69.06,24,,
07/05/2026 20:37:19,ACTION,LSTM_AI,PI_HARDWARE,25.79,25.97,Set AC Fan to LOW & Peltier OFF,23.6561,5.157,+0.06,112.2,69.64,69.44,26.66,,
07/05/2026 20:37:49,ACTION,LSTM_AI,PI_HARDWARE,25.85,26.09,Set AC Fan to MEDIUM & Peltier ON,23.6562,5.157,+0.11,112.6,72.74,69.9,24,,
07/05/2026 20:37:52,ENVIRONMENT,Sensors,PI_HARDWARE,25.88,26.09,-,23.6573,5.1573,+0.12,-,72.38,69.96,-,,
07/05/2026 20:38:34,ACTION,LSTM_AI,PI_HARDWARE,25.79,26.25,Set AC Fan to LOW & Peltier OFF,23.6684,5.1597,+0.07,117.2,70.78,70.61,26.66,,
07/05/2026 20:38:52,ENVIRONMENT,Sensors,PI_HARDWARE,25.81,26.31,-,23.6685,5.1597,+0.10,-,73.46,70.83,-,,
07/05/2026 20:38:55,ACTION,LSTM_AI,PI_HARDWARE,25.83,26.31,Set AC Fan to MEDIUM & Peltier ON,23.6685,5.1597,+0.11,115,73.46,70.83,24,,
07/05/2026 20:39:49,ACTION,LSTM_AI,PI_HARDWARE,25.79,26.49,Set AC Fan to LOW & Peltier OFF,23.6836,5.163,+0.08,114.9,71.72,71.5,26.66,,
07/05/2026 20:39:52,ENVIRONMENT,Sensors,PI_HARDWARE,25.78,26.49,-,23.6836,5.163,+0.08,-,71.84,71.51,-,,
07/05/2026 20:40:00,ACTION,LSTM_AI,PI_HARDWARE,25.82,26.53,Set AC Fan to MEDIUM & Peltier ON,23.6836,5.163,+0.10,113.1,72.57,71.57,24,,
07/05/2026 20:40:37,ACTION,LSTM_AI,PI_HARDWARE,25.79,26.63,Set AC Fan to LOW & Peltier OFF,23.6936,5.1652,+0.08,113,71.31,70.88,26.66,,
07/05/2026 20:40:52,ENVIRONMENT,Sensors,PI_HARDWARE,25.8,26.66,-,23.6937,5.1652,+0.09,-,72.56,70.24,-,,
07/05/2026 20:40:58,ACTION,LSTM_AI,PI_HARDWARE,25.84,26.67,Set AC Fan to MEDIUM & Peltier ON,23.6937,5.1652,+0.11,113.9,73.01,70.13,24,,
07/05/2026 20:41:22,ACTION,LSTM_AI,PI_HARDWARE,25.79,26.67,Set AC Fan to LOW & Peltier OFF,23.7004,5.1667,+0.08,114.2,70.98,69.17,26.66,,
07/05/2026 20:41:52,ACTION,LSTM_AI,PI_HARDWARE,25.81,26.63,Set AC Fan to MEDIUM & Peltier ON,23.7004,5.1667,+0.09,113.1,72.25,67.99,24,,
07/05/2026 20:41:52,ENVIRONMENT,Sensors,PI_HARDWARE,25.81,26.64,-,23.701,5.1668,+0.09,-,72.32,67.88,-,,
07/05/2026 20:42:10,ACTION,LSTM_AI,PI_HARDWARE,25.8,26.64,Set AC Fan to LOW & Peltier OFF,23.7055,5.1678,+0.07,115.4,70.38,67.38,26.66,,
07/05/2026 20:42:52,ENVIRONMENT,Sensors,PI_HARDWARE,25.77,26.5,-,23.7055,5.1678,+0.05,-,68.77,65.5,-,,
07/05/2026 20:43:01,ACTION,LSTM_AI,PI_HARDWARE,25.81,26.5,Set AC Fan to MEDIUM & Peltier ON,23.7055,5.1678,+0.06,113.8,68.21,65.36,24,,
07/05/2026 20:43:22,ACTION,LSTM_AI,PI_HARDWARE,25.74,26.46,Set AC Fan to LOW & Peltier OFF,23.7111,5.169,+0.01,111.5,66.02,64.75,26.66,,
07/05/2026 20:43:52,ENVIRONMENT,Sensors,PI_HARDWARE,25.58,26.31,-,23.7112,5.169,-0.05,-,65.38,63.71,-,,
07/05/2026 20:44:34,ACTION,LSTM_AI,PI_HARDWARE,25.83,26.17,Set AC Fan to MEDIUM & Peltier ON,23.7112,5.169,+0.02,113.3,63.01,62.8,24,,
07/05/2026 20:44:52,ENVIRONMENT,Sensors,PI_HARDWARE,25.84,26.06,-,23.7168,5.1703,+0.02,-,62.27,62.29,-,,
07/05/2026 20:44:58,ACTION,LSTM_AI,PI_HARDWARE,25.75,26.06,Set AC Fan to LOW & Peltier OFF,23.7179,5.1705,-0.02,113.7,62.3,62.29,26.66,,
07/05/2026 20:45:52,ENVIRONMENT,Sensors,PI_HARDWARE,25.58,25.83,-,23.718,5.1705,-0.09,-,61.47,61.39,-,,
07/05/2026 20:46:34,ACTION,LSTM_AI,PI_HARDWARE,25.8,25.71,Set AC Fan to MEDIUM & Peltier ON,23.7181,5.1705,-0.02,113.5,59.68,60.64,24,,
07/05/2026 20:46:52,ENVIRONMENT,Sensors,PI_HARDWARE,25.77,25.64,-,23.7236,5.1718,-0.03,-,59.39,60.33,-,,
07/05/2026 20:46:55,ACTION,LSTM_AI,PI_HARDWARE,25.72,25.64,Set AC Fan to LOW & Peltier OFF,23.7242,5.1719,-0.05,113.5,59.39,60.33,26.66,,
07/05/2026 20:47:52,ENVIRONMENT,Sensors,PI_HARDWARE,25.61,25.42,-,23.7243,5.1719,-0.06,-,62.91,61.78,-,,
07/05/2026 20:48:16,ACTION,LSTM_AI,PI_HARDWARE,25.8,25.39,Set AC Fan to MEDIUM & Peltier ON,23.7243,5.1719,+0.02,115.1,63.62,63.03,24,,
07/05/2026 20:48:40,ACTION,LSTM_AI,PI_HARDWARE,25.77,25.39,Set AC Fan to LOW & Peltier OFF,23.731,5.1734,+0.01,113.1,64.63,64.4,26.66,,
07/05/2026 20:48:52,ENVIRONMENT,Sensors,PI_HARDWARE,25.64,25.36,-,23.731,5.1734,-0.02,-,66.12,65.34,-,,
07/05/2026 20:49:28,ACTION,LSTM_AI,PI_HARDWARE,25.81,25.43,Set AC Fan to MEDIUM & Peltier ON,23.7311,5.1734,+0.05,116.2,66.79,66.75,24,,
07/05/2026 20:49:53,ENVIRONMENT,Sensors,PI_HARDWARE,25.81,25.4,-,23.7384,5.175,+0.05,-,66.88,66.9,-,,
07/05/2026 20:50:00,ACTION,USER,PI_HARDWARE,25.81,25.4,Set STATUS to OFF,23.74,5.1753,+0.05,-,66.88,66.9,-,,
07/05/2026 20:50:02,ACTION,LSTM_AI,PI_HARDWARE,25.76,25.4,Set AC Fan to LOW & Peltier OFF,23.7406,5.1754,+0.03,109.9,66.88,66.9,26.67,,
07/05/2026 20:50:53,ENVIRONMENT,Sensors,PI_HARDWARE,25.86,25.59,-,23.7412,5.1756,+0.09,-,69.38,69.18,-,,
07/05/2026 20:50:53,ACTION,LSTM_AI,PI_HARDWARE,25.86,25.59,Set AC Fan to MEDIUM & Peltier ON,23.7412,5.1756,+0.09,113.6,69.38,69.18,24,,
07/05/2026 20:51:05,ACTION,LSTM_AI,PI_HARDWARE,26,25.63,Set AC Fan to HIGH & Peltier ON,23.7446,5.1763,+0.14,114.2,69.24,69.33,24,,
07/05/2026 20:51:14,ACTION,LSTM_AI,PI_HARDWARE,25.98,25.67,Set AC Fan to MEDIUM & Peltier ON,23.7468,5.1768,+0.13,113.1,69.48,69.67,24,,
07/05/2026 20:51:29,ACTION,LSTM_AI,PI_HARDWARE,25.79,25.7,Set AC Fan to LOW & Peltier OFF,23.7507,5.1777,+0.06,114.8,69.78,69.89,26.66,,
07/05/2026 20:51:53,ENVIRONMENT,Sensors,PI_HARDWARE,25.76,25.81,-,23.7508,5.1777,+0.07,-,71.92,70.31,-,,
07/05/2026 20:51:59,ACTION,LSTM_AI,PI_HARDWARE,25.8,25.78,Set AC Fan to MEDIUM & Peltier ON,23.7513,5.1778,+0.09,115.1,71.83,70.38,24,,
07/05/2026 20:52:32,ACTION,LSTM_AI,PI_HARDWARE,25.77,25.91,Set AC Fan to LOW & Peltier OFF,23.7603,5.1797,+0.07,108.3,71.08,71,26.66,,
07/05/2026 20:52:53,ENVIRONMENT,Sensors,PI_HARDWARE,25.77,25.98,-,23.7603,5.1797,+0.09,-,73.73,71.37,-,,
07/05/2026 20:52:59,ACTION,LSTM_AI,PI_HARDWARE,25.82,25.98,Set AC Fan to MEDIUM & Peltier ON,23.7603,5.1797,+0.11,113.1,73.89,71.4,24,,
07/05/2026 20:53:32,ACTION,LSTM_AI,PI_HARDWARE,25.8,26.06,Set AC Fan to LOW & Peltier OFF,23.7698,5.1818,+0.09,114.1,72,71.85,26.66,,
07/05/2026 20:53:50,ACTION,LSTM_AI,PI_HARDWARE,25.83,26.11,Set AC Fan to MEDIUM & Peltier ON,23.7698,5.1818,+0.11,114.3,73.7,72.08,24,,
07/05/2026 20:53:53,ENVIRONMENT,Sensors,PI_HARDWARE,25.85,26.17,-,23.7709,5.1821,+0.13,-,74.6,72.11,-,,
07/05/2026 20:54:26,ACTION,LSTM_AI,PI_HARDWARE,25.75,26.22,Set AC Fan to LOW & Peltier OFF,23.7799,5.184,+0.07,113.9,71.89,72.24,26.66,,
07/05/2026 20:54:53,ENVIRONMENT,Sensors,PI_HARDWARE,25.8,26.28,-,23.7799,5.184,+0.11,-,74.08,71.21,-,,
07/05/2026 20:54:59,ACTION,LSTM_AI,PI_HARDWARE,25.84,26.28,Set AC Fan to MEDIUM & Peltier ON,23.7799,5.184,+0.12,112.6,74.15,71.11,24,,
07/05/2026 20:55:26,ACTION,LSTM_AI,PI_HARDWARE,25.79,26.29,Set AC Fan to LOW & Peltier OFF,23.7877,5.1857,+0.07,114.2,70.6,69.97,26.66,,
07/05/2026 20:55:53,ENVIRONMENT,Sensors,PI_HARDWARE,25.72,26.29,-,23.7878,5.1857,+0.05,-,70.7,68.83,-,,
07/05/2026 20:56:05,ACTION,LSTM_AI,PI_HARDWARE,25.82,26.28,Set AC Fan to MEDIUM & Peltier ON,23.7878,5.1857,+0.07,113.6,69.7,68.47,24,,
07/05/2026 20:56:32,ACTION,LSTM_AI,PI_HARDWARE,25.73,26.28,Set AC Fan to LOW & Peltier OFF,23.7956,5.1874,+0.02,106.8,67.79,67.39,26.66,,
07/05/2026 20:56:53,ENVIRONMENT,Sensors,PI_HARDWARE,25.57,26.21,-,23.7957,5.1875,-0.04,-,67.61,66.49,-,,
07/05/2026 20:57:41,ACTION,LSTM_AI,PI_HARDWARE,25.83,26.06,Set AC Fan to MEDIUM & Peltier ON,23.7957,5.1875,+0.03,112.8,64.73,64.97,24,,
07/05/2026 20:57:53,ENVIRONMENT,Sensors,PI_HARDWARE,25.92,26.04,-,23.7996,5.1883,+0.07,-,64.76,64.77,-,,
07/05/2026 20:58:08,ACTION,LSTM_AI,PI_HARDWARE,25.77,26,Set AC Fan to LOW & Peltier OFF,23.8035,5.1892,+0.01,113.2,64.77,64.67,26.66,,
07/05/2026 20:58:53,ENVIRONMENT,Sensors,PI_HARDWARE,25.65,25.85,-,23.8036,5.1892,-0.04,-,63.93,63.7,-,,
07/05/2026 20:59:20,ACTION,LSTM_AI,PI_HARDWARE,25.81,25.77,Set AC Fan to MEDIUM & Peltier ON,23.8036,5.1892,+0.01,107.2,62.37,63.05,24,,
07/05/2026 20:59:44,ACTION,LSTM_AI,PI_HARDWARE,25.78,25.7,Set AC Fan to LOW & Peltier OFF,23.8104,5.1907,+0.00,114.4,63.01,62.75,26.67,,
07/05/2026 20:59:55,ENVIRONMENT,Sensors,PI_HARDWARE,25.66,25.67,-,23.8104,5.1907,-0.03,-,64.25,63.03,-,,
07/05/2026 21:00:35,ACTION,LSTM_AI,PI_HARDWARE,25.82,25.6,Set AC Fan to MEDIUM & Peltier ON,23.8104,5.1907,+0.05,113.7,66.47,65.13,24,,
07/05/2026 21:00:53,ENVIRONMENT,Sensors,PI_HARDWARE,25.91,25.6,-,23.816,5.1919,+0.09,-,66.73,66.22,-,,
07/05/2026 21:01:05,ACTION,LSTM_AI,PI_HARDWARE,25.79,25.63,Set AC Fan to LOW & Peltier OFF,23.8188,5.1925,+0.04,113.1,67.29,66.69,26.66,,
07/05/2026 21:01:41,ACTION,LSTM_AI,PI_HARDWARE,25.82,25.64,Set AC Fan to MEDIUM & Peltier ON,23.8189,5.1925,+0.07,114.1,68.99,68.11,24,,
07/05/2026 21:01:53,ENVIRONMENT,Sensors,PI_HARDWARE,25.93,25.67,-,23.8228,5.1934,+0.11,-,68.94,68.57,-,,
07/05/2026 21:02:14,ACTION,LSTM_AI,PI_HARDWARE,25.79,25.7,Set AC Fan to LOW & Peltier OFF,23.8284,5.1946,+0.06,113.1,69.31,69.11,26.66,,
07/05/2026 21:02:44,ACTION,LSTM_AI,PI_HARDWARE,25.82,25.8,Set AC Fan to MEDIUM & Peltier ON,23.8284,5.1946,+0.09,114.5,71.14,69.8,24,,
07/05/2026 21:02:53,ENVIRONMENT,Sensors,PI_HARDWARE,25.91,25.8,-,23.8312,5.1952,+0.12,-,70.74,70.1,-,,
07/05/2026 21:03:20,ACTION,LSTM_AI,PI_HARDWARE,25.77,25.9,Set AC Fan to LOW & Peltier OFF,23.8385,5.1968,+0.06,113.4,70.43,70.44,26.66,,
07/05/2026 21:03:44,ACTION,LSTM_AI,PI_HARDWARE,25.82,25.95,Set AC Fan to MEDIUM & Peltier ON,23.8385,5.1968,+0.11,113.3,73.32,70.79,24,,
07/05/2026 21:03:53,ENVIRONMENT,Sensors,PI_HARDWARE,25.89,26,-,23.8413,5.1974,+0.13,-,73,71.06,-,,
07/05/2026 21:04:20,ACTION,LSTM_AI,PI_HARDWARE,25.79,26.06,Set AC Fan to LOW & Peltier OFF,23.8486,5.199,+0.08,116.1,71.36,71.27,26.66,,
07/05/2026 21:04:41,ACTION,LSTM_AI,PI_HARDWARE,25.85,26.14,Set AC Fan to MEDIUM & Peltier ON,23.8486,5.199,+0.12,112.9,73.99,71.57,24,,
07/05/2026 21:04:53,ENVIRONMENT,Sensors,PI_HARDWARE,25.95,26.21,-,23.8525,5.1998,+0.16,-,73.84,71.87,-,,
07/05/2026 21:05:35,ACTION,USER,PI_HARDWARE,25.95,26.21,Set STATUS to OFF,23.8637,5.2023,+0.16,-,73.84,71.87,-,,
07/05/2026 21:05:44,ACTION,LSTM_AI,PI_HARDWARE,25.75,26.33,Set AC Fan to LOW & Peltier OFF,23.8665,5.2029,+0.07,115.2,72.19,72.43,26.66,,
07/05/2026 21:05:53,ENVIRONMENT,Sensors,PI_HARDWARE,25.74,26.39,-,23.8665,5.2029,+0.08,-,73.35,72.53,-,,
07/05/2026 21:05:58,ACTION,LSTM_AI,PI_HARDWARE,25.82,26.39,Set AC Fan to MEDIUM & Peltier ON,23.8665,5.2029,+0.11,114.5,73.97,72.55,24,,
07/05/2026 21:06:54,ENVIRONMENT,Sensors,PI_HARDWARE,25.8,26.55,-,23.8821,5.2063,+0.09,-,72.08,72.46,-,,
07/05/2026 21:06:56,ACTION,LSTM_AI,PI_HARDWARE,25.79,26.55,Set AC Fan to LOW & Peltier OFF,23.8821,5.2063,+0.08,115.2,72.08,72.46,26.66,,
07/05/2026 21:07:08,ACTION,LSTM_AI,PI_HARDWARE,25.84,26.56,Set AC Fan to MEDIUM & Peltier ON,23.8827,5.2064,+0.11,113.5,72.47,72.05,24,,
07/05/2026 21:07:38,ACTION,LSTM_AI,PI_HARDWARE,25.8,26.6,Set AC Fan to LOW & Peltier OFF,23.8905,5.2081,+0.08,113.6,71.25,70.94,26.66,,
07/05/2026 21:07:53,ACTION,LSTM_AI,PI_HARDWARE,25.81,26.63,Set AC Fan to MEDIUM & Peltier ON,23.8906,5.2081,+0.09,114.1,71.79,70.14,24,,
07/05/2026 21:07:55,ENVIRONMENT,Sensors,PI_HARDWARE,25.81,26.61,-,23.8911,5.2083,+0.09,-,72.28,70.02,-,,
07/05/2026 21:08:17,ACTION,LSTM_AI,PI_HARDWARE,25.77,26.6,Set AC Fan to LOW & Peltier OFF,23.8973,5.2096,+0.07,114.6,70.73,69.16,26.66,,
07/05/2026 21:08:47,ACTION,LSTM_AI,PI_HARDWARE,25.82,26.57,Set AC Fan to MEDIUM & Peltier ON,23.8973,5.2096,+0.09,113.2,72.09,67.89,24,,
07/05/2026 21:08:54,ENVIRONMENT,Sensors,PI_HARDWARE,25.84,26.56,-,23.8995,5.2101,+0.10,-,72.1,67.62,-,,
07/05/2026 21:09:27,ACTION,USER,PI_HARDWARE,25.81,26.55,Set STATUS to OFF,23.9085,5.212,+0.08,-,70.35,67.03,-,,
07/05/2026 21:09:30,ACTION,LSTM_AI,PI_HARDWARE,25.66,26.55,Set AC Fan to LOW & Peltier OFF,23.909,5.2122,+0.02,107.7,70.35,67.03,26.66,,
07/05/2026 21:09:54,ENVIRONMENT,Sensors,PI_HARDWARE,25.23,26.39,-,23.9091,5.2122,-0.15,-,69.86,65.22,-,,
07/05/2026 21:10:54,ENVIRONMENT,Sensors,PI_HARDWARE,25.55,26.18,-,23.9092,5.2122,-0.05,-,67.22,63.54,-,,
07/05/2026 21:11:51,ACTION,LSTM_AI,PI_HARDWARE,25.81,25.98,Set AC Fan to MEDIUM & Peltier ON,23.9092,5.2122,+0.01,115.5,62.95,62.38,24,,
07/05/2026 21:11:54,ENVIRONMENT,Sensors,PI_HARDWARE,25.81,25.95,-,23.9104,5.2125,+0.01,-,62.5,62.25,-,,
07/05/2026 21:12:05,ACTION,LSTM_AI,PI_HARDWARE,25.8,25.93,Set AC Fan to LOW & Peltier OFF,23.9132,5.2131,+0.00,114.3,62.12,61.91,26.67,,
07/05/2026 21:12:54,ENVIRONMENT,Sensors,PI_HARDWARE,25.66,25.74,-,23.9132,5.2131,-0.04,-,63.73,62.16,-,,
07/05/2026 21:13:15,ACTION,LSTM_AI,PI_HARDWARE,25.85,25.69,Set AC Fan to MEDIUM & Peltier ON,23.9133,5.2131,+0.04,115.2,64.22,63.07,24,,
07/05/2026 21:13:44,ACTION,LSTM_AI,PI_HARDWARE,25.75,25.66,Set AC Fan to LOW & Peltier OFF,23.9216,5.2149,+0.02,117.8,65.97,64.9,26.66,,
07/05/2026 21:13:54,ENVIRONMENT,Sensors,PI_HARDWARE,25.62,25.63,-,23.9216,5.2149,-0.02,-,67.22,65.53,-,,
07/05/2026 21:14:33,ACTION,LSTM_AI,PI_HARDWARE,25.81,25.66,Set AC Fan to MEDIUM & Peltier ON,23.9217,5.2149,+0.06,108.8,68.26,67.23,24,,
07/05/2026 21:14:54,ENVIRONMENT,Sensors,PI_HARDWARE,25.89,25.67,-,23.9279,5.2163,+0.09,-,68.37,68.12,-,,
07/05/2026 21:15:06,ACTION,LSTM_AI,PI_HARDWARE,25.76,25.7,Set AC Fan to LOW & Peltier OFF,23.9306,5.2169,+0.04,115.2,68.58,68.3,26.66,,
07/05/2026 21:15:39,ACTION,LSTM_AI,PI_HARDWARE,25.82,25.78,Set AC Fan to MEDIUM & Peltier ON,23.9307,5.2169,+0.08,115.7,70.36,69.16,24,,
07/05/2026 21:15:54,ENVIRONMENT,Sensors,PI_HARDWARE,25.92,25.83,-,23.9352,5.2179,+0.12,-,69.97,69.59,-,,
07/05/2026 21:16:14,ACTION,LSTM_AI,PI_HARDWARE,25.75,25.88,Set AC Fan to LOW & Peltier OFF,23.9408,5.2191,+0.05,114.3,70.12,69.96,26.66,,
07/05/2026 21:16:44,ACTION,LSTM_AI,PI_HARDWARE,25.82,25.94,Set AC Fan to MEDIUM & Peltier ON,23.9408,5.2191,+0.11,112.8,73.1,70.49,24,,
07/05/2026 21:16:54,ENVIRONMENT,Sensors,PI_HARDWARE,25.92,26.01,-,23.9436,5.2197,+0.13,-,72.09,70.63,-,,
07/05/2026 21:17:21,ACTION,LSTM_AI,PI_HARDWARE,25.77,26.05,Set AC Fan to LOW & Peltier OFF,23.9509,5.2213,+0.07,113.2,71.16,70.98,26.66,,
07/05/2026 21:17:39,ACTION,LSTM_AI,PI_HARDWARE,25.82,26.06,Set AC Fan to MEDIUM & Peltier ON,23.9509,5.2213,+0.11,113,73.04,71.25,24,,
07/05/2026 21:17:54,ENVIRONMENT,Sensors,PI_HARDWARE,25.9,26.15,-,23.9554,5.2223,+0.13,-,72.92,71.48,-,,
07/05/2026 21:18:18,ACTION,LSTM_AI,PI_HARDWARE,25.77,26.21,Set AC Fan to LOW & Peltier OFF,23.9615,5.2236,+0.07,112.7,71.85,71.82,26.66,,
07/05/2026 21:18:33,ACTION,LSTM_AI,PI_HARDWARE,25.82,26.24,Set AC Fan to MEDIUM & Peltier ON,23.9615,5.2236,+0.11,109.3,73.62,72.17,24,,
07/05/2026 21:18:54,ENVIRONMENT,Sensors,PI_HARDWARE,25.91,26.33,-,23.9677,5.225,+0.14,-,73.5,72.67,-,,
07/05/2026 21:19:18,ACTION,LSTM_AI,PI_HARDWARE,25.8,26.38,Set AC Fan to LOW & Peltier OFF,23.9738,5.2263,+0.10,112.5,72.81,72.91,26.66,,
07/05/2026 21:19:24,ACTION,LSTM_AI,PI_HARDWARE,25.8,26.39,Set AC Fan to MEDIUM & Peltier ON,23.9738,5.2263,+0.10,116,72.92,73.03,24,,
07/05/2026 21:19:54,ACTION,LSTM_AI,PI_HARDWARE,25.79,26.47,Set AC Fan to LOW & Peltier OFF,23.9822,5.2281,+0.09,113.2,72.5,72.71,26.66,,
07/05/2026 21:19:54,ENVIRONMENT,Sensors,PI_HARDWARE,25.79,26.47,-,23.9822,5.2281,+0.08,-,72.24,72.71,-,,
07/05/2026 21:20:12,ACTION,LSTM_AI,PI_HARDWARE,25.84,26.55,Set AC Fan to MEDIUM & Peltier ON,23.9822,5.2281,+0.12,114.8,73.53,71.86,24,,
07/05/2026 21:20:45,ACTION,LSTM_AI,PI_HARDWARE,25.78,26.56,Set AC Fan to LOW & Peltier OFF,23.9917,5.2302,+0.07,113.2,71.13,70.5,26.66,,
07/05/2026 21:20:54,ENVIRONMENT,Sensors,PI_HARDWARE,25.74,26.56,-,23.9917,5.2302,+0.06,-,71.1,70.04,-,,
07/05/2026 21:21:09,ACTION,LSTM_AI,PI_HARDWARE,25.82,26.55,Set AC Fan to MEDIUM & Peltier ON,23.9918,5.2302,+0.10,113.3,72.6,69.59,24,,
07/05/2026 21:21:30,ACTION,LSTM_AI,PI_HARDWARE,25.78,26.53,Set AC Fan to LOW & Peltier OFF,23.9974,5.2314,+0.07,113.1,70.66,68.43,26.66,,
07/05/2026 21:21:54,ENVIRONMENT,Sensors,PI_HARDWARE,25.72,26.49,-,23.9974,5.2314,+0.05,-,71.1,67.28,-,,
07/05/2026 21:22:12,ACTION,LSTM_AI,PI_HARDWARE,25.8,26.46,Set AC Fan to MEDIUM & Peltier ON,23.9974,5.2314,+0.09,113.4,71.47,66.76,24,,
07/05/2026 21:22:27,ACTION,LSTM_AI,PI_HARDWARE,25.8,26.45,Set AC Fan to LOW & Peltier OFF,24.0019,5.2324,+0.07,111.6,69.61,66.71,26.67,,
07/05/2026 21:22:54,ENVIRONMENT,Sensors,PI_HARDWARE,25.68,26.33,-,24.0019,5.2324,+0.01,-,68.24,65.16,-,,
07/05/2026 21:23:33,ACTION,LSTM_AI,PI_HARDWARE,25.84,26.24,Set AC Fan to MEDIUM & Peltier ON,24.002,5.2324,+0.05,113.1,65.73,64.01,24,,
07/05/2026 21:23:55,ENVIRONMENT,Sensors,PI_HARDWARE,25.81,26.18,-,24.0081,5.2338,+0.02,-,64.07,63.43,-,,
07/05/2026 21:23:57,ACTION,LSTM_AI,PI_HARDWARE,25.76,26.18,Set AC Fan to LOW & Peltier OFF,24.0087,5.2339,+0.00,111.5,64.07,63.43,26.66,,
07/05/2026 21:24:55,ENVIRONMENT,Sensors,PI_HARDWARE,25.72,25.93,-,24.0088,5.2339,-0.03,-,62.06,62.01,-,,
07/05/2026 21:25:06,ACTION,LSTM_AI,PI_HARDWARE,25.81,25.91,Set AC Fan to MEDIUM & Peltier ON,24.0088,5.2339,+0.01,114.3,62,61.91,24,,
07/05/2026 21:25:33,ACTION,LSTM_AI,PI_HARDWARE,25.77,25.83,Set AC Fan to LOW & Peltier OFF,24.0166,5.2356,+0.00,115,63.43,62.52,26.66,,
07/05/2026 21:25:55,ENVIRONMENT,Sensors,PI_HARDWARE,25.65,25.76,-,24.0166,5.2356,-0.02,-,65.63,63.69,-,,
07/05/2026 21:26:15,ACTION,LSTM_AI,PI_HARDWARE,25.83,25.76,Set AC Fan to MEDIUM & Peltier ON,24.0167,5.2356,+0.05,114.4,66.41,64.83,24,,
07/05/2026 21:26:51,ACTION,LSTM_AI,PI_HARDWARE,25.75,25.76,Set AC Fan to LOW & Peltier OFF,24.0267,5.2378,+0.03,114.6,67.23,66.12,26.66,,
07/05/2026 21:26:55,ENVIRONMENT,Sensors,PI_HARDWARE,25.71,25.77,-,24.0267,5.2378,+0.01,-,67.58,66.69,-,,
07/05/2026 21:27:24,ACTION,LSTM_AI,PI_HARDWARE,25.82,25.81,Set AC Fan to MEDIUM & Peltier ON,24.0268,5.2378,+0.07,115.2,68.81,67.76,24,,
07/05/2026 21:27:55,ENVIRONMENT,Sensors,PI_HARDWARE,25.83,25.85,-,24.0357,5.2398,+0.07,-,69.09,68.53,-,,
07/05/2026 21:27:57,ACTION,LSTM_AI,PI_HARDWARE,25.8,25.85,Set AC Fan to LOW & Peltier OFF,24.0357,5.2398,+0.06,107.3,69.09,68.53,26.66,,
07/05/2026 21:28:18,ACTION,LSTM_AI,PI_HARDWARE,25.81,25.91,Set AC Fan to MEDIUM & Peltier ON,24.0357,5.2398,+0.08,115.3,71.06,69.02,24,,
07/05/2026 21:28:48,ACTION,LSTM_AI,PI_HARDWARE,25.76,26.01,Set AC Fan to LOW & Peltier OFF,24.0441,5.2416,+0.05,113.2,70.06,69.57,26.66,,
07/05/2026 21:28:55,ENVIRONMENT,Sensors,PI_HARDWARE,25.74,26.02,-,24.0441,5.2416,+0.05,-,70.19,69.72,-,,
07/05/2026 21:29:09,ACTION,LSTM_AI,PI_HARDWARE,25.81,26.04,Set AC Fan to MEDIUM & Peltier ON,24.0447,5.2417,+0.10,115.5,72.38,69.94,24,,
07/05/2026 21:29:45,ACTION,LSTM_AI,PI_HARDWARE,25.75,26.15,Set AC Fan to LOW & Peltier OFF,24.0542,5.2438,+0.06,115,70.73,70.5,26.66,,
07/05/2026 21:29:55,ENVIRONMENT,Sensors,PI_HARDWARE,25.72,26.17,-,24.0542,5.2438,+0.05,-,71.54,70.6,-,,
07/05/2026 21:30:03,ACTION,LSTM_AI,PI_HARDWARE,25.82,26.21,Set AC Fan to MEDIUM & Peltier ON,24.0548,5.2439,+0.10,112.6,72.73,70.68,24,,
07/05/2026 21:30:42,ACTION,LSTM_AI,PI_HARDWARE,25.75,26.31,Set AC Fan to LOW & Peltier OFF,24.0654,5.2463,+0.06,113.7,71.35,71.19,26.66,,
07/05/2026 21:30:55,ENVIRONMENT,Sensors,PI_HARDWARE,25.79,26.32,-,24.0654,5.2463,+0.09,-,73.02,71.42,-,,
07/05/2026 21:30:57,ACTION,LSTM_AI,PI_HARDWARE,25.83,26.32,Set AC Fan to MEDIUM & Peltier ON,24.066,5.2464,+0.11,113.2,73.02,71.42,24,,
07/05/2026 21:31:42,ACTION,LSTM_AI,PI_HARDWARE,25.79,26.43,Set AC Fan to LOW & Peltier OFF,24.0783,5.2491,+0.08,115.1,72.04,71.94,26.66,,
07/05/2026 21:31:54,ACTION,LSTM_AI,PI_HARDWARE,25.83,26.47,Set AC Fan to MEDIUM & Peltier ON,24.0783,5.2491,+0.11,112.9,73.11,72.12,24,,
07/05/2026 21:31:55,ENVIRONMENT,Sensors,PI_HARDWARE,25.83,26.45,-,24.0788,5.2492,+0.12,-,73.71,72.14,-,,
07/05/2026 21:32:36,ACTION,LSTM_AI,PI_HARDWARE,25.78,26.55,Set AC Fan to LOW & Peltier OFF,24.09,5.2516,+0.08,107.2,71.53,71.55,26.66,,
07/05/2026 21:32:55,ENVIRONMENT,Sensors,PI_HARDWARE,25.81,26.57,-,24.0906,5.2518,+0.10,-,73.17,70.62,-,,
07/05/2026 21:32:54,ACTION,LSTM_AI,PI_HARDWARE,25.81,26.53,Set AC Fan to MEDIUM & Peltier ON,24.09,5.2516,+0.10,116.1,72.64,70.72,24,,
07/05/2026 21:33:21,ACTION,LSTM_AI,PI_HARDWARE,25.79,26.56,Set AC Fan to LOW & Peltier OFF,24.0973,5.2532,+0.07,113.1,70.84,69.72,26.66,,
07/05/2026 21:33:48,ACTION,LSTM_AI,PI_HARDWARE,25.81,26.57,Set AC Fan to MEDIUM & Peltier ON,24.0974,5.2532,+0.10,114.5,72.32,68.65,24,,
07/05/2026 21:33:55,ENVIRONMENT,Sensors,PI_HARDWARE,25.86,26.53,-,24.0996,5.2537,+0.11,-,72.51,68.37,-,,
07/05/2026 21:34:06,ACTION,LSTM_AI,PI_HARDWARE,25.8,26.52,Set AC Fan to LOW & Peltier OFF,24.1024,5.2543,+0.07,113.3,70.73,67.93,26.66,,
07/05/2026 21:34:45,ACTION,LSTM_AI,PI_HARDWARE,25.81,26.42,Set AC Fan to MEDIUM & Peltier ON,24.1024,5.2543,+0.08,113,70.39,66.4,24,,
07/05/2026 21:34:55,ENVIRONMENT,Sensors,PI_HARDWARE,25.84,26.39,-,24.1058,5.2551,+0.08,-,69.45,65.88,-,,
07/05/2026 21:35:06,ACTION,LSTM_AI,PI_HARDWARE,25.72,26.38,Set AC Fan to LOW & Peltier OFF,24.1086,5.2557,+0.02,113.3,67.98,65.5,26.66,,
07/05/2026 21:35:55,ENVIRONMENT,Sensors,PI_HARDWARE,25.61,26.22,-,24.1087,5.2557,-0.04,-,66.32,64.01,-,,
07/05/2026 21:36:21,ACTION,LSTM_AI,PI_HARDWARE,25.81,26.11,Set AC Fan to MEDIUM & Peltier ON,24.1087,5.2557,+0.03,114.8,64.4,63.29,24,,
07/05/2026 21:36:42,ACTION,LSTM_AI,PI_HARDWARE,25.79,26.02,Set AC Fan to LOW & Peltier OFF,24.1148,5.257,+0.00,113.8,63.15,62.87,26.67,,
07/05/2026 21:36:55,ENVIRONMENT,Sensors,PI_HARDWARE,25.63,25.97,-,24.1149,5.257,-0.05,-,63.08,62.61,-,,
07/05/2026 21:37:55,ENVIRONMENT,Sensors,PI_HARDWARE,25.79,25.76,-,24.1149,5.2571,+0.01,-,63.19,62.17,-,,
07/05/2026 21:38:00,ACTION,LSTM_AI,PI_HARDWARE,25.85,25.77,Set AC Fan to MEDIUM & Peltier ON,24.1149,5.2571,+0.03,112.1,63.26,62.24,24,,
07/05/2026 21:38:30,ACTION,LSTM_AI,PI_HARDWARE,25.77,25.67,Set AC Fan to LOW & Peltier OFF,24.1233,5.2589,+0.01,113.9,64.95,63.74,26.66,,
07/05/2026 21:38:55,ENVIRONMENT,Sensors,PI_HARDWARE,25.62,25.64,-,24.1234,5.2589,-0.03,-,66.67,65.15,-,,
07/05/2026 21:39:21,ACTION,LSTM_AI,PI_HARDWARE,25.86,25.64,Set AC Fan to MEDIUM & Peltier ON,24.1234,5.2589,+0.07,113.6,67.39,66.4,24,,
07/05/2026 21:39:54,ACTION,LSTM_AI,PI_HARDWARE,25.8,25.66,Set AC Fan to LOW & Peltier OFF,24.1329,5.261,+0.05,113.2,68.1,67.32,26.66,,
07/05/2026 21:39:55,ENVIRONMENT,Sensors,PI_HARDWARE,25.8,25.7,-,24.1329,5.261,+0.06,-,68.26,67.77,-,,
07/05/2026 21:40:21,ACTION,LSTM_AI,PI_HARDWARE,25.8,25.73,Set AC Fan to MEDIUM & Peltier ON,24.1329,5.261,+0.07,113.4,69.81,68.49,24,,
07/05/2026 21:40:51,ACTION,LSTM_AI,PI_HARDWARE,25.74,25.77,Set AC Fan to LOW & Peltier OFF,24.1413,5.2628,+0.05,113.9,69.52,69.28,26.66,,
07/05/2026 21:40:55,ENVIRONMENT,Sensors,PI_HARDWARE,25.71,25.78,-,24.1413,5.2628,+0.03,-,69.68,69.4,-,,
07/05/2026 21:41:21,ACTION,LSTM_AI,PI_HARDWARE,25.84,25.88,Set AC Fan to MEDIUM & Peltier ON,24.1414,5.2628,+0.10,113.1,71.69,69.94,24,,
07/05/2026 21:41:56,ENVIRONMENT,Sensors,PI_HARDWARE,25.81,25.97,-,24.1514,5.265,+0.08,-,70.53,70.5,-,,
07/05/2026 21:41:57,ACTION,LSTM_AI,PI_HARDWARE,25.78,25.97,Set AC Fan to LOW & Peltier OFF,24.1514,5.265,+0.07,111,70.53,70.5,26.66,,
07/05/2026 21:42:15,ACTION,LSTM_AI,PI_HARDWARE,25.8,26,Set AC Fan to MEDIUM & Peltier ON,24.1514,5.265,+0.09,113,72.28,70.75,24,,
07/05/2026 21:42:39,ACTION,LSTM_AI,PI_HARDWARE,25.8,26.02,Set AC Fan to LOW & Peltier OFF,24.1581,5.2665,+0.08,116.3,71.73,71.09,26.66,,
07/05/2026 21:42:54,ACTION,LSTM_AI,PI_HARDWARE,25.85,26.09,Set AC Fan to MEDIUM & Peltier ON,24.1582,5.2665,+0.11,113.9,72.47,71.16,24,,
07/05/2026 21:42:55,ENVIRONMENT,Sensors,PI_HARDWARE,25.85,26.08,-,24.1587,5.2666,+0.12,-,73.09,71.19,-,,
07/05/2026 21:43:30,ACTION,LSTM_AI,PI_HARDWARE,25.76,26.19,Set AC Fan to LOW & Peltier OFF,24.1682,5.2687,+0.07,114.1,71.63,71.62,26.66,,
07/05/2026 21:43:48,ACTION,LSTM_AI,PI_HARDWARE,25.84,26.24,Set AC Fan to MEDIUM & Peltier ON,24.1682,5.2687,+0.12,113.6,73.78,71.94,24,,
07/05/2026 21:43:56,ENVIRONMENT,Sensors,PI_HARDWARE,25.91,26.28,-,24.1705,5.2692,+0.15,-,74.79,72.08,-,,
07/05/2026 21:44:33,ACTION,LSTM_AI,PI_HARDWARE,25.78,26.36,Set AC Fan to LOW & Peltier OFF,24.1805,5.2714,+0.08,107.3,72.18,72.39,26.66,,
07/05/2026 21:44:48,ACTION,LSTM_AI,PI_HARDWARE,25.84,26.38,Set AC Fan to MEDIUM & Peltier ON,24.1806,5.2714,+0.11,112.6,73.27,72.25,24,,
07/05/2026 21:44:56,ENVIRONMENT,Sensors,PI_HARDWARE,25.9,26.4,-,24.1828,5.2719,+0.14,-,74.28,72.17,-,,
07/05/2026 21:45:21,ACTION,LSTM_AI,PI_HARDWARE,25.75,26.45,Set AC Fan to LOW & Peltier OFF,24.1895,5.2733,+0.06,113.3,71.23,71.2,26.66,,
07/05/2026 21:45:45,ACTION,LSTM_AI,PI_HARDWARE,25.82,26.45,Set AC Fan to MEDIUM & Peltier ON,24.1895,5.2733,+0.10,114.6,72.96,70.32,24,,
07/05/2026 21:45:56,ENVIRONMENT,Sensors,PI_HARDWARE,25.88,26.46,-,24.1929,5.2741,+0.12,-,72.82,69.78,-,,
07/05/2026 21:46:09,ACTION,LSTM_AI,PI_HARDWARE,25.78,26.43,Set AC Fan to LOW & Peltier OFF,24.1962,5.2748,+0.07,113,70.75,69.33,26.66,,
07/05/2026 21:46:45,ACTION,LSTM_AI,PI_HARDWARE,25.8,26.4,Set AC Fan to MEDIUM & Peltier ON,24.1963,5.2748,+0.08,113.5,71.28,67.66,24,,
07/05/2026 21:46:56,ENVIRONMENT,Sensors,PI_HARDWARE,25.84,26.39,-,24.1997,5.2755,+0.09,-,70.21,67.12,-,,
07/05/2026 21:47:04,ACTION,LSTM_AI,PI_HARDWARE,25.76,26.38,Set AC Fan to LOW & Peltier OFF,24.2013,5.2759,+0.05,114.8,69.24,66.89,26.66,,
07/05/2026 21:47:56,ENVIRONMENT,Sensors,PI_HARDWARE,25.78,26.22,-,24.2014,5.2759,+0.03,-,66.52,65.15,-,,
07/05/2026 21:48:01,ACTION,LSTM_AI,PI_HARDWARE,25.81,26.21,Set AC Fan to MEDIUM & Peltier ON,24.2014,5.2759,+0.04,106.9,66.43,65.06,24,,
07/05/2026 21:48:21,ACTION,LSTM_AI,PI_HARDWARE,25.75,26.14,Set AC Fan to LOW & Peltier OFF,24.207,5.2771,+0.01,113.7,64.95,64.28,26.67,,
07/05/2026 21:48:56,ENVIRONMENT,Sensors,PI_HARDWARE,25.6,26,-,24.207,5.2771,-0.06,-,64.04,63.33,-,,
07/05/2026 21:49:30,ACTION,LSTM_AI,PI_HARDWARE,25.83,25.87,Set AC Fan to MEDIUM & Peltier ON,24.2071,5.2771,+0.03,117.8,63.81,62.99,24,,
07/05/2026 21:49:56,ENVIRONMENT,Sensors,PI_HARDWARE,25.84,25.8,-,24.2144,5.2787,+0.05,-,65.51,64.14,-,,
07/05/2026 21:49:58,ACTION,LSTM_AI,PI_HARDWARE,25.79,25.8,Set AC Fan to LOW & Peltier OFF,24.2144,5.2787,+0.03,107.2,65.51,64.14,26.66,,
07/05/2026 21:50:42,ACTION,LSTM_AI,PI_HARDWARE,25.87,25.74,Set AC Fan to MEDIUM & Peltier ON,24.2144,5.2787,+0.07,113.5,67.65,66.45,24,,
07/05/2026 21:50:56,ENVIRONMENT,Sensors,PI_HARDWARE,25.98,25.71,-,24.2183,5.2796,+0.12,-,67.7,67.14,-,,
07/05/2026 21:51:18,ACTION,LSTM_AI,PI_HARDWARE,25.75,25.74,Set AC Fan to LOW & Peltier OFF,24.2245,5.2809,+0.04,114.3,68.53,67.84,26.66,,
07/05/2026 21:51:56,ENVIRONMENT,Sensors,PI_HARDWARE,25.8,25.81,-,24.2245,5.2809,+0.07,-,70.26,69.21,-,,
07/05/2026 21:51:58,ACTION,LSTM_AI,PI_HARDWARE,25.84,25.81,Set AC Fan to MEDIUM & Peltier ON,24.2245,5.2809,+0.09,106.9,70.26,69.21,24,,
07/05/2026 21:52:32,ACTION,USER,PI_HARDWARE,25.95,25.83,Set STATUS to OFF,24.234,5.283,+0.13,-,69.99,69.55,-,,
07/05/2026 21:52:40,ACTION,LSTM_AI,PI_HARDWARE,25.75,25.85,Set AC Fan to LOW & Peltier OFF,24.2363,5.2835,+0.05,113.3,70.18,70.21,26.66,,
07/05/2026 21:52:56,ENVIRONMENT,Sensors,PI_HARDWARE,25.7,25.93,-,24.2363,5.2835,+0.05,-,72.24,70.45,-,,
07/05/2026 21:53:10,ACTION,LSTM_AI,PI_HARDWARE,25.83,25.95,Set AC Fan to MEDIUM & Peltier ON,24.2363,5.2835,+0.11,112.3,73.56,70.7,24,,
07/05/2026 21:53:46,ACTION,LSTM_AI,PI_HARDWARE,25.76,26.02,Set AC Fan to LOW & Peltier OFF,24.2464,5.2857,+0.07,112.6,71.29,71.2,26.66,,
07/05/2026 21:53:56,ENVIRONMENT,Sensors,PI_HARDWARE,25.73,26.05,-,24.2464,5.2857,+0.06,-,72.07,71.39,-,,
07/05/2026 21:54:04,ACTION,LSTM_AI,PI_HARDWARE,25.82,26.09,Set AC Fan to MEDIUM & Peltier ON,24.2464,5.2857,+0.11,117.7,73.27,71.46,24,,
07/05/2026 21:54:40,ACTION,LSTM_AI,PI_HARDWARE,25.76,26.17,Set AC Fan to LOW & Peltier OFF,24.2565,5.2879,+0.07,115.2,71.95,71.97,26.66,,
07/05/2026 21:54:55,ACTION,LSTM_AI,PI_HARDWARE,25.83,26.24,Set AC Fan to MEDIUM & Peltier ON,24.2565,5.2879,+0.11,113.4,73.25,72.05,24,,
07/05/2026 21:54:56,ENVIRONMENT,Sensors,PI_HARDWARE,25.83,26.22,-,24.257,5.288,+0.11,-,73.86,72.08,-,,
07/05/2026 21:55:37,ACTION,LSTM_AI,PI_HARDWARE,25.77,26.32,Set AC Fan to LOW & Peltier OFF,24.2682,5.2905,+0.08,114,72.49,72.57,26.66,,
07/05/2026 21:55:49,ACTION,LSTM_AI,PI_HARDWARE,25.83,26.35,Set AC Fan to MEDIUM & Peltier ON,24.2682,5.2905,+0.11,112.9,73.46,72.67,24,,
07/05/2026 21:55:56,ENVIRONMENT,Sensors,PI_HARDWARE,25.91,26.36,-,24.2705,5.291,+0.15,-,74.76,72.76,-,,
07/05/2026 21:56:34,ACTION,LSTM_AI,PI_HARDWARE,25.79,26.45,Set AC Fan to LOW & Peltier OFF,24.2805,5.2932,+0.09,107.5,72.26,72.7,26.66,,
07/05/2026 21:56:46,ACTION,LSTM_AI,PI_HARDWARE,25.83,26.49,Set AC Fan to MEDIUM & Peltier ON,24.2805,5.2932,+0.11,114.6,72.61,72.33,24,,
07/05/2026 21:56:56,ENVIRONMENT,Sensors,PI_HARDWARE,25.87,26.47,-,24.2839,5.2939,+0.12,-,73.11,71.69,-,,
07/05/2026 21:57:07,ACTION,LSTM_AI,PI_HARDWARE,25.8,26.52,Set AC Fan to LOW & Peltier OFF,24.2867,5.2945,+0.09,113.3,72.16,71.31,26.66,,
07/05/2026 21:57:19,ACTION,LSTM_AI,PI_HARDWARE,25.81,26.5,Set AC Fan to MEDIUM & Peltier ON,24.2867,5.2945,+0.09,112.6,72.16,70.93,24,,
07/05/2026 21:57:37,ACTION,LSTM_AI,PI_HARDWARE,25.8,26.52,Set AC Fan to LOW & Peltier OFF,24.2917,5.2956,+0.08,112.7,71.65,70.4,26.66,,
07/05/2026 21:57:55,ACTION,LSTM_AI,PI_HARDWARE,25.81,26.52,Set AC Fan to MEDIUM & Peltier ON,24.2918,5.2956,+0.09,113.6,71.79,69.56,24,,
07/05/2026 21:57:57,ENVIRONMENT,Sensors,PI_HARDWARE,25.81,26.47,-,24.2923,5.2957,+0.09,-,72.07,69.37,-,,
07/05/2026 21:58:10,ACTION,LSTM_AI,PI_HARDWARE,25.78,26.45,Set AC Fan to LOW & Peltier OFF,24.2957,5.2965,+0.08,107.5,71.4,68.78,26.66,,
07/05/2026 21:58:52,ACTION,LSTM_AI,PI_HARDWARE,25.81,26.42,Set AC Fan to MEDIUM & Peltier ON,24.2957,5.2965,+0.09,113.6,71.44,67.17,24,,
07/05/2026 21:58:56,ENVIRONMENT,Sensors,PI_HARDWARE,25.83,26.38,-,24.2974,5.2968,+0.09,-,71.24,67.04,-,,
07/05/2026 21:59:07,ACTION,LSTM_AI,PI_HARDWARE,25.78,26.36,Set AC Fan to LOW & Peltier OFF,24.3002,5.2974,+0.06,112.8,69.83,66.62,26.67,,
07/05/2026 21:59:57,ENVIRONMENT,Sensors,PI_HARDWARE,25.7,26.21,-,24.3003,5.2975,+0.01,-,67.31,64.76,-,,
07/05/2026 22:00:22,ACTION,LSTM_AI,PI_HARDWARE,25.81,26.14,Set AC Fan to MEDIUM & Peltier ON,24.3003,5.2975,+0.03,115.1,65.15,64.08,24,,
07/05/2026 22:00:40,ACTION,LSTM_AI,PI_HARDWARE,25.8,26.06,Set AC Fan to LOW & Peltier OFF,24.3053,5.2986,+0.02,113.8,64.38,63.79,26.67,,
07/05/2026 22:00:57,ENVIRONMENT,Sensors,PI_HARDWARE,25.68,26.01,-,24.3054,5.2986,-0.03,-,64.04,63.31,-,,
07/05/2026 22:01:31,ACTION,LSTM_AI,PI_HARDWARE,25.85,25.9,Set AC Fan to MEDIUM & Peltier ON,24.3054,5.2986,+0.05,114,65.03,63.51,24,,
07/05/2026 22:01:46,ACTION,LSTM_AI,PI_HARDWARE,26.02,25.84,Set AC Fan to HIGH & Peltier ON,24.3093,5.2994,+0.12,113.4,65.73,64.29,24,,
07/05/2026 22:01:57,ENVIRONMENT,Sensors,PI_HARDWARE,26.14,25.84,-,24.3127,5.3002,+0.16,-,65.75,64.98,-,,
07/05/2026 22:02:03,SYSTEM,SHUTDOWN,PI_HARDWARE,26.21,25.81,Master Script Stopped Manually,24.3138,5.3004,+0.19,-,65.72,65.28,-,,
07/05/2026 22:04:10,SYSTEM,BOOT,PI_HARDWARE,24,24,--- Raspberry Pi AI Master Started ---,24.3138,5.3004,-0.77,-,50,50,-,,
07/05/2026 22:04:11,ACTION,LSTM_AI,PI_HARDWARE,26.65,24,Set AC Fan to HIGH & Peltier ON,24.3138,5.3004,+0.21,117.7,50,50,24,,
07/05/2026 22:05:04,ACTION,LSTM_AI,PI_HARDWARE,25.97,25.95,Set AC Fan to MEDIUM & Peltier ON,24.3289,5.3037,+0.14,113.8,70.44,71.07,24,,
07/05/2026 22:05:10,ENVIRONMENT,Sensors,PI_HARDWARE,25.91,26.01,-,24.3306,5.3041,+0.12,-,70.48,71.14,-,,
07/05/2026 22:05:17,ACTION,LSTM_AI,PI_HARDWARE,25.79,26.01,Set AC Fan to LOW & Peltier OFF,24.3322,5.3044,+0.07,114.6,70.47,71.23,26.66,,
07/05/2026 22:05:43,ACTION,LSTM_AI,PI_HARDWARE,25.81,26.08,Set AC Fan to MEDIUM & Peltier ON,24.3323,5.3044,+0.11,116.3,74.6,71.56,24,,
07/05/2026 22:06:10,ENVIRONMENT,Sensors,PI_HARDWARE,25.86,26.11,-,24.3401,5.3061,+0.12,-,72.54,71.84,-,,
07/05/2026 22:06:17,ACTION,LSTM_AI,PI_HARDWARE,25.8,26.12,Set AC Fan to LOW & Peltier OFF,24.3418,5.3065,+0.09,113.6,72.25,71.99,26.66,,
07/05/2026 22:06:35,ACTION,LSTM_AI,PI_HARDWARE,25.82,26.17,Set AC Fan to MEDIUM & Peltier ON,24.3418,5.3065,+0.11,108.5,74.02,72.25,24,,
07/05/2026 22:07:13,ACTION,LSTM_AI,PI_HARDWARE,25.78,26.28,Set AC Fan to LOW & Peltier OFF,24.3524,5.3088,+0.09,113.8,72.71,72.7,26.66,,
07/05/2026 22:07:19,ENVIRONMENT,Sensors,PI_HARDWARE,25.82,26.28,-,24.3519,5.3087,+0.10,-,72.77,72.7,-,,
07/05/2026 22:07:29,ACTION,LSTM_AI,PI_HARDWARE,25.81,26.33,Set AC Fan to MEDIUM & Peltier ON,24.3524,5.3088,+0.11,115.2,74.11,72.92,24,,
07/05/2026 22:08:07,ACTION,LSTM_AI,PI_HARDWARE,25.79,26.42,Set AC Fan to LOW & Peltier OFF,24.3631,5.3111,+0.09,114.7,72.79,73.09,26.66,,
07/05/2026 22:08:10,ENVIRONMENT,Sensors,PI_HARDWARE,25.79,26.43,-,24.3631,5.3111,+0.09,-,72.68,73.02,-,,
07/05/2026 22:08:20,ACTION,LSTM_AI,PI_HARDWARE,25.8,26.45,Set AC Fan to MEDIUM & Peltier ON,24.3631,5.3112,+0.10,112.1,73.32,72.9,24,,
07/05/2026 22:08:43,ACTION,LSTM_AI,PI_HARDWARE,25.77,26.49,Set AC Fan to LOW & Peltier OFF,24.3698,5.3126,+0.08,113.9,72.37,71.94,26.66,,
07/05/2026 22:09:07,ACTION,LSTM_AI,PI_HARDWARE,25.8,26.5,Set AC Fan to MEDIUM & Peltier ON,24.3698,5.3126,+0.11,113,74.17,71.08,24,,
07/05/2026 22:09:10,ENVIRONMENT,Sensors,PI_HARDWARE,25.8,26.53,-,24.3709,5.3129,+0.11,-,74.48,71,-,,
07/05/2026 22:09:31,ACTION,LSTM_AI,PI_HARDWARE,25.79,26.53,Set AC Fan to LOW & Peltier OFF,24.3765,5.3141,+0.08,114.2,71.51,70.05,26.66,,
07/05/2026 22:10:10,ENVIRONMENT,Sensors,PI_HARDWARE,25.76,26.46,-,24.3766,5.3141,+0.08,-,72.92,68.46,-,,
07/05/2026 22:10:19,ACTION,LSTM_AI,PI_HARDWARE,25.83,26.46,Set AC Fan to MEDIUM & Peltier ON,24.3766,5.3141,+0.10,115.9,72.39,68.1,24,,
07/05/2026 22:10:41,ACTION,LSTM_AI,PI_HARDWARE,25.74,26.42,Set AC Fan to LOW & Peltier OFF,24.3827,5.3154,+0.04,113.8,69.17,67.15,26.66,,
07/05/2026 22:11:10,ENVIRONMENT,Sensors,PI_HARDWARE,25.58,26.29,-,24.3828,5.3154,-0.02,-,68.63,65.93,-,,
07/05/2026 22:11:59,ACTION,LSTM_AI,PI_HARDWARE,25.83,26.15,Set AC Fan to MEDIUM & Peltier ON,24.3834,5.3156,+0.04,114.7,65.37,64.53,24,,
07/05/2026 22:12:10,ENVIRONMENT,Sensors,PI_HARDWARE,25.9,26.09,-,24.3868,5.3163,+0.06,-,64.37,64.13,-,,
07/05/2026 22:12:23,ACTION,LSTM_AI,PI_HARDWARE,25.8,26.09,Set AC Fan to LOW & Peltier OFF,24.3896,5.3169,+0.02,114.5,64.49,64.03,26.66,,
07/05/2026 22:13:13,ENVIRONMENT,Sensors,PI_HARDWARE,25.82,25.94,-,24.3896,5.3169,+0.06,-,67.72,65.76,-,,
07/05/2026 22:13:14,ACTION,LSTM_AI,PI_HARDWARE,25.85,25.94,Set AC Fan to MEDIUM & Peltier ON,24.3896,5.3169,+0.07,107.3,67.72,65.76,24,,
07/05/2026 22:13:52,ACTION,LSTM_AI,PI_HARDWARE,25.7,25.91,Set AC Fan to LOW & Peltier OFF,24.4003,5.3193,+0.02,115.2,68.64,67.63,26.66,,
07/05/2026 22:14:14,ENVIRONMENT,Sensors,PI_HARDWARE,25.58,25.9,-,24.4003,5.3193,0,-,71.22,68.46,-,,
07/05/2026 22:14:41,ACTION,LSTM_AI,PI_HARDWARE,25.82,25.94,Set AC Fan to MEDIUM & Peltier ON,24.4003,5.3193,+0.09,113.8,70.81,69.33,24,,
07/05/2026 22:15:11,ENVIRONMENT,Sensors,PI_HARDWARE,25.92,25.97,-,24.4093,5.3212,+0.12,-,70.55,70.06,-,,
07/05/2026 22:15:20,ACTION,LSTM_AI,PI_HARDWARE,25.78,25.98,Set AC Fan to LOW & Peltier OFF,24.4115,5.3217,+0.07,116.7,70.58,70.13,26.66,,
07/05/2026 22:15:50,ACTION,LSTM_AI,PI_HARDWARE,25.83,26.04,Set AC Fan to MEDIUM & Peltier ON,24.4115,5.3217,+0.11,113.5,73.63,70.73,24,,
07/05/2026 22:16:11,ENVIRONMENT,Sensors,PI_HARDWARE,25.93,26.06,-,24.4177,5.3231,+0.14,-,72.14,71.18,-,,
07/05/2026 22:16:30,ACTION,LSTM_AI,PI_HARDWARE,25.76,26.14,Set AC Fan to LOW & Peltier OFF,24.4222,5.324,+0.07,117.3,71.59,71.47,26.66,,
07/05/2026 22:16:54,ACTION,LSTM_AI,PI_HARDWARE,25.82,26.18,Set AC Fan to MEDIUM & Peltier ON,24.4222,5.324,+0.12,116.7,74.69,71.78,24,,
07/05/2026 22:17:11,ENVIRONMENT,Sensors,PI_HARDWARE,25.92,26.24,-,24.4278,5.3253,+0.15,-,73.39,72.04,-,,
07/05/2026 22:17:29,ACTION,LSTM_AI,PI_HARDWARE,25.79,26.22,Set AC Fan to LOW & Peltier OFF,24.4322,5.3262,+0.09,113,72.39,72.2,26.66,,
07/05/2026 22:17:41,ACTION,LSTM_AI,PI_HARDWARE,25.8,26.31,Set AC Fan to MEDIUM & Peltier ON,24.4323,5.3262,+0.10,113.4,73.19,72.35,24,,
07/05/2026 22:18:11,ACTION,LSTM_AI,PI_HARDWARE,25.77,26.38,Set AC Fan to LOW & Peltier OFF,24.4406,5.3281,+0.09,114.7,72.97,72.59,26.66,,
07/05/2026 22:18:11,ENVIRONMENT,Sensors,PI_HARDWARE,25.77,26.38,-,24.4407,5.3281,+0.09,-,72.9,72.59,-,,
07/05/2026 22:18:29,ACTION,LSTM_AI,PI_HARDWARE,25.83,26.39,Set AC Fan to MEDIUM & Peltier ON,24.4407,5.3281,+0.12,112.7,74.88,72.82,24,,
07/05/2026 22:19:11,ENVIRONMENT,Sensors,PI_HARDWARE,25.81,26.49,-,24.453,5.3307,+0.10,-,73.38,73.29,-,,
07/05/2026 22:19:24,ACTION,USER,PI_HARDWARE,25.81,26.49,Set STATUS to OFF,24.4563,5.3315,+0.10,-,73.38,73.29,-,,
07/05/2026 22:19:27,ACTION,LSTM_AI,PI_HARDWARE,25.76,26.49,Set AC Fan to LOW & Peltier OFF,24.4574,5.3317,+0.08,107.4,73.38,73.29,26.66,,
07/05/2026 22:19:57,ACTION,LSTM_AI,PI_HARDWARE,25.86,26.55,Set AC Fan to MEDIUM & Peltier ON,24.4575,5.3317,+0.15,106.9,75.99,72.27,24,,
07/05/2026 22:20:11,ENVIRONMENT,Sensors,PI_HARDWARE,25.95,26.55,-,24.4614,5.3326,+0.17,-,74.84,71.75,-,,
07/05/2026 22:20:30,ACTION,LSTM_AI,PI_HARDWARE,25.78,26.57,Set AC Fan to LOW & Peltier OFF,24.4664,5.3337,+0.08,106.9,71.79,70.89,26.66,,
07/05/2026 22:21:07,ACTION,LSTM_AI,PI_HARDWARE,25.8,26.53,Set AC Fan to MEDIUM & Peltier ON,24.4665,5.3337,+0.11,115.4,73.82,69.56,24,,
07/05/2026 22:21:11,ENVIRONMENT,Sensors,PI_HARDWARE,25.82,26.52,-,24.4681,5.3341,+0.11,-,73.92,69.27,-,,
07/05/2026 22:21:29,ACTION,LSTM_AI,PI_HARDWARE,25.74,26.49,Set AC Fan to LOW & Peltier OFF,24.4715,5.3348,+0.06,114.7,71.45,68.62,26.66,,
07/05/2026 22:22:11,ENVIRONMENT,Sensors,PI_HARDWARE,25.61,26.32,-,24.4716,5.3348,+0.00,-,70.3,66.81,-,,
07/05/2026 22:23:04,ACTION,LSTM_AI,PI_HARDWARE,25.81,26.14,Set AC Fan to MEDIUM & Peltier ON,24.4716,5.3348,+0.04,107.1,66.08,65.15,24,,
07/05/2026 22:23:11,ENVIRONMENT,Sensors,PI_HARDWARE,25.83,26.06,-,24.4739,5.3353,+0.04,-,65.42,64.93,-,,
07/05/2026 22:23:27,ACTION,LSTM_AI,PI_HARDWARE,25.71,26.02,Set AC Fan to LOW & Peltier OFF,24.4783,5.3363,-0.01,107.4,64.79,64.69,26.66,,
07/05/2026 22:24:11,ENVIRONMENT,Sensors,PI_HARDWARE,25.46,25.8,-,24.4784,5.3363,-0.1,-,65.12,64.03,-,,
07/05/2026 22:24:54,ACTION,LSTM_AI,PI_HARDWARE,25.85,25.66,Set AC Fan to MEDIUM & Peltier ON,24.4785,5.3363,+0.06,113.1,66.96,65.78,24,,
07/05/2026 22:25:11,ENVIRONMENT,Sensors,PI_HARDWARE,25.96,25.63,-,24.4835,5.3374,+0.11,-,67.36,67,-,,
07/05/2026 22:25:24,ACTION,LSTM_AI,PI_HARDWARE,25.76,25.6,Set AC Fan to LOW & Peltier OFF,24.4868,5.3381,+0.04,106.9,67.94,67.57,26.66,,
07/05/2026 22:26:11,ENVIRONMENT,Sensors,PI_HARDWARE,25.74,25.59,-,24.4869,5.3381,+0.05,-,69.94,69.31,-,,
07/05/2026 22:26:19,ACTION,LSTM_AI,PI_HARDWARE,25.82,25.62,Set AC Fan to MEDIUM & Peltier ON,24.4869,5.3381,+0.08,107.1,69.98,69.51,24,,
07/05/2026 22:26:51,ACTION,LSTM_AI,PI_HARDWARE,25.75,25.63,Set AC Fan to LOW & Peltier OFF,24.4964,5.3402,+0.06,114,70.41,70.57,26.66,,
07/05/2026 22:27:11,ENVIRONMENT,Sensors,PI_HARDWARE,25.66,25.66,-,24.4964,5.3402,+0.04,-,72.4,70.97,-,,
07/05/2026 22:27:33,ACTION,LSTM_AI,PI_HARDWARE,25.8,25.7,Set AC Fan to MEDIUM & Peltier ON,24.4965,5.3402,+0.09,106.8,72.04,71.4,24,,
07/05/2026 22:28:09,ACTION,LSTM_AI,PI_HARDWARE,25.72,25.78,Set AC Fan to LOW & Peltier OFF,24.5065,5.3424,+0.05,107.2,71.67,72.08,26.66,,
07/05/2026 22:28:11,ENVIRONMENT,Sensors,PI_HARDWARE,25.72,25.83,-,24.5065,5.3424,+0.05,-,71.59,72.08,-,,
07/05/2026 22:28:59,ACTION,USER,PI_HARDWARE,25.7,25.83,Set STATUS to OFF,24.5066,5.3424,+0.08,-,74.85,72.4,-,,
07/05/2026 22:29:04,ACTION,LSTM_AI,PI_HARDWARE,25.88,25.91,Set AC Fan to MEDIUM & Peltier ON,24.5066,5.3424,+0.13,113.5,73.3,72.73,24,,
07/05/2026 22:29:10,ACTION,LSTM_AI,PI_HARDWARE,26.08,25.93,Set AC Fan to HIGH & Peltier ON,24.5083,5.3428,+0.21,112.9,73.19,72.78,24,,
07/05/2026 22:29:11,ENVIRONMENT,Sensors,PI_HARDWARE,26.08,25.93,-,24.5088,5.3429,+0.21,-,73.13,72.86,-,,
07/05/2026 22:29:43,ACTION,LSTM_AI,PI_HARDWARE,25.96,26.01,Set AC Fan to MEDIUM & Peltier ON,24.5172,5.3448,+0.16,107.2,72.93,73.33,24,,
07/05/2026 22:29:58,ACTION,LSTM_AI,PI_HARDWARE,25.75,26.01,Set AC Fan to LOW & Peltier OFF,24.5217,5.3457,+0.08,111.2,72.57,73.5,26.66,,
07/05/2026 22:30:11,ENVIRONMENT,Sensors,PI_HARDWARE,25.7,26.06,-,24.5217,5.3457,+0.07,-,74.17,73.64,-,,
07/05/2026 22:30:25,ACTION,LSTM_AI,PI_HARDWARE,25.82,26.09,Set AC Fan to MEDIUM & Peltier ON,24.5217,5.3457,+0.13,113.7,76.43,73.78,24,,
07/05/2026 22:30:58,ACTION,LSTM_AI,PI_HARDWARE,25.78,26.17,Set AC Fan to LOW & Peltier OFF,24.5312,5.3478,+0.10,107.3,73.76,74.09,26.66,,
07/05/2026 22:31:11,ENVIRONMENT,Sensors,PI_HARDWARE,25.77,26.17,-,24.5313,5.3478,+0.10,-,74.53,73.96,-,,
07/05/2026 22:31:19,ACTION,LSTM_AI,PI_HARDWARE,25.83,26.21,Set AC Fan to MEDIUM & Peltier ON,24.5313,5.3478,+0.13,113.3,75.46,73.85,24,,
07/05/2026 22:31:44,ACTION,LSTM_AI,PI_HARDWARE,25.8,26.22,Set AC Fan to LOW & Peltier OFF,24.538,5.3493,+0.10,113.7,73.18,72.97,26.66,,
07/05/2026 22:32:12,ENVIRONMENT,Sensors,PI_HARDWARE,25.77,26.24,-,24.538,5.3493,+0.10,-,74.49,71.68,-,,
07/05/2026 22:32:19,ACTION,LSTM_AI,PI_HARDWARE,25.83,26.24,Set AC Fan to MEDIUM & Peltier ON,24.538,5.3493,+0.12,106.8,74.37,71.46,24,,
07/05/2026 22:32:47,ACTION,LSTM_AI,PI_HARDWARE,25.71,26.26,Set AC Fan to LOW & Peltier OFF,24.5458,5.351,+0.05,113,71.04,70.33,26.66,,
07/05/2026 22:33:12,ENVIRONMENT,Sensors,PI_HARDWARE,25.56,26.19,-,24.5459,5.351,-0.01,-,70.75,69.05,-,,
07/05/2026 22:33:59,ACTION,LSTM_AI,PI_HARDWARE,25.82,26.08,Set AC Fan to MEDIUM & Peltier ON,24.5459,5.351,+0.05,107.3,67.08,67.31,24,,
07/05/2026 22:34:11,ENVIRONMENT,Sensors,PI_HARDWARE,25.88,25.98,-,24.5499,5.3519,+0.07,-,66.03,66.61,-,,
07/05/2026 22:34:22,ACTION,LSTM_AI,PI_HARDWARE,25.77,26.01,Set AC Fan to LOW & Peltier OFF,24.5526,5.3525,+0.02,113.1,65.9,66.31,26.66,,
07/05/2026 22:35:12,ENVIRONMENT,Sensors,PI_HARDWARE,25.57,25.77,-,24.5527,5.3525,-0.05,-,66.3,65.34,-,,
07/05/2026 22:35:40,ACTION,LSTM_AI,PI_HARDWARE,25.84,25.69,Set AC Fan to MEDIUM & Peltier ON,24.5528,5.3525,+0.06,107.4,67.05,66.19,24,,
07/05/2026 22:36:11,ACTION,LSTM_AI,PI_HARDWARE,25.79,25.6,Set AC Fan to LOW & Peltier OFF,24.5611,5.3543,+0.05,114.7,68.19,67.75,26.66,,
07/05/2026 22:36:12,ENVIRONMENT,Sensors,PI_HARDWARE,25.79,25.62,-,24.5611,5.3543,+0.05,-,68.39,67.96,-,,
07/05/2026 22:37:04,ACTION,LSTM_AI,PI_HARDWARE,25.85,25.6,Set AC Fan to MEDIUM & Peltier ON,24.5612,5.3543,+0.09,107.1,70.3,69.83,24,,
07/05/2026 22:37:12,ENVIRONMENT,Sensors,PI_HARDWARE,25.89,25.59,-,24.5634,5.3548,+0.11,-,70.16,70.14,-,,
07/05/2026 22:37:40,ACTION,LSTM_AI,PI_HARDWARE,25.73,25.6,Set AC Fan to LOW & Peltier OFF,24.5713,5.3565,+0.05,114.1,70.59,70.99,26.66,,
07/05/2026 22:38:13,ENVIRONMENT,Sensors,PI_HARDWARE,25.65,25.67,-,24.5713,5.3565,+0.04,-,73.06,71.6,-,,
07/05/2026 22:38:28,ACTION,LSTM_AI,PI_HARDWARE,25.81,25.73,Set AC Fan to MEDIUM & Peltier ON,24.5713,5.3566,+0.10,114.9,72.46,71.9,24,,
07/05/2026 22:39:01,ACTION,LSTM_AI,PI_HARDWARE,25.79,25.77,Set AC Fan to LOW & Peltier OFF,24.5803,5.3585,+0.09,106.9,72.21,72.54,26.66,,
07/05/2026 22:39:12,ENVIRONMENT,Sensors,PI_HARDWARE,25.72,25.81,-,24.5803,5.3585,+0.06,-,72.71,72.76,-,,
07/05/2026 22:39:34,ACTION,LSTM_AI,PI_HARDWARE,25.8,25.83,Set AC Fan to MEDIUM & Peltier ON,24.5803,5.3585,+0.11,111.1,74.68,72.9,24,,
07/05/2026 22:40:07,ACTION,LSTM_AI,PI_HARDWARE,25.76,25.88,Set AC Fan to LOW & Peltier OFF,24.5893,5.3605,+0.08,113.9,73.12,73.37,26.66,,
07/05/2026 22:40:12,ENVIRONMENT,Sensors,PI_HARDWARE,25.73,25.91,-,24.5893,5.3605,+0.07,-,72.85,73.48,-,,
07/05/2026 22:40:37,ACTION,LSTM_AI,PI_HARDWARE,25.82,25.98,Set AC Fan to MEDIUM & Peltier ON,24.5893,5.3605,+0.13,114.6,76.39,73.68,24,,
07/05/2026 22:41:08,ACTION,LSTM_AI,PI_HARDWARE,25.8,26.05,Set AC Fan to LOW & Peltier OFF,24.5977,5.3623,+0.10,113.3,73.86,74.09,26.66,,
07/05/2026 22:41:12,ENVIRONMENT,Sensors,PI_HARDWARE,25.77,26.04,-,24.5977,5.3623,+0.09,-,73.67,74.16,-,,
07/05/2026 22:41:29,ACTION,LSTM_AI,PI_HARDWARE,25.81,26.08,Set AC Fan to MEDIUM & Peltier ON,24.5977,5.3623,+0.13,112.9,75.92,74.2,24,,
07/05/2026 22:41:55,ACTION,LSTM_AI,PI_HARDWARE,25.8,26.12,Set AC Fan to LOW & Peltier OFF,24.605,5.3639,+0.11,113.7,74.46,74.49,26.66,,
07/05/2026 22:42:16,ENVIRONMENT,Sensors,PI_HARDWARE,25.77,26.17,-,24.605,5.3639,+0.11,-,75.52,74.4,-,,
07/05/2026 22:42:20,ACTION,LSTM_AI,PI_HARDWARE,25.84,26.19,Set AC Fan to MEDIUM & Peltier ON,24.605,5.3639,+0.14,113.1,76.36,74.3,24,,
07/05/2026 22:42:46,ACTION,LSTM_AI,PI_HARDWARE,25.78,26.22,Set AC Fan to LOW & Peltier OFF,24.6128,5.3656,+0.09,107.3,73.22,73.31,26.66,,
07/05/2026 22:43:13,ENVIRONMENT,Sensors,PI_HARDWARE,25.75,26.24,-,24.6129,5.3656,+0.09,-,74.78,72.38,-,,
07/05/2026 22:43:20,ACTION,LSTM_AI,PI_HARDWARE,25.81,26.22,Set AC Fan to MEDIUM & Peltier ON,24.6129,5.3656,+0.11,112.8,74.65,72.15,24,,
07/05/2026 22:43:43,ACTION,LSTM_AI,PI_HARDWARE,25.76,26.22,Set AC Fan to LOW & Peltier OFF,24.6196,5.3671,+0.07,114.2,71.4,70.85,26.66,,
07/05/2026 22:44:12,ENVIRONMENT,Sensors,PI_HARDWARE,25.64,26.18,-,24.6196,5.3671,+0.02,-,70.78,69.56,-,,
07/05/2026 22:44:40,ACTION,LSTM_AI,PI_HARDWARE,25.81,26.11,Set AC Fan to MEDIUM & Peltier ON,24.6197,5.3671,+0.06,107.9,68.58,68.48,24,,
07/05/2026 22:45:11,ACTION,LSTM_AI,PI_HARDWARE,25.7,26.02,Set AC Fan to LOW & Peltier OFF,24.6281,5.3689,+0.00,115.1,66.93,67.13,26.66,,
07/05/2026 22:45:12,ENVIRONMENT,Sensors,PI_HARDWARE,25.7,26.04,-,24.6281,5.3689,+0.00,-,66.91,67.04,-,,
07/05/2026 22:46:13,ENVIRONMENT,Sensors,PI_HARDWARE,25.61,25.84,-,24.6281,5.3689,-0.04,-,65.24,65.18,-,,
07/05/2026 22:46:35,ACTION,LSTM_AI,PI_HARDWARE,25.82,25.73,Set AC Fan to MEDIUM & Peltier ON,24.6282,5.3689,+0.04,107.4,65.87,65.36,24,,
07/05/2026 22:47:02,ACTION,LSTM_AI,PI_HARDWARE,25.8,25.7,Set AC Fan to LOW & Peltier OFF,24.6354,5.3705,+0.05,114.2,67.38,66.61,26.66,,
07/05/2026 22:47:12,ENVIRONMENT,Sensors,PI_HARDWARE,25.7,25.7,-,24.6355,5.3705,+0.02,-,68.6,67.26,-,,
07/05/2026 22:47:53,ACTION,LSTM_AI,PI_HARDWARE,25.83,25.63,Set AC Fan to MEDIUM & Peltier ON,24.6355,5.3705,+0.08,107.6,69.62,68.91,24,,
07/05/2026 22:48:12,ENVIRONMENT,Sensors,PI_HARDWARE,25.93,25.62,-,24.6411,5.3718,+0.12,-,69.71,69.73,-,,
07/05/2026 22:48:22,ACTION,LSTM_AI,PI_HARDWARE,25.79,25.64,Set AC Fan to LOW & Peltier OFF,24.6439,5.3724,+0.07,113.8,70.03,70.06,26.66,,
07/05/2026 22:49:05,ACTION,LSTM_AI,PI_HARDWARE,25.81,25.69,Set AC Fan to MEDIUM & Peltier ON,24.6439,5.3724,+0.09,115.8,71.53,71.08,24,,
07/05/2026 22:49:12,ENVIRONMENT,Sensors,PI_HARDWARE,25.86,25.69,-,24.6462,5.3729,+0.11,-,71.44,71.3,-,,
07/05/2026 22:49:38,ACTION,LSTM_AI,PI_HARDWARE,25.77,25.76,Set AC Fan to LOW & Peltier OFF,24.6529,5.3743,+0.07,114.3,71.44,71.55,26.66,,
07/05/2026 22:50:12,ENVIRONMENT,Sensors,PI_HARDWARE,25.76,25.81,-,24.6529,5.3743,+0.09,-,73.67,72.3,-,,
07/05/2026 22:50:17,ACTION,LSTM_AI,PI_HARDWARE,25.81,25.81,Set AC Fan to MEDIUM & Peltier ON,24.6529,5.3743,+0.10,107.3,73.48,72.33,24,,
07/05/2026 22:50:50,ACTION,LSTM_AI,PI_HARDWARE,25.77,25.88,Set AC Fan to LOW & Peltier OFF,24.6619,5.3763,+0.08,114,72.65,72.86,26.66,,
07/05/2026 22:51:13,ENVIRONMENT,Sensors,PI_HARDWARE,25.73,25.93,-,24.6619,5.3763,+0.09,-,75.22,73.12,-,,
07/05/2026 22:51:23,ACTION,LSTM_AI,PI_HARDWARE,25.83,25.95,Set AC Fan to MEDIUM & Peltier ON,24.6619,5.3763,+0.13,107,75.59,73.2,24,,
07/05/2026 22:51:59,ACTION,LSTM_AI,PI_HARDWARE,25.75,26.02,Set AC Fan to LOW & Peltier OFF,24.672,5.3785,+0.08,114.9,73.18,73.59,26.66,,
07/05/2026 22:52:13,ENVIRONMENT,Sensors,PI_HARDWARE,25.7,26.04,-,24.672,5.3785,+0.07,-,74.46,73.79,-,,
07/05/2026 22:52:29,ACTION,LSTM_AI,PI_HARDWARE,25.82,26.06,Set AC Fan to MEDIUM & Peltier ON,24.6726,5.3786,+0.14,113,76.96,73.96,24,,
07/05/2026 22:53:05,ACTION,LSTM_AI,PI_HARDWARE,25.76,26.14,Set AC Fan to LOW & Peltier OFF,24.6821,5.3807,+0.09,107.2,73.78,74.32,26.66,,
07/05/2026 22:53:12,ENVIRONMENT,Sensors,PI_HARDWARE,25.71,26.15,-,24.6821,5.3807,+0.07,-,73.74,74.23,-,,
07/05/2026 22:53:35,ACTION,LSTM_AI,PI_HARDWARE,25.82,26.18,Set AC Fan to MEDIUM & Peltier ON,24.6827,5.3808,+0.14,107.2,76.79,73.95,24,,
07/05/2026 22:54:02,ACTION,LSTM_AI,PI_HARDWARE,25.78,26.21,Set AC Fan to LOW & Peltier OFF,24.69,5.3824,+0.09,119.4,72.96,72.74,26.66,,
07/05/2026 22:54:13,ENVIRONMENT,Sensors,PI_HARDWARE,25.71,26.21,-,24.69,5.3824,+0.06,-,72.68,72.36,-,,
07/05/2026 22:54:47,ACTION,LSTM_AI,PI_HARDWARE,25.8,26.19,Set AC Fan to MEDIUM & Peltier ON,24.6906,5.3825,+0.09,116.1,72.41,70.85,24,,
07/05/2026 22:55:13,ENVIRONMENT,Sensors,PI_HARDWARE,25.79,26.17,-,24.6978,5.3841,+0.07,-,69.98,69.73,-,,
07/05/2026 22:55:14,ACTION,LSTM_AI,PI_HARDWARE,25.75,26.17,Set AC Fan to LOW & Peltier OFF,24.6978,5.3841,+0.05,113.2,69.98,69.73,26.66,,
07/05/2026 22:56:13,ENVIRONMENT,Sensors,PI_HARDWARE,25.75,26,-,24.6979,5.3841,+0.02,-,66.97,67.38,-,,
07/05/2026 22:56:20,ACTION,LSTM_AI,PI_HARDWARE,25.82,25.97,Set AC Fan to MEDIUM & Peltier ON,24.6979,5.3841,+0.05,114.3,66.66,67.09,24,,
07/05/2026 22:56:47,ACTION,LSTM_AI,PI_HARDWARE,25.75,25.88,Set AC Fan to LOW & Peltier OFF,24.7052,5.3857,+0.02,118,66.62,66.52,26.66,,
07/05/2026 22:57:15,ENVIRONMENT,Sensors,PI_HARDWARE,25.59,25.83,-,24.7052,5.3857,-0.02,-,69.2,67.4,-,,
07/05/2026 22:57:41,ACTION,LSTM_AI,PI_HARDWARE,25.82,25.76,Set AC Fan to MEDIUM & Peltier ON,24.7053,5.3857,+0.07,115.1,69.61,68.64,24,,
07/05/2026 22:58:11,ACTION,LSTM_AI,PI_HARDWARE,25.8,25.71,Set AC Fan to LOW & Peltier OFF,24.7137,5.3876,+0.07,107.2,70.24,69.72,26.66,,
07/05/2026 22:58:13,ENVIRONMENT,Sensors,PI_HARDWARE,25.8,25.73,-,24.7137,5.3876,+0.07,-,70.33,69.72,-,,
07/05/2026 22:58:59,ACTION,LSTM_AI,PI_HARDWARE,25.86,25.73,Set AC Fan to MEDIUM & Peltier ON,24.7137,5.3876,+0.11,113.7,71.87,71.27,24,,
07/05/2026 22:59:13,ENVIRONMENT,Sensors,PI_HARDWARE,25.97,25.74,-,24.7182,5.3886,+0.15,-,71.69,71.6,-,,
07/05/2026 23:00:13,ENVIRONMENT,Sensors,PI_HARDWARE,25.73,25.83,-,24.7249,5.39,+0.09,-,75.37,72.86,-,,
07/05/2026 23:00:20,ACTION,LSTM_AI,PI_HARDWARE,25.8,25.84,Set AC Fan to MEDIUM & Peltier ON,24.725,5.39,+0.12,113.2,74.9,72.98,24,,
07/05/2026 23:01:01,ACTION,LSTM_AI,PI_HARDWARE,25.76,25.88,Set AC Fan to LOW & Peltier OFF,24.735,5.3922,+0.08,107.6,72.97,73.52,26.66,,
07/05/2026 23:01:18,ENVIRONMENT,Sensors,PI_HARDWARE,25.73,25.94,-,24.735,5.3922,+0.08,-,74.9,73.83,-,,
07/05/2026 23:04:15,ACTION,USER,PI_HARDWARE,25.76,26.08,Set STATUS to OFF,24.7447,5.3944,+0.10,-,75.74,74.57,-,,
07/05/2026 23:04:16,ACTION,LSTM_AI,PI_HARDWARE,26.11,26.08,Set AC Fan to HIGH & Peltier ON,24.7447,5.3944,+0.24,107.3,75.74,74.57,24,,
07/05/2026 23:05:13,ENVIRONMENT,Sensors,PI_HARDWARE,26.01,26.29,-,24.7609,5.3979,+0.15,-,70.54,71.76,-,,
07/05/2026 23:05:16,ACTION,LSTM_AI,PI_HARDWARE,25.93,26.29,Set AC Fan to MEDIUM & Peltier ON,24.7615,5.398,+0.12,114,70.54,71.76,24,,
07/05/2026 23:05:22,ACTION,LSTM_AI,PI_HARDWARE,25.78,26.29,Set AC Fan to LOW & Peltier OFF,24.7632,5.3984,+0.07,115.3,70.42,71.4,26.66,,
07/05/2026 23:06:13,ENVIRONMENT,Sensors,PI_HARDWARE,25.77,26.17,-,24.7633,5.3984,+0.06,-,70.23,69.24,-,,
07/05/2026 23:06:19,ACTION,LSTM_AI,PI_HARDWARE,25.82,26.17,Set AC Fan to MEDIUM & Peltier ON,24.7633,5.3984,+0.08,113.5,69.83,69.09,24,,
07/05/2026 23:06:43,ACTION,LSTM_AI,PI_HARDWARE,25.77,26.08,Set AC Fan to LOW & Peltier OFF,24.77,5.3999,+0.04,107.3,67.9,68.08,26.66,,
07/05/2026 23:07:13,ENVIRONMENT,Sensors,PI_HARDWARE,25.61,25.98,-,24.77,5.3999,-0.03,-,66.85,66.84,-,,
07/05/2026 23:07:55,ACTION,LSTM_AI,PI_HARDWARE,25.83,25.87,Set AC Fan to MEDIUM & Peltier ON,24.7701,5.3999,+0.04,107.3,65.42,65.76,24,,
07/05/2026 23:08:13,ENVIRONMENT,Sensors,PI_HARDWARE,25.87,25.77,-,24.7757,5.4011,+0.07,-,66.4,66.05,-,,
07/05/2026 23:08:22,ACTION,LSTM_AI,PI_HARDWARE,25.77,25.74,Set AC Fan to LOW & Peltier OFF,24.7779,5.4016,+0.03,113.6,66.86,66.24,26.66,,
07/05/2026 23:09:17,ENVIRONMENT,Sensors,PI_HARDWARE,25.8,25.66,-,24.778,5.4016,+0.06,-,69.18,68.54,-,,
07/05/2026 23:09:19,ACTION,LSTM_AI,PI_HARDWARE,25.82,25.66,Set AC Fan to MEDIUM & Peltier ON,24.778,5.4016,+0.07,107.1,69.18,68.54,24,,
07/05/2026 23:09:50,ACTION,LSTM_AI,PI_HARDWARE,25.77,25.63,Set AC Fan to LOW & Peltier OFF,24.7864,5.4034,+0.06,113.6,70.31,70.11,26.66,,
07/05/2026 23:10:13,ENVIRONMENT,Sensors,PI_HARDWARE,25.66,25.64,-,24.7864,5.4034,+0.03,-,71.97,70.91,-,,
07/05/2026 23:10:34,ACTION,LSTM_AI,PI_HARDWARE,25.82,25.63,Set AC Fan to MEDIUM & Peltier ON,24.7864,5.4034,+0.09,107.4,71.82,71.4,24,,
07/05/2026 23:11:10,ACTION,LSTM_AI,PI_HARDWARE,25.71,25.71,Set AC Fan to LOW & Peltier OFF,24.7965,5.4056,+0.05,114.4,71.8,72.29,26.66,,
07/05/2026 23:11:14,ENVIRONMENT,Sensors,PI_HARDWARE,25.67,25.73,-,24.7965,5.4056,+0.04,-,71.7,72.43,-,,
07/05/2026 23:11:55,ACTION,LSTM_AI,PI_HARDWARE,25.82,25.78,Set AC Fan to MEDIUM & Peltier ON,24.7965,5.4056,+0.12,107.3,74.11,73.01,24,,
07/05/2026 23:12:13,ENVIRONMENT,Sensors,PI_HARDWARE,25.95,25.8,-,24.8021,5.4069,+0.16,-,73.43,73.21,-,,
07/05/2026 23:12:31,ACTION,LSTM_AI,PI_HARDWARE,25.77,25.85,Set AC Fan to LOW & Peltier OFF,24.8066,5.4078,+0.08,113.9,72.97,73.63,26.66,,
07/05/2026 23:13:04,ACTION,LSTM_AI,PI_HARDWARE,25.82,25.91,Set AC Fan to MEDIUM & Peltier ON,24.8066,5.4078,+0.14,111.5,76.66,73.99,24,,
07/05/2026 23:13:13,ENVIRONMENT,Sensors,PI_HARDWARE,25.89,25.95,-,24.8094,5.4085,+0.15,-,75.53,74.14,-,,
07/05/2026 23:14:13,ACTION,USER,PI_HARDWARE,25.78,26,Set STATUS to OFF,24.8256,5.412,+0.09,-,73.67,74.44,-,,
07/05/2026 23:14:14,ENVIRONMENT,Sensors,PI_HARDWARE,25.78,26,-,24.8262,5.4121,+0.09,-,73.67,74.44,-,,
07/05/2026 23:14:15,ACTION,LSTM_AI,PI_HARDWARE,25.66,26,Set AC Fan to LOW & Peltier OFF,24.8262,5.4121,+0.05,108.7,73.67,74.44,26.66,,
07/05/2026 23:15:15,ENVIRONMENT,Sensors,PI_HARDWARE,25.94,26.15,-,24.8302,5.413,+0.19,-,77.07,74.63,-,,
07/05/2026 23:16:14,ENVIRONMENT,Sensors,PI_HARDWARE,25.77,26.19,-,24.8353,5.4141,+0.11,-,75.71,72.3,-,,
07/05/2026 23:16:21,ACTION,LSTM_AI,PI_HARDWARE,25.83,26.17,Set AC Fan to MEDIUM & Peltier ON,24.8353,5.4141,+0.13,114,75.29,72.05,24,,
07/05/2026 23:16:44,ACTION,LSTM_AI,PI_HARDWARE,25.8,26.12,Set AC Fan to LOW & Peltier OFF,24.8414,5.4154,+0.09,113.2,71.83,70.99,26.66,,
07/05/2026 23:17:14,ENVIRONMENT,Sensors,PI_HARDWARE,25.63,26.09,-,24.8415,5.4154,+0.01,-,70.67,69.53,-,,
07/05/2026 23:17:48,ACTION,LSTM_AI,PI_HARDWARE,25.8,26,Set AC Fan to MEDIUM & Peltier ON,24.8415,5.4154,+0.06,107.4,68.09,68.26,24,,
07/05/2026 23:18:09,ACTION,LSTM_AI,PI_HARDWARE,25.78,25.93,Set AC Fan to LOW & Peltier OFF,24.8471,5.4167,+0.04,107.7,66.72,67.51,26.67,,
07/05/2026 23:18:14,ENVIRONMENT,Sensors,PI_HARDWARE,25.75,25.93,-,24.8471,5.4167,+0.02,-,66.9,67.24,-,,
07/05/2026 23:19:08,ACTION,LSTM_AI,PI_HARDWARE,25.82,25.74,Set AC Fan to MEDIUM & Peltier ON,24.8472,5.4167,+0.07,113.5,69.42,68.33,24,,
07/05/2026 23:19:15,ENVIRONMENT,Sensors,PI_HARDWARE,25.87,25.7,-,24.8494,5.4172,+0.09,-,69.43,68.7,-,,
07/05/2026 23:19:39,ACTION,LSTM_AI,PI_HARDWARE,25.73,25.69,Set AC Fan to LOW & Peltier OFF,24.8561,5.4186,+0.04,107.3,70.29,69.78,26.66,,
07/05/2026 23:20:14,ENVIRONMENT,Sensors,PI_HARDWARE,25.64,25.67,-,24.8562,5.4186,+0.03,-,72.2,71.06,-,,
07/05/2026 23:20:30,ACTION,LSTM_AI,PI_HARDWARE,25.81,25.67,Set AC Fan to MEDIUM & Peltier ON,24.8562,5.4187,+0.09,113.7,72.28,71.53,24,,
07/05/2026 23:21:03,ACTION,LSTM_AI,PI_HARDWARE,25.76,25.71,Set AC Fan to LOW & Peltier OFF,24.8651,5.4206,+0.07,114.3,72.23,72.47,26.66,,
07/05/2026 23:21:14,ENVIRONMENT,Sensors,PI_HARDWARE,25.67,25.71,-,24.8652,5.4206,+0.05,-,72.81,72.65,-,,
07/05/2026 23:21:42,ACTION,LSTM_AI,PI_HARDWARE,25.81,25.78,Set AC Fan to MEDIUM & Peltier ON,24.8652,5.4206,+0.11,106.9,74.16,73.1,24,,
07/05/2026 23:22:12,ACTION,LSTM_AI,PI_HARDWARE,25.79,25.81,Set AC Fan to LOW & Peltier OFF,24.8736,5.4224,+0.10,115.7,73.41,73.67,26.66,,
07/05/2026 23:22:14,ENVIRONMENT,Sensors,PI_HARDWARE,25.79,25.81,-,24.8736,5.4224,+0.09,-,73.28,73.72,-,,
07/05/2026 23:22:42,ACTION,LSTM_AI,PI_HARDWARE,25.82,25.87,Set AC Fan to MEDIUM & Peltier ON,24.8742,5.4226,+0.13,114.7,76.24,74.04,24,,
07/05/2026 23:23:12,ACTION,LSTM_AI,PI_HARDWARE,25.76,25.93,Set AC Fan to LOW & Peltier OFF,24.882,5.4243,+0.09,115.5,74.04,74.46,26.66,,
07/05/2026 23:23:14,ENVIRONMENT,Sensors,PI_HARDWARE,25.76,25.93,-,24.882,5.4243,+0.09,-,73.95,74.54,-,,
07/05/2026 23:23:39,ACTION,LSTM_AI,PI_HARDWARE,25.82,26.01,Set AC Fan to MEDIUM & Peltier ON,24.882,5.4243,+0.14,113.1,76.96,74.71,24,,
07/05/2026 23:24:09,ACTION,LSTM_AI,PI_HARDWARE,25.77,26.04,Set AC Fan to LOW & Peltier OFF,24.8904,5.4261,+0.10,114.3,74.7,75.11,26.66,,
07/05/2026 23:24:14,ENVIRONMENT,Sensors,PI_HARDWARE,25.75,26.05,-,24.8904,5.4261,+0.09,-,74.54,75.17,-,,
07/05/2026 23:24:33,ACTION,LSTM_AI,PI_HARDWARE,25.82,26.06,Set AC Fan to MEDIUM & Peltier ON,24.8905,5.4261,+0.14,114.7,77.31,75.31,24,,
07/05/2026 23:25:03,ACTION,LSTM_AI,PI_HARDWARE,25.79,26.15,Set AC Fan to LOW & Peltier OFF,24.8988,5.4279,+0.11,113.6,75.25,75.59,26.66,,
07/05/2026 23:25:14,ENVIRONMENT,Sensors,PI_HARDWARE,25.76,26.18,-,24.8988,5.4279,+0.10,-,75.6,75.6,-,,
07/05/2026 23:25:27,ACTION,LSTM_AI,PI_HARDWARE,25.84,26.19,Set AC Fan to MEDIUM & Peltier ON,24.8989,5.428,+0.15,114.6,77.48,75.57,24,,
07/05/2026 23:26:00,ACTION,LSTM_AI,PI_HARDWARE,25.75,26.25,Set AC Fan to LOW & Peltier OFF,24.9078,5.4299,+0.08,107.2,73.72,74.76,26.66,,
07/05/2026 23:26:14,ENVIRONMENT,Sensors,PI_HARDWARE,25.7,26.22,-,24.9078,5.4299,+0.07,-,74.27,73.98,-,,
07/05/2026 23:26:40,ACTION,LSTM_AI,PI_HARDWARE,25.82,26.24,Set AC Fan to MEDIUM & Peltier ON,24.9079,5.4299,+0.13,114.6,76.28,72.97,24,,
07/05/2026 23:27:00,ACTION,LSTM_AI,PI_HARDWARE,25.79,26.21,Set AC Fan to LOW & Peltier OFF,24.9134,5.4311,+0.09,107,72.65,71.9,26.66,,
07/05/2026 23:27:14,ENVIRONMENT,Sensors,PI_HARDWARE,25.69,26.18,-,24.9135,5.4311,+0.05,-,72.13,71.24,-,,
07/05/2026 23:27:54,ACTION,LSTM_AI,PI_HARDWARE,25.82,26.11,Set AC Fan to MEDIUM & Peltier ON,24.9135,5.4311,+0.08,108.5,70.07,69.48,24,,
07/05/2026 23:28:15,ENVIRONMENT,Sensors,PI_HARDWARE,25.83,26.05,-,24.9197,5.4325,+0.07,-,68.45,68.69,-,,
07/05/2026 23:28:15,ACTION,LSTM_AI,PI_HARDWARE,25.79,26.05,Set AC Fan to LOW & Peltier OFF,24.9197,5.4325,+0.05,107.7,68.45,68.69,26.66,,
07/05/2026 23:29:15,ENVIRONMENT,Sensors,PI_HARDWARE,25.77,25.85,-,24.9198,5.4325,+0.03,-,67.45,67.01,-,,
07/05/2026 23:29:18,ACTION,LSTM_AI,PI_HARDWARE,25.81,25.84,Set AC Fan to MEDIUM & Peltier ON,24.9198,5.4325,+0.05,115.2,67.51,67.01,24,,
07/05/2026 23:29:45,ACTION,LSTM_AI,PI_HARDWARE,25.77,25.78,Set AC Fan to LOW & Peltier OFF,24.9276,5.4342,+0.05,115.2,68.97,68.07,26.66,,
07/05/2026 23:30:15,ENVIRONMENT,Sensors,PI_HARDWARE,25.65,25.71,-,24.9276,5.4342,+0.02,-,71.21,69.53,-,,
07/05/2026 23:30:33,ACTION,LSTM_AI,PI_HARDWARE,25.8,25.73,Set AC Fan to MEDIUM & Peltier ON,24.9276,5.4342,+0.08,107.5,71.23,70.3,24,,
07/05/2026 23:31:03,ACTION,LSTM_AI,PI_HARDWARE,25.77,25.7,Set AC Fan to LOW & Peltier OFF,24.936,5.4361,+0.07,107.4,71.51,71.36,26.66,,
07/05/2026 23:31:15,ENVIRONMENT,Sensors,PI_HARDWARE,25.66,25.71,-,24.936,5.4361,+0.04,-,72.24,71.64,-,,
07/05/2026 23:31:49,ACTION,LSTM_AI,PI_HARDWARE,25.82,25.71,Set AC Fan to MEDIUM & Peltier ON,24.9361,5.4361,+0.11,108.1,73.21,72.48,24,,
07/05/2026 23:32:15,ENVIRONMENT,Sensors,PI_HARDWARE,25.88,25.76,-,24.9439,5.4378,+0.13,-,72.99,73.09,-,,
07/05/2026 23:32:24,ACTION,LSTM_AI,PI_HARDWARE,25.75,25.77,Set AC Fan to LOW & Peltier OFF,24.9461,5.4383,+0.07,108,72.76,73.2,26.66,,
07/05/2026 23:33:01,ACTION,LSTM_AI,PI_HARDWARE,25.81,25.85,Set AC Fan to MEDIUM & Peltier ON,24.9462,5.4383,+0.13,112.3,76.17,73.84,24,,
07/05/2026 23:33:15,ENVIRONMENT,Sensors,PI_HARDWARE,25.9,25.87,-,24.9507,5.4392,+0.15,-,74.76,74.08,-,,
07/05/2026 23:33:34,ACTION,LSTM_AI,PI_HARDWARE,25.73,25.9,Set AC Fan to LOW & Peltier OFF,24.9557,5.4403,+0.08,113.1,73.75,74.32,26.66,,
07/05/2026 23:34:07,ACTION,LSTM_AI,PI_HARDWARE,25.82,25.97,Set AC Fan to MEDIUM & Peltier ON,24.9557,5.4404,+0.14,107.1,77.54,74.75,24,,
07/05/2026 23:34:15,ENVIRONMENT,Sensors,PI_HARDWARE,25.87,25.97,-,24.9585,5.441,+0.16,-,77.12,74.84,-,,
07/05/2026 23:34:42,ACTION,LSTM_AI,PI_HARDWARE,25.75,26.01,Set AC Fan to LOW & Peltier OFF,24.9658,5.4425,+0.09,107,74.33,75.21,26.66,,
07/05/2026 23:35:10,ACTION,LSTM_AI,PI_HARDWARE,25.81,26.06,Set AC Fan to MEDIUM & Peltier ON,24.9658,5.4426,+0.14,108.2,77.8,75.39,24,,
07/05/2026 23:35:15,ENVIRONMENT,Sensors,PI_HARDWARE,25.84,26.08,-,24.9675,5.4429,+0.16,-,78.46,75.5,-,,
07/05/2026 23:35:42,ACTION,LSTM_AI,PI_HARDWARE,25.79,26.14,Set AC Fan to LOW & Peltier OFF,24.9748,5.4445,+0.11,112.8,75.15,75.82,26.66,,
07/05/2026 23:36:01,ACTION,LSTM_AI,PI_HARDWARE,25.81,26.15,Set AC Fan to MEDIUM & Peltier ON,24.9748,5.4445,+0.13,116,76.59,75.76,24,,
07/05/2026 23:36:15,ENVIRONMENT,Sensors,PI_HARDWARE,25.88,26.17,-,24.9793,5.4455,+0.16,-,76.49,75.52,-,,
07/05/2026 23:36:28,ACTION,LSTM_AI,PI_HARDWARE,25.79,26.18,Set AC Fan to LOW & Peltier OFF,24.9826,5.4462,+0.11,115.1,74.67,75.2,26.66,,
07/05/2026 23:36:55,ACTION,LSTM_AI,PI_HARDWARE,25.81,26.22,Set AC Fan to MEDIUM & Peltier ON,24.9827,5.4462,+0.13,107.6,76.43,74.15,24,,
07/05/2026 23:37:15,ENVIRONMENT,Sensors,PI_HARDWARE,25.82,26.21,-,24.9888,5.4476,+0.11,-,74.03,73.19,-,,
07/05/2026 23:37:16,ACTION,LSTM_AI,PI_HARDWARE,25.8,26.21,Set AC Fan to LOW & Peltier OFF,24.9888,5.4476,+0.10,111.1,74.03,73.19,26.66,,
07/05/2026 23:37:55,ACTION,LSTM_AI,PI_HARDWARE,25.8,26.18,Set AC Fan to MEDIUM & Peltier ON,24.9889,5.4476,+0.11,112.7,74.22,71.63,24,,
07/05/2026 23:38:15,ENVIRONMENT,Sensors,PI_HARDWARE,25.78,26.19,-,24.995,5.4489,+0.07,-,71.4,70.65,-,,
07/05/2026 23:38:16,ACTION,LSTM_AI,PI_HARDWARE,25.73,26.19,Set AC Fan to LOW & Peltier OFF,24.995,5.4489,+0.06,107.3,71.4,70.65,26.66,,
07/05/2026 23:39:15,ENVIRONMENT,Sensors,PI_HARDWARE,25.72,26.01,-,24.9951,5.4489,+0.03,-,68.31,68.08,-,,
07/05/2026 23:39:25,ACTION,LSTM_AI,PI_HARDWARE,25.8,25.97,Set AC Fan to MEDIUM & Peltier ON,24.9951,5.4489,+0.05,107.3,67.48,67.75,24,,
07/05/2026 23:39:49,ACTION,LSTM_AI,PI_HARDWARE,25.77,25.9,Set AC Fan to LOW & Peltier OFF,25.0018,5.4504,+0.03,113.6,67.08,67.02,26.66,,
07/05/2026 23:40:15,ENVIRONMENT,Sensors,PI_HARDWARE,25.61,25.8,-,25.0018,5.4504,-0.01,-,69.19,67.66,-,,
07/05/2026 23:40:46,ACTION,LSTM_AI,PI_HARDWARE,25.81,25.73,Set AC Fan to MEDIUM & Peltier ON,25.0019,5.4504,+0.07,111.9,69.92,68.81,24,,
07/05/2026 23:41:13,ACTION,LSTM_AI,PI_HARDWARE,25.79,25.71,Set AC Fan to LOW & Peltier OFF,25.0092,5.452,+0.07,113.8,70.61,70.11,26.66,,
07/05/2026 23:41:15,ENVIRONMENT,Sensors,PI_HARDWARE,25.79,25.7,-,25.0092,5.452,+0.07,-,70.76,70.24,-,,
07/05/2026 23:42:01,ACTION,LSTM_AI,PI_HARDWARE,25.83,25.71,Set AC Fan to MEDIUM & Peltier ON,25.0092,5.452,+0.10,107.2,72.32,71.67,24,,
07/05/2026 23:42:15,ENVIRONMENT,Sensors,PI_HARDWARE,25.95,25.7,-,25.0137,5.453,+0.15,-,72.08,72.05,-,,
07/05/2026 23:42:34,ACTION,LSTM_AI,PI_HARDWARE,25.76,25.73,Set AC Fan to LOW & Peltier OFF,25.0187,5.4541,+0.08,114,72.38,72.64,26.66,,
07/05/2026 23:43:15,ENVIRONMENT,Sensors,PI_HARDWARE,25.79,25.77,-,25.0188,5.4541,+0.10,-,74.33,73.37,-,,
07/05/2026 23:43:19,ACTION,LSTM_AI,PI_HARDWARE,25.86,25.76,Set AC Fan to MEDIUM & Peltier ON,25.0188,5.4541,+0.13,115,74.11,73.44,24,,
07/05/2026 23:43:58,ACTION,LSTM_AI,PI_HARDWARE,25.71,25.81,Set AC Fan to LOW & Peltier OFF,25.03,5.4565,+0.07,114.3,73.15,73.98,26.66,,
07/05/2026 23:44:15,ENVIRONMENT,Sensors,PI_HARDWARE,25.66,25.85,-,25.03,5.4565,+0.06,-,75.06,74.24,-,,
07/05/2026 23:44:37,ACTION,LSTM_AI,PI_HARDWARE,25.82,25.9,Set AC Fan to MEDIUM & Peltier ON,25.03,5.4565,+0.14,113.5,77.15,74.46,24,,
07/05/2026 23:45:15,ENVIRONMENT,Sensors,PI_HARDWARE,25.78,25.97,-,25.0412,5.459,+0.10,-,73.94,74.84,-,,
07/05/2026 23:45:16,ACTION,LSTM_AI,PI_HARDWARE,25.75,25.97,Set AC Fan to LOW & Peltier OFF,25.0412,5.459,+0.08,113.8,73.94,74.84,26.66,,
07/05/2026 23:45:49,ACTION,LSTM_AI,PI_HARDWARE,25.84,26.02,Set AC Fan to MEDIUM & Peltier ON,25.0412,5.459,+0.16,113.4,78.3,75.28,24,,
07/05/2026 23:46:15,ENVIRONMENT,Sensors,PI_HARDWARE,25.91,26.08,-,25.0491,5.4607,+0.16,-,75.42,75.6,-,,
07/05/2026 23:46:31,ACTION,LSTM_AI,PI_HARDWARE,25.78,26.11,Set AC Fan to LOW & Peltier OFF,25.053,5.4615,+0.10,113.5,74.57,75.7,26.66,,
08/05/2026 19:48:21,SYSTEM,BOOT,PI_HARDWARE,24,24,--- Raspberry Pi AI Master Started ---,25.053,5.4615,-0.77,-,50,50,-,,
08/05/2026 19:48:22,ACTION,LSTM_AI,PI_HARDWARE,27.4,24,Set AC Fan to HIGH & Peltier ON,25.053,5.4615,+0.49,407.4,50,50,24,,
08/05/2026 19:49:21,ENVIRONMENT,Sensors,PI_HARDWARE,25.84,27.18,-,25.0697,5.4652,+0.09,-,70.45,69.18,-,,
08/05/2026 19:49:22,ACTION,LSTM_AI,PI_HARDWARE,25.73,27.18,Set AC Fan to LOW & Peltier OFF,25.0697,5.4652,+0.05,107.4,70.45,69.18,26.67,,
08/05/2026 19:50:21,ENVIRONMENT,Sensors,PI_HARDWARE,25.62,26.76,-,25.0698,5.4652,+0.01,-,71.09,67.57,-,,
08/05/2026 19:50:46,ACTION,LSTM_AI,PI_HARDWARE,25.83,26.6,Set AC Fan to MEDIUM & Peltier ON,25.0699,5.4652,+0.08,113.8,69.83,67.23,24,,
08/05/2026 19:51:19,ACTION,LSTM_AI,PI_HARDWARE,25.74,26.47,Set AC Fan to LOW & Peltier OFF,25.0788,5.4672,+0.06,113.7,71.56,68.12,26.66,,
08/05/2026 19:51:21,ENVIRONMENT,Sensors,PI_HARDWARE,25.74,26.43,-,25.0788,5.4672,+0.06,-,71.64,68.12,-,,
08/05/2026 19:52:10,ACTION,LSTM_AI,PI_HARDWARE,25.86,26.29,Set AC Fan to MEDIUM & Peltier ON,25.0789,5.4672,+0.13,111.6,74.04,71.13,24,,
08/05/2026 19:52:21,ENVIRONMENT,Sensors,PI_HARDWARE,25.96,26.26,-,25.0822,5.4679,+0.16,-,73.78,71.68,-,,
08/05/2026 19:52:25,ACTION,LSTM_AI,PI_HARDWARE,26.01,26.26,Set AC Fan to HIGH & Peltier ON,25.0828,5.468,+0.19,114.4,73.78,71.76,24,,
08/05/2026 19:52:31,ACTION,LSTM_AI,PI_HARDWARE,25.98,26.26,Set AC Fan to MEDIUM & Peltier ON,25.0845,5.4684,+0.17,107.3,73.8,71.92,24,,
08/05/2026 19:52:49,ACTION,LSTM_AI,PI_HARDWARE,25.76,26.24,Set AC Fan to LOW & Peltier OFF,25.0895,5.4695,+0.09,107.2,73.62,72.56,26.66,,
08/05/2026 19:53:21,ENVIRONMENT,Sensors,PI_HARDWARE,25.79,26.24,-,25.0895,5.4695,+0.13,-,77.76,73.64,-,,
08/05/2026 19:53:25,ACTION,LSTM_AI,PI_HARDWARE,25.84,26.26,Set AC Fan to MEDIUM & Peltier ON,25.0895,5.4695,+0.16,107.1,77.82,73.75,24,,
08/05/2026 19:54:04,ACTION,LSTM_AI,PI_HARDWARE,25.75,26.25,Set AC Fan to LOW & Peltier OFF,25.1007,5.472,+0.10,113.5,74.83,74.63,26.66,,
08/05/2026 19:54:21,ENVIRONMENT,Sensors,PI_HARDWARE,25.75,26.28,-,25.1007,5.472,+0.11,-,76.81,75.12,-,,
08/05/2026 19:54:28,ACTION,LSTM_AI,PI_HARDWARE,25.81,26.31,Set AC Fan to MEDIUM & Peltier ON,25.1007,5.472,+0.14,117.1,77.99,75.22,24,,
08/05/2026 19:55:10,ACTION,LSTM_AI,PI_HARDWARE,25.77,26.35,Set AC Fan to LOW & Peltier OFF,25.1125,5.4745,+0.11,107.1,75.68,76.05,26.66,,
08/05/2026 19:55:21,ENVIRONMENT,Sensors,PI_HARDWARE,25.76,26.35,-,25.1125,5.4745,+0.11,-,76.54,76.2,-,,
08/05/2026 19:55:28,ACTION,LSTM_AI,PI_HARDWARE,25.82,26.36,Set AC Fan to MEDIUM & Peltier ON,25.1125,5.4745,+0.15,114.2,77.77,76.32,24,,
08/05/2026 19:56:19,ACTION,LSTM_AI,PI_HARDWARE,25.8,26.46,Set AC Fan to LOW & Peltier OFF,25.1265,5.4776,+0.12,108,76.27,76.99,26.66,,
08/05/2026 19:56:21,ENVIRONMENT,Sensors,PI_HARDWARE,25.8,26.46,-,25.1265,5.4776,+0.12,-,76.28,77.07,-,,
08/05/2026 19:56:28,ACTION,LSTM_AI,PI_HARDWARE,25.81,26.47,Set AC Fan to MEDIUM & Peltier ON,25.1265,5.4776,+0.13,113.3,76.63,77.13,24,,
08/05/2026 19:57:21,ENVIRONMENT,Sensors,PI_HARDWARE,25.85,26.56,-,25.1416,5.4809,+0.15,-,76.86,77.73,-,,
08/05/2026 19:57:40,ACTION,LSTM_AI,PI_HARDWARE,25.8,26.6,Set AC Fan to LOW & Peltier OFF,25.1466,5.482,+0.13,113.1,76.8,77.75,26.66,,
08/05/2026 19:57:46,ACTION,LSTM_AI,PI_HARDWARE,25.8,26.6,Set AC Fan to MEDIUM & Peltier ON,25.1466,5.482,+0.13,112.2,76.65,77.73,24,,
08/05/2026 19:58:19,ACTION,LSTM_AI,PI_HARDWARE,25.78,26.63,Set AC Fan to LOW & Peltier OFF,25.1556,5.4839,+0.11,107.2,75.86,76.85,26.66,,
08/05/2026 19:58:21,ENVIRONMENT,Sensors,PI_HARDWARE,25.78,26.6,-,25.1556,5.4839,+0.11,-,75.67,76.53,-,,
08/05/2026 19:58:34,ACTION,LSTM_AI,PI_HARDWARE,25.84,26.6,Set AC Fan to MEDIUM & Peltier ON,25.1556,5.4839,+0.14,112.4,76.58,76.03,24,,
08/05/2026 19:59:04,ACTION,LSTM_AI,PI_HARDWARE,25.76,26.6,Set AC Fan to LOW & Peltier OFF,25.164,5.4857,+0.10,113.2,74.85,74.83,26.66,,
08/05/2026 19:59:21,ENVIRONMENT,Sensors,PI_HARDWARE,25.73,26.57,-,25.164,5.4857,+0.09,-,75.57,74.16,-,,
08/05/2026 19:59:37,ACTION,LSTM_AI,PI_HARDWARE,25.82,26.53,Set AC Fan to MEDIUM & Peltier ON,25.164,5.4858,+0.14,113.2,77.3,73.52,24,,
08/05/2026 19:59:55,ACTION,LSTM_AI,PI_HARDWARE,25.8,26.49,Set AC Fan to LOW & Peltier OFF,25.169,5.4868,+0.12,111.2,75.95,72.73,26.66,,
08/05/2026 20:00:22,ENVIRONMENT,Sensors,PI_HARDWARE,25.69,26.39,-,25.1691,5.4869,+0.08,-,75.47,71.77,-,,
08/05/2026 20:01:22,ENVIRONMENT,Sensors,PI_HARDWARE,25.73,26.21,-,25.1692,5.4869,+0.09,-,75.04,69.48,-,,
08/05/2026 20:02:22,ENVIRONMENT,Sensors,PI_HARDWARE,25.75,26,-,25.1692,5.4869,+0.10,-,75.7,70.31,-,,
08/05/2026 20:02:31,ACTION,LSTM_AI,PI_HARDWARE,25.8,25.98,Set AC Fan to MEDIUM & Peltier ON,25.1692,5.4869,+0.12,113.3,75.69,70.71,24,,
08/05/2026 20:02:46,ACTION,LSTM_AI,PI_HARDWARE,25.76,25.95,Set AC Fan to LOW & Peltier OFF,25.1737,5.4879,+0.10,113,74.79,71.37,26.67,,
08/05/2026 20:03:22,ENVIRONMENT,Sensors,PI_HARDWARE,25.69,25.94,-,25.1738,5.4879,+0.08,-,76.08,72.73,-,,
08/05/2026 20:03:37,ACTION,LSTM_AI,PI_HARDWARE,25.81,25.94,Set AC Fan to MEDIUM & Peltier ON,25.1738,5.4879,+0.13,114.7,76.33,73.23,24,,
08/05/2026 20:04:22,ENVIRONMENT,Sensors,PI_HARDWARE,25.84,25.94,-,25.1866,5.4907,+0.13,-,75.37,73.91,-,,
08/05/2026 20:05:22,ENVIRONMENT,Sensors,PI_HARDWARE,25.84,25.94,-,25.2034,5.4943,+0.13,-,75.37,73.91,-,,
08/05/2026 20:05:42,ACTION,USER,PI_HARDWARE,25.84,25.94,Set STATUS to OFF,25.2084,5.4954,+0.13,-,75.37,73.91,-,,
08/05/2026 20:05:44,ACTION,LSTM_AI,PI_HARDWARE,25.63,25.94,Set AC Fan to LOW & Peltier OFF,25.2095,5.4957,+0.05,107.7,75.37,73.91,26.66,,
08/05/2026 20:06:22,ENVIRONMENT,Sensors,PI_HARDWARE,25.59,26.15,-,25.2096,5.4957,+0.09,-,81.11,76.53,-,,
08/05/2026 20:06:32,ACTION,LSTM_AI,PI_HARDWARE,25.81,26.17,Set AC Fan to MEDIUM & Peltier ON,25.2102,5.4958,+0.18,106.8,81.63,76.62,24,,
08/05/2026 20:07:20,ACTION,LSTM_AI,PI_HARDWARE,25.76,26.28,Set AC Fan to LOW & Peltier OFF,25.223,5.4986,+0.11,107,76.35,77.27,26.66,,
08/05/2026 20:07:22,ENVIRONMENT,Sensors,PI_HARDWARE,25.76,26.28,-,25.223,5.4986,+0.11,-,76.31,77.29,-,,
08/05/2026 20:07:35,ACTION,LSTM_AI,PI_HARDWARE,25.8,26.31,Set AC Fan to MEDIUM & Peltier ON,25.223,5.4986,+0.14,114,77.76,77.36,24,,
08/05/2026 20:08:20,ACTION,LSTM_AI,PI_HARDWARE,25.79,26.39,Set AC Fan to LOW & Peltier OFF,25.2353,5.5013,+0.12,114.8,76.74,77.75,26.66,,
08/05/2026 20:08:22,ENVIRONMENT,Sensors,PI_HARDWARE,25.79,26.42,-,25.2353,5.5013,+0.12,-,76.69,77.76,-,,
08/05/2026 20:08:32,ACTION,LSTM_AI,PI_HARDWARE,25.81,26.42,Set AC Fan to MEDIUM & Peltier ON,25.2359,5.5014,+0.14,113,77.45,77.67,24,,
08/05/2026 20:09:08,ACTION,LSTM_AI,PI_HARDWARE,25.77,26.46,Set AC Fan to LOW & Peltier OFF,25.2454,5.5035,+0.11,110.2,75.84,76.79,26.66,,
08/05/2026 20:09:22,ENVIRONMENT,Sensors,PI_HARDWARE,25.76,26.47,-,25.2454,5.5035,+0.11,-,76.59,76.3,-,,
08/05/2026 20:09:29,ACTION,LSTM_AI,PI_HARDWARE,25.81,26.46,Set AC Fan to MEDIUM & Peltier ON,25.2454,5.5035,+0.14,107.2,77.47,76.08,24,,
08/05/2026 20:09:59,ACTION,LSTM_AI,PI_HARDWARE,25.77,26.43,Set AC Fan to LOW & Peltier OFF,25.2538,5.5053,+0.11,113.8,75.12,75.02,26.66,,
08/05/2026 20:10:08,ACTION,LSTM_AI,PI_HARDWARE,25.84,26.43,Set AC Fan to MEDIUM & Peltier ON,25.2538,5.5053,+0.13,114,74.67,74.57,24,,
08/05/2026 20:10:22,ENVIRONMENT,Sensors,PI_HARDWARE,25.91,26.43,-,25.2583,5.5063,+0.15,-,74.14,73.85,-,,
08/05/2026 20:10:35,ACTION,LSTM_AI,PI_HARDWARE,25.79,26.43,Set AC Fan to LOW & Peltier OFF,25.2617,5.507,+0.09,113.9,73.22,73.3,26.66,,
08/05/2026 20:10:47,ACTION,LSTM_AI,PI_HARDWARE,25.88,26.4,Set AC Fan to MEDIUM & Peltier ON,25.2617,5.507,+0.13,113.2,73.01,72.81,24,,
08/05/2026 20:11:11,ACTION,LSTM_AI,PI_HARDWARE,25.79,26.36,Set AC Fan to LOW & Peltier OFF,25.2684,5.5085,+0.08,116,72,71.83,26.66,,
08/05/2026 20:11:22,ENVIRONMENT,Sensors,PI_HARDWARE,25.81,26.33,-,25.2684,5.5085,+0.09,-,71.68,71.18,-,,
08/05/2026 20:11:23,ACTION,LSTM_AI,PI_HARDWARE,25.85,26.33,Set AC Fan to MEDIUM & Peltier ON,25.2684,5.5085,+0.10,110.6,71.68,71.18,24,,
08/05/2026 20:11:38,ACTION,LSTM_AI,PI_HARDWARE,25.77,26.32,Set AC Fan to LOW & Peltier OFF,25.2723,5.5094,+0.07,114.8,71.77,70.7,26.66,,
08/05/2026 20:11:57,ACTION,LSTM_AI,PI_HARDWARE,25.84,26.25,Set AC Fan to MEDIUM & Peltier ON,25.2729,5.5095,+0.09,113.3,71,69.88,24,,
08/05/2026 20:12:08,ACTION,LSTM_AI,PI_HARDWARE,25.77,26.25,Set AC Fan to LOW & Peltier OFF,25.2757,5.5101,+0.07,113.8,71.44,69.33,26.66,,
08/05/2026 20:12:22,ENVIRONMENT,Sensors,PI_HARDWARE,25.76,26.17,-,25.2757,5.5101,+0.06,-,71.04,69.02,-,,
08/05/2026 20:12:26,ACTION,LSTM_AI,PI_HARDWARE,25.82,26.18,Set AC Fan to MEDIUM & Peltier ON,25.2757,5.5101,+0.09,107.5,71.26,69,24,,
08/05/2026 20:12:38,ACTION,LSTM_AI,PI_HARDWARE,25.79,26.17,Set AC Fan to LOW & Peltier OFF,25.2791,5.5108,+0.09,113.6,72.33,69.08,26.67,,
08/05/2026 20:12:50,ACTION,LSTM_AI,PI_HARDWARE,25.81,26.11,Set AC Fan to MEDIUM & Peltier ON,25.2791,5.5108,+0.09,114.7,72.12,69.59,24,,
08/05/2026 20:13:02,ACTION,LSTM_AI,PI_HARDWARE,25.8,26.11,Set AC Fan to LOW & Peltier OFF,25.2824,5.5116,+0.09,115.6,72.85,69.94,26.66,,
08/05/2026 20:13:14,ACTION,LSTM_AI,PI_HARDWARE,25.84,26.06,Set AC Fan to MEDIUM & Peltier ON,25.2825,5.5116,+0.11,117.5,72.84,70.56,24,,
08/05/2026 20:13:22,ENVIRONMENT,Sensors,PI_HARDWARE,25.88,26.08,-,25.2852,5.5122,+0.13,-,73.5,70.91,-,,
08/05/2026 20:14:23,ENVIRONMENT,Sensors,PI_HARDWARE,25.87,26.08,-,25.302,5.5158,+0.13,-,73.48,71.05,-,,
08/05/2026 20:14:27,ACTION,USER,PI_HARDWARE,25.87,26.08,Set STATUS to OFF,25.3031,5.5161,+0.13,-,73.48,71.05,-,,
08/05/2026 20:14:29,ACTION,LSTM_AI,PI_HARDWARE,25.78,26.08,Set AC Fan to LOW & Peltier OFF,25.3037,5.5162,+0.09,114.2,73.48,71.05,26.66,,
08/05/2026 20:14:44,ACTION,LSTM_AI,PI_HARDWARE,25.86,26.11,Set AC Fan to MEDIUM & Peltier ON,25.3037,5.5162,+0.13,115.1,74.65,73.62,24,,
08/05/2026 20:15:23,ENVIRONMENT,Sensors,PI_HARDWARE,25.93,26.18,-,25.3149,5.5186,+0.15,-,73.98,74.45,-,,
08/05/2026 20:16:23,ENVIRONMENT,Sensors,PI_HARDWARE,25.94,26.29,-,25.3317,5.5223,+0.16,-,74.39,75.33,-,,
08/05/2026 20:16:53,ACTION,LSTM_AI,PI_HARDWARE,26.02,26.35,Set AC Fan to HIGH & Peltier ON,25.34,5.5241,+0.20,118.2,74.69,75.77,24,,
08/05/2026 20:17:23,ENVIRONMENT,Sensors,PI_HARDWARE,26.22,26.4,-,25.3484,5.526,+0.28,-,74.86,76.02,-,,
08/05/2026 20:18:23,ENVIRONMENT,Sensors,PI_HARDWARE,26.48,26.5,-,25.3652,5.5296,+0.37,-,75.02,76.55,-,,
08/05/2026 20:19:23,ENVIRONMENT,Sensors,PI_HARDWARE,26.48,26.5,-,25.3819,5.5333,+0.37,-,75.02,76.55,-,,
08/05/2026 20:20:23,ENVIRONMENT,Sensors,PI_HARDWARE,26.48,26.5,-,25.3987,5.5369,+0.37,-,75.02,76.55,-,,
08/05/2026 20:21:23,ENVIRONMENT,Sensors,PI_HARDWARE,26.48,26.5,-,25.4155,5.5406,+0.37,-,75.02,76.55,-,,
08/05/2026 20:22:06,ACTION,USER,PI_HARDWARE,26.48,26.5,Set STATUS to OFF,25.4272,5.5431,+0.37,-,75.02,76.55,-,,
08/05/2026 20:22:14,ACTION,LSTM_AI,PI_HARDWARE,25.91,26.46,Set AC Fan to MEDIUM & Peltier ON,25.4294,5.5436,+0.11,113.9,70.03,69.98,24,,
08/05/2026 20:22:20,ACTION,LSTM_AI,PI_HARDWARE,25.68,26.43,Set AC Fan to LOW & Peltier OFF,25.4311,5.544,+0.02,113.7,69.92,69.77,26.66,,
08/05/2026 20:22:23,ENVIRONMENT,Sensors,PI_HARDWARE,25.66,26.39,-,25.4311,5.544,+0.01,-,69.73,69.65,-,,
08/05/2026 20:22:41,ACTION,LSTM_AI,PI_HARDWARE,25.83,26.36,Set AC Fan to MEDIUM & Peltier ON,25.4312,5.544,+0.08,113.3,70.42,69.14,24,,
08/05/2026 20:22:53,ACTION,LSTM_AI,PI_HARDWARE,25.8,26.32,Set AC Fan to LOW & Peltier OFF,25.4345,5.5447,+0.08,114.9,71.21,68.79,26.66,,
08/05/2026 20:23:05,ACTION,LSTM_AI,PI_HARDWARE,25.83,26.26,Set AC Fan to MEDIUM & Peltier ON,25.4345,5.5447,+0.09,113.5,70.74,68.66,24,,
08/05/2026 20:23:23,ACTION,LSTM_AI,PI_HARDWARE,25.79,26.22,Set AC Fan to LOW & Peltier OFF,25.4396,5.5458,+0.08,113.4,71.43,68.97,26.66,,
08/05/2026 20:23:23,ENVIRONMENT,Sensors,PI_HARDWARE,25.79,26.22,-,25.4396,5.5458,+0.08,-,71.35,68.97,-,,
08/05/2026 20:23:35,ACTION,LSTM_AI,PI_HARDWARE,25.84,26.21,Set AC Fan to MEDIUM & Peltier ON,25.4396,5.5458,+0.10,113.4,71.61,69.53,24,,
08/05/2026 20:24:03,ACTION,LSTM_AI,PI_HARDWARE,25.77,26.11,Set AC Fan to LOW & Peltier OFF,25.4474,5.5475,+0.07,107.4,71.9,70.62,26.66,,
08/05/2026 20:24:11,ACTION,LSTM_AI,PI_HARDWARE,25.8,26.11,Set AC Fan to MEDIUM & Peltier ON,25.4474,5.5475,+0.09,113.3,72.21,70.96,24,,
08/05/2026 20:24:23,ENVIRONMENT,Sensors,PI_HARDWARE,25.87,26.12,-,25.4513,5.5484,+0.12,-,72.87,71.55,-,,
08/05/2026 20:24:39,ACTION,LSTM_AI,PI_HARDWARE,25.8,26.12,Set AC Fan to LOW & Peltier OFF,25.4552,5.5492,+0.09,113.3,72.4,71.94,26.66,,
08/05/2026 20:24:44,ACTION,LSTM_AI,PI_HARDWARE,25.82,26.11,Set AC Fan to MEDIUM & Peltier ON,25.4552,5.5492,+0.10,114.9,72.5,72.18,24,,
08/05/2026 20:25:23,ENVIRONMENT,Sensors,PI_HARDWARE,25.85,26.17,-,25.4664,5.5517,+0.12,-,72.97,73.37,-,,
08/05/2026 20:26:23,ENVIRONMENT,Sensors,PI_HARDWARE,25.94,26.22,-,25.4832,5.5553,+0.15,-,73.58,74.57,-,,
08/05/2026 20:26:53,ACTION,LSTM_AI,PI_HARDWARE,26.01,26.28,Set AC Fan to HIGH & Peltier ON,25.491,5.557,+0.18,114,73.77,74.87,24,,
08/05/2026 20:27:23,ENVIRONMENT,Sensors,PI_HARDWARE,26.18,26.35,-,25.4999,5.559,+0.25,-,74.13,75.27,-,,
08/05/2026 20:28:23,ENVIRONMENT,Sensors,PI_HARDWARE,26.39,26.46,-,25.5167,5.5626,+0.34,-,74.52,76.01,-,,
08/05/2026 20:29:23,ENVIRONMENT,Sensors,PI_HARDWARE,26.46,26.53,-,25.5335,5.5663,+0.37,-,74.76,76.33,-,,
08/05/2026 20:29:32,ACTION,USER,PI_HARDWARE,26.46,26.53,Set STATUS to OFF,25.5357,5.5668,+0.37,-,74.76,76.33,-,,
08/05/2026 20:30:23,ENVIRONMENT,Sensors,PI_HARDWARE,26.3,26.66,-,25.5502,5.57,+0.30,-,74.63,76.16,-,,
08/05/2026 20:31:23,ENVIRONMENT,Sensors,PI_HARDWARE,26.15,26.64,-,25.567,5.5736,+0.23,-,72.76,73.63,-,,
08/05/2026 20:31:53,ACTION,LSTM_AI,PI_HARDWARE,25.97,26.59,Set AC Fan to MEDIUM & Peltier ON,25.5748,5.5753,+0.15,115.2,71.88,72.3,24,,
08/05/2026 20:32:17,ACTION,LSTM_AI,PI_HARDWARE,25.78,26.55,Set AC Fan to LOW & Peltier OFF,25.5815,5.5768,+0.07,112.6,71.18,71.5,26.66,,
08/05/2026 20:32:23,ENVIRONMENT,Sensors,PI_HARDWARE,25.76,26.52,-,25.5815,5.5768,+0.07,-,71.23,71.2,-,,
08/05/2026 20:32:29,ACTION,LSTM_AI,PI_HARDWARE,25.81,26.49,Set AC Fan to MEDIUM & Peltier ON,25.5815,5.5768,+0.09,115.3,71.44,71.11,24,,
08/05/2026 20:32:44,ACTION,LSTM_AI,PI_HARDWARE,25.77,26.46,Set AC Fan to LOW & Peltier OFF,25.586,5.5778,+0.08,113.1,71.76,70.42,26.66,,
08/05/2026 20:33:23,ENVIRONMENT,Sensors,PI_HARDWARE,25.78,26.33,-,25.5861,5.5778,+0.09,-,72.71,69.07,-,,
08/05/2026 20:34:24,ENVIRONMENT,Sensors,PI_HARDWARE,25.66,26.09,-,25.5862,5.5778,+0.03,-,71.61,67.09,-,,
08/05/2026 20:35:23,ENVIRONMENT,Sensors,PI_HARDWARE,25.38,25.84,-,25.5862,5.5778,-0.09,-,70.48,65.75,-,,
08/05/2026 20:36:24,ENVIRONMENT,Sensors,PI_HARDWARE,24.98,25.6,-,25.5863,5.5778,-0.24,-,69.75,64.41,-,,
08/05/2026 20:37:24,ENVIRONMENT,Sensors,PI_HARDWARE,24.9,25.38,-,25.5864,5.5778,-0.25,-,72.79,66.57,-,,
08/05/2026 20:38:24,ENVIRONMENT,Sensors,PI_HARDWARE,25.07,25.32,-,25.5865,5.5779,-0.17,-,74.51,69.68,-,,
08/05/2026 20:39:24,ENVIRONMENT,Sensors,PI_HARDWARE,25.23,25.43,-,25.5866,5.5779,-0.1,-,75.52,71.74,-,,
08/05/2026 20:40:24,ENVIRONMENT,Sensors,PI_HARDWARE,25.4,25.56,-,25.5867,5.5779,-0.03,-,76.37,73.1,-,,
08/05/2026 20:41:24,ENVIRONMENT,Sensors,PI_HARDWARE,25.48,25.71,-,25.5867,5.5779,+0.01,-,76.92,73.83,-,,
08/05/2026 20:42:24,ENVIRONMENT,Sensors,PI_HARDWARE,25.57,25.84,-,25.5868,5.5779,+0.05,-,78.05,74.72,-,,
08/05/2026 20:43:24,ENVIRONMENT,Sensors,PI_HARDWARE,25.66,25.97,-,25.5869,5.5779,+0.09,-,78.59,75.52,-,,
08/05/2026 20:44:24,ENVIRONMENT,Sensors,PI_HARDWARE,25.55,26.06,-,25.587,5.578,+0.03,-,76.41,73.86,-,,
08/05/2026 20:45:24,ENVIRONMENT,Sensors,PI_HARDWARE,25.24,26.02,-,25.5871,5.578,-0.1,-,74.62,71.42,-,,
08/05/2026 20:46:24,ENVIRONMENT,Sensors,PI_HARDWARE,24.91,25.87,-,25.5872,5.578,-0.23,-,74.82,69.68,-,,
08/05/2026 20:47:24,ENVIRONMENT,Sensors,PI_HARDWARE,25.03,25.77,-,25.5872,5.578,-0.17,-,76.6,71.81,-,,
08/05/2026 20:48:24,ENVIRONMENT,Sensors,PI_HARDWARE,25.24,25.78,-,25.5873,5.578,-0.07,-,77.99,73.98,-,,
08/05/2026 20:49:24,ENVIRONMENT,Sensors,PI_HARDWARE,25.41,25.84,-,25.5874,5.5781,0,-,78.47,75.19,-,,
08/05/2026 20:50:24,ENVIRONMENT,Sensors,PI_HARDWARE,25.57,25.97,-,25.5875,5.5781,+0.06,-,78.95,75.95,-,,
08/05/2026 20:51:25,ENVIRONMENT,Sensors,PI_HARDWARE,25.72,26.08,-,25.5876,5.5781,+0.12,-,79.39,76.69,-,,
08/05/2026 20:52:08,ACTION,LSTM_AI,PI_HARDWARE,25.81,26.14,Set AC Fan to MEDIUM & Peltier ON,25.5876,5.5781,+0.16,107.2,79.64,77.02,24,,
08/05/2026 20:52:17,ACTION,LSTM_AI,PI_HARDWARE,25.79,26.15,Set AC Fan to LOW & Peltier OFF,25.5904,5.5787,+0.15,113.9,79.56,77.08,26.67,,
08/05/2026 20:52:24,ENVIRONMENT,Sensors,PI_HARDWARE,25.77,26.18,-,25.5904,5.5787,+0.14,-,79.02,77.13,-,,
08/05/2026 20:52:38,ACTION,LSTM_AI,PI_HARDWARE,25.81,26.22,Set AC Fan to MEDIUM & Peltier ON,25.5905,5.5787,+0.16,112.7,79.48,77.22,24,,
08/05/2026 20:52:50,ACTION,LSTM_AI,PI_HARDWARE,25.79,26.22,Set AC Fan to LOW & Peltier OFF,25.5938,5.5794,+0.15,110.9,79.35,77.32,26.67,,
08/05/2026 20:53:11,ACTION,LSTM_AI,PI_HARDWARE,25.82,26.28,Set AC Fan to MEDIUM & Peltier ON,25.5938,5.5795,+0.16,106.9,79.21,77.44,24,,
08/05/2026 20:53:25,ENVIRONMENT,Sensors,PI_HARDWARE,25.81,26.29,-,25.5977,5.5803,+0.15,-,78.42,77.17,-,,
08/05/2026 20:53:27,ACTION,LSTM_AI,PI_HARDWARE,25.78,26.29,Set AC Fan to LOW & Peltier OFF,25.5977,5.5803,+0.14,115.1,78.42,77.17,26.66,,
08/05/2026 20:53:50,ACTION,LSTM_AI,PI_HARDWARE,25.82,26.31,Set AC Fan to MEDIUM & Peltier ON,25.5978,5.5803,+0.15,112.8,78.23,76.39,24,,
08/05/2026 20:54:11,ACTION,LSTM_AI,PI_HARDWARE,25.74,26.32,Set AC Fan to LOW & Peltier OFF,25.6039,5.5817,+0.10,113.9,76.34,75.71,26.66,,
08/05/2026 20:54:24,ENVIRONMENT,Sensors,PI_HARDWARE,25.66,26.32,-,25.6039,5.5817,+0.07,-,75.73,75.14,-,,
08/05/2026 20:55:25,ENVIRONMENT,Sensors,PI_HARDWARE,25.68,26.19,-,25.604,5.5817,+0.06,-,73.64,72.11,-,,
08/05/2026 20:56:25,ENVIRONMENT,Sensors,PI_HARDWARE,25.64,26.01,-,25.6041,5.5817,+0.04,-,73,70.23,-,,
08/05/2026 20:57:24,ACTION,LSTM_AI,PI_HARDWARE,25.8,25.84,Set AC Fan to MEDIUM & Peltier ON,25.6042,5.5817,+0.11,106.9,74.56,72.02,24,,
08/05/2026 20:57:25,ENVIRONMENT,Sensors,PI_HARDWARE,25.8,25.83,-,25.6048,5.5818,+0.11,-,74.56,72.13,-,,
08/05/2026 20:57:44,ACTION,LSTM_AI,PI_HARDWARE,25.75,25.8,Set AC Fan to LOW & Peltier OFF,25.6098,5.5829,+0.09,113.9,74.33,72.74,26.66,,
08/05/2026 20:58:25,ENVIRONMENT,Sensors,PI_HARDWARE,25.7,25.78,-,25.6098,5.5829,+0.08,-,76.02,74.22,-,,
08/05/2026 20:58:44,ACTION,LSTM_AI,PI_HARDWARE,25.82,25.77,Set AC Fan to MEDIUM & Peltier ON,25.6099,5.583,+0.13,115.3,76.21,74.62,24,,
08/05/2026 20:59:25,ENVIRONMENT,Sensors,PI_HARDWARE,25.99,25.77,-,25.6216,5.5855,+0.20,-,76.8,75.62,-,,
08/05/2026 20:59:27,ACTION,LSTM_AI,PI_HARDWARE,26.01,25.77,Set AC Fan to HIGH & Peltier ON,25.6216,5.5855,+0.21,107.3,76.8,75.62,24,,
08/05/2026 21:00:25,ENVIRONMENT,Sensors,PI_HARDWARE,26.25,25.83,-,25.6384,5.5892,+0.30,-,76.99,76.56,-,,
08/05/2026 21:01:25,ENVIRONMENT,Sensors,PI_HARDWARE,26.36,25.91,-,25.6551,5.5928,+0.35,-,77.12,77.21,-,,
08/05/2026 21:02:25,ENVIRONMENT,Sensors,PI_HARDWARE,26.44,25.97,-,25.6719,5.5965,+0.38,-,77.48,77.85,-,,
08/05/2026 21:03:25,ENVIRONMENT,Sensors,PI_HARDWARE,26.49,26.08,-,25.6887,5.6001,+0.40,-,76.96,78.04,-,,
08/05/2026 21:04:25,ENVIRONMENT,Sensors,PI_HARDWARE,26.3,26.02,-,25.7054,5.6038,+0.30,-,74.71,75.93,-,,
08/05/2026 21:05:21,ACTION,LSTM_AI,PI_HARDWARE,25.98,25.97,Set AC Fan to MEDIUM & Peltier ON,25.7205,5.6071,+0.16,113.5,72.32,73.56,24,,
08/05/2026 21:05:25,ENVIRONMENT,Sensors,PI_HARDWARE,25.96,25.95,-,25.7222,5.6074,+0.15,-,72.16,73.26,-,,
08/05/2026 21:05:48,ACTION,LSTM_AI,PI_HARDWARE,25.79,25.9,Set AC Fan to LOW & Peltier OFF,25.7283,5.6088,+0.08,112.6,71.32,72.27,26.66,,
08/05/2026 21:06:25,ENVIRONMENT,Sensors,PI_HARDWARE,25.61,25.78,-,25.7284,5.6088,+0.02,-,72.54,71.44,-,,
08/05/2026 21:07:25,ENVIRONMENT,Sensors,PI_HARDWARE,25.66,25.69,-,25.7285,5.6088,+0.06,-,74.58,73.36,-,,
08/05/2026 21:08:25,ENVIRONMENT,Sensors,PI_HARDWARE,25.75,25.64,-,25.7286,5.6088,+0.10,-,75.9,75.29,-,,
08/05/2026 21:08:57,ACTION,LSTM_AI,PI_HARDWARE,25.8,25.62,Set AC Fan to MEDIUM & Peltier ON,25.7286,5.6088,+0.13,116,76.32,75.94,24,,
08/05/2026 21:09:26,ENVIRONMENT,Sensors,PI_HARDWARE,25.86,25.66,-,25.737,5.6107,+0.15,-,76.57,76.46,-,,
08/05/2026 21:10:25,ENVIRONMENT,Sensors,PI_HARDWARE,25.95,25.71,-,25.7537,5.6143,+0.19,-,77.12,77.25,-,,
08/05/2026 21:11:03,ACTION,LSTM_AI,PI_HARDWARE,26.01,25.78,Set AC Fan to HIGH & Peltier ON,25.7638,5.6165,+0.22,113.4,77.47,77.63,24,,
08/05/2026 21:11:25,ENVIRONMENT,Sensors,PI_HARDWARE,26.07,25.83,-,25.7705,5.618,+0.24,-,77.56,77.87,-,,
08/05/2026 21:12:25,ENVIRONMENT,Sensors,PI_HARDWARE,26.19,25.88,-,25.7873,5.6216,+0.29,-,77.99,78.47,-,,
08/05/2026 21:13:26,ENVIRONMENT,Sensors,PI_HARDWARE,26.21,25.95,-,25.8041,5.6253,+0.29,-,77.29,78.25,-,,
08/05/2026 21:14:26,ENVIRONMENT,Sensors,PI_HARDWARE,26.06,25.97,-,25.8208,5.6289,+0.21,-,74.89,76.15,-,,
08/05/2026 21:14:39,ACTION,LSTM_AI,PI_HARDWARE,26,25.95,Set AC Fan to MEDIUM & Peltier ON,25.8242,5.6297,+0.18,114.8,74.13,75.64,24,,
08/05/2026 21:15:09,ACTION,LSTM_AI,PI_HARDWARE,25.79,25.91,Set AC Fan to LOW & Peltier OFF,25.8326,5.6315,+0.09,114.9,72.89,74.11,26.66,,
08/05/2026 21:15:26,ENVIRONMENT,Sensors,PI_HARDWARE,25.66,25.87,-,25.8326,5.6315,+0.04,-,72.04,73.25,-,,
08/05/2026 21:16:26,ENVIRONMENT,Sensors,PI_HARDWARE,25.48,25.71,-,25.8327,5.6315,-0.01,-,74.8,73.07,-,,
08/05/2026 21:17:26,ENVIRONMENT,Sensors,PI_HARDWARE,25.54,25.64,-,25.8327,5.6315,+0.03,-,76.31,75.04,-,,
08/05/2026 21:18:26,ENVIRONMENT,Sensors,PI_HARDWARE,25.61,25.59,-,25.8328,5.6316,+0.06,-,77.32,76.57,-,,
08/05/2026 21:19:26,ENVIRONMENT,Sensors,PI_HARDWARE,25.7,25.66,-,25.8329,5.6316,+0.10,-,77.96,77.53,-,,
08/05/2026 21:20:26,ENVIRONMENT,Sensors,PI_HARDWARE,25.77,25.7,-,25.833,5.6316,+0.13,-,78.66,78.3,-,,
08/05/2026 21:21:00,ACTION,LSTM_AI,PI_HARDWARE,25.81,25.77,Set AC Fan to MEDIUM & Peltier ON,25.833,5.6316,+0.15,112.4,78.95,78.59,24,,
08/05/2026 21:21:26,ENVIRONMENT,Sensors,PI_HARDWARE,25.85,25.8,-,25.8409,5.6333,+0.17,-,79.06,78.84,-,,
08/05/2026 21:22:26,ENVIRONMENT,Sensors,PI_HARDWARE,25.98,25.87,-,25.8576,5.637,+0.22,-,79.37,79.28,-,,
08/05/2026 21:23:26,ENVIRONMENT,Sensors,PI_HARDWARE,25.91,25.93,-,25.8744,5.6406,+0.18,-,77.22,78.08,-,,
08/05/2026 21:23:57,ACTION,LSTM_AI,PI_HARDWARE,25.8,25.94,Set AC Fan to LOW & Peltier OFF,25.8828,5.6424,+0.13,112.9,76.27,76.95,26.66,,
08/05/2026 21:24:26,ENVIRONMENT,Sensors,PI_HARDWARE,25.64,25.9,-,25.8828,5.6425,+0.05,-,74.87,75.56,-,,
08/05/2026 21:25:26,ENVIRONMENT,Sensors,PI_HARDWARE,25.3,25.76,-,25.8829,5.6425,-0.09,-,73.9,72.98,-,,
08/05/2026 21:26:26,ENVIRONMENT,Sensors,PI_HARDWARE,25.32,25.6,-,25.883,5.6425,-0.06,-,76.3,74.31,-,,
08/05/2026 21:27:26,ENVIRONMENT,Sensors,PI_HARDWARE,25.43,25.6,-,25.8831,5.6425,-0.01,-,77.55,76.13,-,,
08/05/2026 21:28:26,ENVIRONMENT,Sensors,PI_HARDWARE,25.52,25.63,-,25.8831,5.6425,+0.04,-,78.29,77.35,-,,
08/05/2026 21:29:26,ENVIRONMENT,Sensors,PI_HARDWARE,25.61,25.66,-,25.8832,5.6425,+0.08,-,78.93,78.14,-,,
08/05/2026 21:30:26,ENVIRONMENT,Sensors,PI_HARDWARE,25.7,25.71,-,25.8833,5.6426,+0.11,-,79.43,78.82,-,,
08/05/2026 21:31:27,ENVIRONMENT,Sensors,PI_HARDWARE,25.76,25.81,-,25.8834,5.6426,+0.14,-,79.95,79.29,-,,
08/05/2026 21:31:57,ACTION,LSTM_AI,PI_HARDWARE,25.8,25.85,Set AC Fan to MEDIUM & Peltier ON,25.8834,5.6426,+0.16,113.5,80.09,79.52,24,,
08/05/2026 21:32:27,ENVIRONMENT,Sensors,PI_HARDWARE,25.84,25.88,-,25.8918,5.6444,+0.17,-,79.39,79.44,-,,
08/05/2026 21:33:00,ACTION,LSTM_AI,PI_HARDWARE,25.8,25.9,Set AC Fan to LOW & Peltier OFF,25.9008,5.6464,+0.14,117,77.83,78.53,26.66,,
08/05/2026 21:33:27,ENVIRONMENT,Sensors,PI_HARDWARE,25.71,25.88,-,25.9008,5.6464,+0.10,-,77.3,77.44,-,,
08/05/2026 21:34:27,ENVIRONMENT,Sensors,PI_HARDWARE,25.41,25.83,-,25.9009,5.6464,-0.04,-,74.27,74.67,-,,
08/05/2026 21:35:28,ENVIRONMENT,Sensors,PI_HARDWARE,25.15,25.66,-,25.901,5.6464,-0.14,-,74.89,73.13,-,,
08/05/2026 21:36:27,ENVIRONMENT,Sensors,PI_HARDWARE,25.23,25.53,-,25.901,5.6464,-0.09,-,76.95,74.97,-,,
08/05/2026 21:37:27,ENVIRONMENT,Sensors,PI_HARDWARE,25.38,25.5,-,25.9011,5.6464,-0.02,-,77.97,76.64,-,,
08/05/2026 21:38:27,ENVIRONMENT,Sensors,PI_HARDWARE,25.46,25.53,-,25.9012,5.6465,+0.02,-,78.7,77.83,-,,
08/05/2026 21:39:27,ENVIRONMENT,Sensors,PI_HARDWARE,25.57,25.62,-,25.9013,5.6465,+0.06,-,79.26,78.55,-,,
08/05/2026 21:40:27,ENVIRONMENT,Sensors,PI_HARDWARE,25.65,25.69,-,25.9014,5.6465,+0.10,-,79.75,79.08,-,,
08/05/2026 21:41:27,ENVIRONMENT,Sensors,PI_HARDWARE,25.73,25.77,-,25.9015,5.6465,+0.13,-,80.17,79.58,-,,
08/05/2026 21:42:27,ENVIRONMENT,Sensors,PI_HARDWARE,25.74,25.85,-,25.9015,5.6465,+0.13,-,79.33,79.25,-,,
08/05/2026 21:43:27,ENVIRONMENT,Sensors,PI_HARDWARE,25.56,25.84,-,25.9016,5.6466,+0.04,-,76.69,77.03,-,,
08/05/2026 21:44:27,ENVIRONMENT,Sensors,PI_HARDWARE,25.23,25.73,-,25.9017,5.6466,-0.11,-,74.14,74.18,-,,
08/05/2026 21:45:27,ENVIRONMENT,Sensors,PI_HARDWARE,25.16,25.56,-,25.9018,5.6466,-0.12,-,76.64,74.45,-,,
08/05/2026 21:46:27,ENVIRONMENT,Sensors,PI_HARDWARE,25.3,25.5,-,25.9019,5.6466,-0.05,-,78.04,76.3,-,,
08/05/2026 21:47:27,ENVIRONMENT,Sensors,PI_HARDWARE,25.41,25.51,-,25.902,5.6466,0,-,78.77,77.62,-,,
08/05/2026 21:48:28,ENVIRONMENT,Sensors,PI_HARDWARE,25.5,25.57,-,25.902,5.6466,+0.04,-,79.42,78.59,-,,
08/05/2026 21:49:27,ENVIRONMENT,Sensors,PI_HARDWARE,25.57,25.66,-,25.9021,5.6467,+0.07,-,79.97,79.19,-,,
08/05/2026 21:50:27,ENVIRONMENT,Sensors,PI_HARDWARE,25.65,25.71,-,25.9022,5.6467,+0.10,-,80.4,79.67,-,,
08/05/2026 21:51:28,ENVIRONMENT,Sensors,PI_HARDWARE,25.74,25.78,-,25.9023,5.6467,+0.14,-,80.73,80.05,-,,
08/05/2026 21:52:28,ENVIRONMENT,Sensors,PI_HARDWARE,25.69,25.87,-,25.9024,5.6467,+0.10,-,78.48,78.77,-,,
08/05/2026 21:53:28,ENVIRONMENT,Sensors,PI_HARDWARE,25.39,25.81,-,25.9025,5.6467,-0.04,-,75.6,75.85,-,,
08/05/2026 21:54:28,ENVIRONMENT,Sensors,PI_HARDWARE,25.16,25.66,-,25.9025,5.6468,-0.12,-,75.94,74.16,-,,
08/05/2026 21:55:28,ENVIRONMENT,Sensors,PI_HARDWARE,25.23,25.53,-,25.9026,5.6468,-0.08,-,77.9,75.81,-,,
08/05/2026 21:56:28,ENVIRONMENT,Sensors,PI_HARDWARE,25.35,25.53,-,25.9027,5.6468,-0.02,-,78.88,77.46,-,,
08/05/2026 21:57:28,ENVIRONMENT,Sensors,PI_HARDWARE,25.46,25.56,-,25.9028,5.6468,+0.02,-,79.48,78.51,-,,
08/05/2026 21:58:28,ENVIRONMENT,Sensors,PI_HARDWARE,25.55,25.63,-,25.9029,5.6468,+0.06,-,79.99,79.21,-,,
08/05/2026 21:59:28,ENVIRONMENT,Sensors,PI_HARDWARE,25.64,25.7,-,25.903,5.6468,+0.10,-,80.42,79.78,-,,
08/05/2026 22:00:28,ENVIRONMENT,Sensors,PI_HARDWARE,25.73,25.78,-,25.903,5.6469,+0.14,-,80.81,80.16,-,,
08/05/2026 22:01:28,ENVIRONMENT,Sensors,PI_HARDWARE,25.74,25.84,-,25.9031,5.6469,+0.14,-,80.03,79.93,-,,
08/05/2026 22:02:28,ENVIRONMENT,Sensors,PI_HARDWARE,25.55,25.84,-,25.9032,5.6469,+0.04,-,77.21,77.51,-,,
08/05/2026 22:03:28,ENVIRONMENT,Sensors,PI_HARDWARE,25.19,25.73,-,25.9033,5.6469,-0.12,-,74.75,74.58,-,,
08/05/2026 22:04:28,ENVIRONMENT,Sensors,PI_HARDWARE,25.16,25.59,-,25.9034,5.6469,-0.11,-,77.54,75.29,-,,
08/05/2026 22:05:28,ENVIRONMENT,Sensors,PI_HARDWARE,25.3,25.5,-,25.9035,5.647,-0.05,-,78.69,77.03,-,,
08/05/2026 22:06:28,ENVIRONMENT,Sensors,PI_HARDWARE,25.41,25.51,-,25.9035,5.647,+0.00,-,79.39,78.36,-,,
08/05/2026 22:07:28,ENVIRONMENT,Sensors,PI_HARDWARE,25.51,25.56,-,25.9036,5.647,+0.05,-,79.9,79.14,-,,
08/05/2026 22:08:29,ENVIRONMENT,Sensors,PI_HARDWARE,25.61,25.64,-,25.9037,5.647,+0.09,-,80.38,79.76,-,,
08/05/2026 22:09:28,ENVIRONMENT,Sensors,PI_HARDWARE,25.68,25.73,-,25.9038,5.647,+0.12,-,80.9,80.21,-,,
08/05/2026 22:10:30,ENVIRONMENT,Sensors,PI_HARDWARE,25.74,25.81,-,25.9039,5.647,+0.14,-,80.92,80.57,-,,
08/05/2026 22:11:29,ENVIRONMENT,Sensors,PI_HARDWARE,25.65,25.84,-,25.904,5.6471,+0.09,-,78.63,78.86,-,,
08/05/2026 22:12:29,ENVIRONMENT,Sensors,PI_HARDWARE,25.37,25.77,-,25.904,5.6471,-0.04,-,75.91,76.2,-,,
08/05/2026 22:13:29,ENVIRONMENT,Sensors,PI_HARDWARE,25.12,25.62,-,25.9041,5.6471,-0.13,-,76.4,74.53,-,,
08/05/2026 22:14:29,ENVIRONMENT,Sensors,PI_HARDWARE,25.22,25.5,-,25.9042,5.6471,-0.08,-,78.14,76.24,-,,
08/05/2026 22:15:29,ENVIRONMENT,Sensors,PI_HARDWARE,25.35,25.49,-,25.9043,5.6471,-0.02,-,79.08,77.77,-,,
08/05/2026 22:16:29,ENVIRONMENT,Sensors,PI_HARDWARE,25.44,25.49,-,25.9044,5.6472,+0.02,-,79.76,78.84,-,,
08/05/2026 22:17:29,ENVIRONMENT,Sensors,PI_HARDWARE,25.52,25.56,-,25.9045,5.6472,+0.05,-,80.29,79.53,-,,
08/05/2026 22:18:29,ENVIRONMENT,Sensors,PI_HARDWARE,25.6,25.63,-,25.9046,5.6472,+0.09,-,80.65,80.04,-,,
08/05/2026 22:19:29,ENVIRONMENT,Sensors,PI_HARDWARE,25.68,25.71,-,25.9046,5.6472,+0.12,-,80.95,80.42,-,,
08/05/2026 22:20:29,ENVIRONMENT,Sensors,PI_HARDWARE,25.7,25.78,-,25.9047,5.6472,+0.12,-,80.2,80.1,-,,
08/05/2026 22:21:29,ENVIRONMENT,Sensors,PI_HARDWARE,25.52,25.8,-,25.9048,5.6472,+0.03,-,77.55,77.77,-,,
08/05/2026 22:22:29,ENVIRONMENT,Sensors,PI_HARDWARE,25.18,25.69,-,25.9049,5.6473,-0.12,-,75.31,74.87,-,,
08/05/2026 22:23:29,ENVIRONMENT,Sensors,PI_HARDWARE,25.17,25.56,-,25.905,5.6473,-0.1,-,77.94,75.8,-,,
08/05/2026 22:24:29,ENVIRONMENT,Sensors,PI_HARDWARE,25.29,25.47,-,25.9051,5.6473,-0.05,-,78.94,77.43,-,,
08/05/2026 22:25:29,ENVIRONMENT,Sensors,PI_HARDWARE,25.41,25.51,-,25.9051,5.6473,+0.01,-,79.65,78.59,-,,
08/05/2026 22:26:29,ENVIRONMENT,Sensors,PI_HARDWARE,25.51,25.54,-,25.9052,5.6473,+0.05,-,80.18,79.43,-,,
08/05/2026 22:27:29,ENVIRONMENT,Sensors,PI_HARDWARE,25.59,25.63,-,25.9053,5.6474,+0.08,-,80.66,79.98,-,,
08/05/2026 22:30:15,SYSTEM,BOOT,PI_HARDWARE,24,24,--- Raspberry Pi AI Master Started ---,25.9054,5.6474,-0.77,-,50,50,-,,
08/05/2026 22:30:16,ACTION,LSTM_AI,PI_HARDWARE,25.84,24,Set AC Fan to MEDIUM & Peltier ON,25.9054,5.6474,-0.09,117.3,50,50,24,,
08/05/2026 22:30:31,ACTION,LSTM_AI,PI_HARDWARE,25.76,24,Set AC Fan to LOW & Peltier OFF,25.9093,5.6482,+0.13,113.4,78.76,50,26.72,,
08/05/2026 22:31:15,ENVIRONMENT,Sensors,PI_HARDWARE,25.54,24,-,25.9093,5.6482,+0.03,-,77.28,50,-,,
08/05/2026 22:32:15,ENVIRONMENT,Sensors,PI_HARDWARE,25.45,24,-,25.9094,5.6483,-0.01,-,76.05,50,-,,
08/05/2026 22:33:15,ENVIRONMENT,Sensors,PI_HARDWARE,25.72,24,-,25.9095,5.6483,+0.11,-,77.46,50,-,,
08/05/2026 22:33:34,ACTION,LSTM_AI,PI_HARDWARE,25.81,24,Set AC Fan to MEDIUM & Peltier ON,25.9095,5.6483,+0.14,107.2,77.53,50,24,,
08/05/2026 22:33:55,ACTION,LSTM_AI,PI_HARDWARE,25.79,24,Set AC Fan to LOW & Peltier OFF,25.9151,5.6495,+0.13,112.3,77.6,50,26.66,,
08/05/2026 22:34:15,ENVIRONMENT,Sensors,PI_HARDWARE,25.75,24,-,25.9152,5.6495,+0.13,-,78.72,50,-,,
08/05/2026 22:34:37,ACTION,LSTM_AI,PI_HARDWARE,25.81,24,Set AC Fan to MEDIUM & Peltier ON,25.9152,5.6495,+0.15,113,79.02,50,24,,
08/05/2026 22:34:58,ACTION,LSTM_AI,PI_HARDWARE,25.78,24,Set AC Fan to LOW & Peltier OFF,25.9213,5.6508,+0.13,113.3,78.1,50,26.66,,
08/05/2026 22:35:13,ACTION,LSTM_AI,PI_HARDWARE,25.81,24,Set AC Fan to MEDIUM & Peltier ON,25.9213,5.6509,+0.15,113.8,78.57,50,24,,
08/05/2026 22:35:17,ENVIRONMENT,Sensors,PI_HARDWARE,25.81,24,-,25.9225,5.6511,+0.15,-,78.84,50,-,,
08/05/2026 22:35:31,ACTION,LSTM_AI,PI_HARDWARE,25.78,24,Set AC Fan to LOW & Peltier OFF,25.9264,5.652,+0.13,111.1,78.34,50,26.66,,
08/05/2026 22:35:43,ACTION,LSTM_AI,PI_HARDWARE,25.83,24,Set AC Fan to MEDIUM & Peltier ON,25.9264,5.652,+0.16,113.1,78.3,50,24,,
08/05/2026 22:36:15,ENVIRONMENT,Sensors,PI_HARDWARE,25.78,24,-,25.9359,5.654,+0.13,-,77.65,50,-,,
08/05/2026 22:37:15,ENVIRONMENT,Sensors,PI_HARDWARE,25.78,24,-,25.9527,5.6577,+0.13,-,77.65,50,-,,
08/05/2026 22:38:15,ENVIRONMENT,Sensors,PI_HARDWARE,25.78,24,-,25.9694,5.6613,+0.13,-,77.65,50,-,,
08/05/2026 22:38:52,ACTION,USER,PI_HARDWARE,25.78,24,Set STATUS to OFF,25.9789,5.6634,+0.13,-,77.65,50,-,,
08/05/2026 22:39:15,ENVIRONMENT,Sensors,PI_HARDWARE,25.98,24,-,25.9862,5.665,+0.20,-,76.86,50,-,,
08/05/2026 22:40:12,ACTION,LSTM_AI,PI_HARDWARE,25.79,24,Set AC Fan to LOW & Peltier OFF,26.0013,5.6683,+0.11,112.8,75.06,50,26.66,,
08/05/2026 22:40:18,ENVIRONMENT,Sensors,PI_HARDWARE,25.79,24,-,26.0013,5.6683,+0.11,-,74.88,50,-,,
08/05/2026 22:40:20,ACTION,LSTM_AI,PI_HARDWARE,25.81,24,Set AC Fan to MEDIUM & Peltier ON,26.0013,5.6683,+0.12,114,74.88,50,24,,
08/05/2026 22:40:41,ACTION,LSTM_AI,PI_HARDWARE,25.78,24,Set AC Fan to LOW & Peltier OFF,26.008,5.6697,+0.10,114,74.38,50,26.66,,
08/05/2026 22:40:53,ACTION,LSTM_AI,PI_HARDWARE,25.83,24,Set AC Fan to MEDIUM & Peltier ON,26.008,5.6697,+0.12,111,74.36,50,24,,
08/05/2026 22:41:08,ACTION,LSTM_AI,PI_HARDWARE,25.8,24,Set AC Fan to LOW & Peltier OFF,26.0125,5.6707,+0.11,113.3,74.41,50,26.66,,
08/05/2026 22:41:15,ENVIRONMENT,Sensors,PI_HARDWARE,25.77,24,-,26.0125,5.6707,+0.09,-,73.8,50,-,,
08/05/2026 22:41:20,ACTION,LSTM_AI,PI_HARDWARE,25.81,24,Set AC Fan to MEDIUM & Peltier ON,26.0125,5.6707,+0.11,107.3,73.83,50,24,,
08/05/2026 22:41:32,ACTION,LSTM_AI,PI_HARDWARE,25.79,24,Set AC Fan to LOW & Peltier OFF,26.0158,5.6715,+0.10,107.2,73.88,50,26.66,,
08/05/2026 22:41:53,ACTION,LSTM_AI,PI_HARDWARE,25.81,24,Set AC Fan to MEDIUM & Peltier ON,26.0159,5.6715,+0.11,113,74.58,50,24,,
08/05/2026 22:41:59,ACTION,LSTM_AI,PI_HARDWARE,25.8,24,Set AC Fan to LOW & Peltier OFF,26.0175,5.6718,+0.12,114.1,75.58,50,26.67,,
08/05/2026 22:42:08,ACTION,LSTM_AI,PI_HARDWARE,25.8,24,Set AC Fan to MEDIUM & Peltier ON,26.0176,5.6718,+0.12,113.1,75.49,50,24,,
08/05/2026 22:42:15,ENVIRONMENT,Sensors,PI_HARDWARE,25.81,24,-,26.0198,5.6723,+0.13,-,75.9,50,-,,
08/05/2026 22:42:17,ACTION,LSTM_AI,PI_HARDWARE,25.8,24,Set AC Fan to LOW & Peltier OFF,26.0198,5.6723,+0.12,116.8,75.9,50,26.67,,
08/05/2026 22:42:29,ACTION,LSTM_AI,PI_HARDWARE,25.82,24,Set AC Fan to MEDIUM & Peltier ON,26.0198,5.6723,+0.13,113.7,75.57,50,24,,
08/05/2026 22:42:42,ACTION,LSTM_AI,PI_HARDWARE,25.79,24,Set AC Fan to LOW & Peltier OFF,26.0232,5.673,+0.12,113.3,76.24,50,26.66,,
08/05/2026 22:42:50,ACTION,LSTM_AI,PI_HARDWARE,25.81,24,Set AC Fan to MEDIUM & Peltier ON,26.0232,5.6731,+0.12,113.3,75.65,50,24,,
08/05/2026 22:43:05,ACTION,LSTM_AI,PI_HARDWARE,25.8,24,Set AC Fan to LOW & Peltier OFF,26.0271,5.6739,+0.12,111.4,75.84,50,26.66,,
08/05/2026 22:43:15,ENVIRONMENT,Sensors,PI_HARDWARE,25.79,24,-,26.0271,5.6739,+0.12,-,75.83,50,-,,
08/05/2026 22:43:20,ACTION,LSTM_AI,PI_HARDWARE,25.85,24,Set AC Fan to MEDIUM & Peltier ON,26.0271,5.6739,+0.14,113.2,76.16,50,24,,
08/05/2026 22:43:44,ACTION,LSTM_AI,PI_HARDWARE,25.79,24,Set AC Fan to LOW & Peltier OFF,26.0338,5.6754,+0.12,114.1,75.88,50,26.66,,
08/05/2026 22:43:53,ACTION,LSTM_AI,PI_HARDWARE,25.83,24,Set AC Fan to MEDIUM & Peltier ON,26.0338,5.6754,+0.13,114.5,75.82,50,24,,
08/05/2026 22:44:15,ENVIRONMENT,Sensors,PI_HARDWARE,25.83,24,-,26.0405,5.6768,+0.13,-,75.83,50,-,,
08/05/2026 22:44:21,ACTION,LSTM_AI,PI_HARDWARE,25.79,24,Set AC Fan to LOW & Peltier OFF,26.0417,5.6771,+0.12,112.8,75.75,50,26.66,,
08/05/2026 22:44:29,ACTION,LSTM_AI,PI_HARDWARE,25.84,24,Set AC Fan to MEDIUM & Peltier ON,26.0417,5.6771,+0.14,113.1,75.94,50,24,,
08/05/2026 22:45:15,ENVIRONMENT,Sensors,PI_HARDWARE,25.88,24,-,26.0551,5.68,+0.15,-,76.1,50,-,,
08/05/2026 22:46:15,ENVIRONMENT,Sensors,PI_HARDWARE,25.88,24,-,26.0718,5.6837,+0.15,-,76.1,50,-,,
08/05/2026 22:47:16,ENVIRONMENT,Sensors,PI_HARDWARE,25.88,24,-,26.0886,5.6873,+0.15,-,76.1,50,-,,
08/05/2026 22:48:15,ENVIRONMENT,Sensors,PI_HARDWARE,25.88,24,-,26.1054,5.691,+0.15,-,76.1,50,-,,
08/05/2026 22:49:16,ENVIRONMENT,Sensors,PI_HARDWARE,25.88,24,-,26.1221,5.6946,+0.15,-,76.1,50,-,,
08/05/2026 22:49:24,ACTION,USER,PI_HARDWARE,25.88,24,Set STATUS to OFF,26.1244,5.6951,+0.15,-,76.1,50,-,,
08/05/2026 22:50:16,ENVIRONMENT,Sensors,PI_HARDWARE,25.81,24,-,26.1389,5.6983,+0.11,-,74.01,50,-,,
08/05/2026 22:50:21,ACTION,LSTM_AI,PI_HARDWARE,25.76,24,Set AC Fan to LOW & Peltier OFF,26.14,5.6985,+0.09,113.5,73.9,50,26.66,,
08/05/2026 22:50:32,ACTION,LSTM_AI,PI_HARDWARE,25.85,24,Set AC Fan to MEDIUM & Peltier ON,26.14,5.6985,+0.13,116.6,74.08,50,24,,
08/05/2026 22:51:00,ACTION,LSTM_AI,PI_HARDWARE,25.76,24,Set AC Fan to LOW & Peltier OFF,26.1473,5.7001,+0.08,112.7,73.2,50,26.66,,
08/05/2026 22:51:16,ENVIRONMENT,Sensors,PI_HARDWARE,25.78,24,-,26.1473,5.7001,+0.09,-,73.19,50,-,,
08/05/2026 22:51:32,ACTION,LSTM_AI,PI_HARDWARE,25.82,24,Set AC Fan to MEDIUM & Peltier ON,26.1473,5.7001,+0.13,108.7,75.46,50,24,,
08/05/2026 22:52:00,ACTION,LSTM_AI,PI_HARDWARE,25.8,24,Set AC Fan to LOW & Peltier OFF,26.1546,5.7017,+0.11,113.1,74.52,50,26.66,,
08/05/2026 22:52:13,ACTION,LSTM_AI,PI_HARDWARE,25.86,24,Set AC Fan to MEDIUM & Peltier ON,26.1546,5.7017,+0.13,114.7,74.47,50,24,,
08/05/2026 22:52:16,ENVIRONMENT,Sensors,PI_HARDWARE,25.89,24,-,26.1563,5.7021,+0.15,-,75.19,50,-,,
08/05/2026 22:52:36,ACTION,LSTM_AI,PI_HARDWARE,25.8,24,Set AC Fan to LOW & Peltier OFF,26.1613,5.7032,+0.11,114,74.84,50,26.66,,
08/05/2026 22:52:42,ACTION,LSTM_AI,PI_HARDWARE,25.8,24,Set AC Fan to MEDIUM & Peltier ON,26.1613,5.7032,+0.11,114.2,74.62,50,24,,
08/05/2026 22:52:57,ACTION,LSTM_AI,PI_HARDWARE,25.8,24,Set AC Fan to LOW & Peltier OFF,26.1658,5.7041,+0.11,113.3,75.11,50,26.66,,
08/05/2026 22:53:03,ACTION,LSTM_AI,PI_HARDWARE,25.81,24,Set AC Fan to MEDIUM & Peltier ON,26.1658,5.7041,+0.12,113.1,75.09,50,24,,
08/05/2026 22:53:16,ENVIRONMENT,Sensors,PI_HARDWARE,25.87,24,-,26.1697,5.705,+0.14,-,75.46,50,-,,
08/05/2026 22:53:36,ACTION,LSTM_AI,PI_HARDWARE,25.77,24,Set AC Fan to LOW & Peltier OFF,26.1748,5.7061,+0.10,107.5,75,50,26.66,,
08/05/2026 22:53:44,ACTION,LSTM_AI,PI_HARDWARE,25.83,24,Set AC Fan to MEDIUM & Peltier ON,26.1748,5.7061,+0.13,115.1,75.34,50,24,,
08/05/2026 22:54:16,ENVIRONMENT,Sensors,PI_HARDWARE,25.84,24,-,26.1837,5.7081,+0.14,-,75.48,50,-,,
08/05/2026 22:54:36,ACTION,LSTM_AI,PI_HARDWARE,25.8,24,Set AC Fan to LOW & Peltier OFF,26.1887,5.7091,+0.12,111,75.42,50,26.66,,
08/05/2026 22:54:39,ACTION,LSTM_AI,PI_HARDWARE,25.81,24,Set AC Fan to MEDIUM & Peltier ON,26.1888,5.7091,+0.12,107.3,75.43,50,24,,
08/05/2026 22:55:16,ENVIRONMENT,Sensors,PI_HARDWARE,25.84,24,-,26.1994,5.7115,+0.13,-,75.75,50,-,,
08/05/2026 22:56:16,ENVIRONMENT,Sensors,PI_HARDWARE,25.91,24,-,26.2161,5.7151,+0.16,-,76.05,50,-,,
08/05/2026 22:57:15,ACTION,LSTM_AI,PI_HARDWARE,26,24,Set AC Fan to HIGH & Peltier ON,26.2323,5.7187,+0.20,113.2,76.39,50,24,,
08/05/2026 22:57:16,ENVIRONMENT,Sensors,PI_HARDWARE,26,24,-,26.2329,5.7188,+0.20,-,76.43,50,-,,
08/05/2026 22:58:16,ENVIRONMENT,Sensors,PI_HARDWARE,26.2,24,-,26.2497,5.7224,+0.28,-,76.69,50,-,,
08/05/2026 22:59:17,ENVIRONMENT,Sensors,PI_HARDWARE,26.09,24,-,26.2664,5.7261,+0.23,-,75.32,50,-,,
08/05/2026 22:59:30,ACTION,LSTM_AI,PI_HARDWARE,26,24,Set AC Fan to MEDIUM & Peltier ON,26.2698,5.7268,+0.19,116,74.98,50,24,,
08/05/2026 23:00:03,ACTION,LSTM_AI,PI_HARDWARE,25.78,24,Set AC Fan to LOW & Peltier OFF,26.2793,5.7289,+0.09,114.9,73.6,50,26.66,,
08/05/2026 23:00:12,ACTION,LSTM_AI,PI_HARDWARE,25.82,24,Set AC Fan to MEDIUM & Peltier ON,26.2793,5.7289,+0.11,117.4,73.85,50,24,,
08/05/2026 23:00:16,ENVIRONMENT,Sensors,PI_HARDWARE,25.85,24,-,26.281,5.7293,+0.13,-,74.17,50,-,,
08/05/2026 23:00:27,ACTION,LSTM_AI,PI_HARDWARE,25.79,24,Set AC Fan to LOW & Peltier OFF,26.2838,5.7299,+0.10,113.4,74.08,50,26.66,,
08/05/2026 23:00:42,ACTION,LSTM_AI,PI_HARDWARE,25.81,24,Set AC Fan to MEDIUM & Peltier ON,26.2838,5.7299,+0.10,113.1,73.45,50,24,,
08/05/2026 23:00:48,ACTION,LSTM_AI,PI_HARDWARE,25.78,24,Set AC Fan to LOW & Peltier OFF,26.2855,5.7302,+0.10,113.4,73.93,50,26.66,,
08/05/2026 23:01:15,ACTION,LSTM_AI,PI_HARDWARE,25.81,24,Set AC Fan to MEDIUM & Peltier ON,26.2855,5.7302,+0.13,113.6,75.74,50,24,,
08/05/2026 23:01:16,ENVIRONMENT,Sensors,PI_HARDWARE,25.81,24,-,26.2861,5.7304,+0.13,-,76,50,-,,
08/05/2026 23:01:33,ACTION,LSTM_AI,PI_HARDWARE,25.79,24,Set AC Fan to LOW & Peltier OFF,26.2905,5.7313,+0.11,113.1,75.69,50,26.66,,
08/05/2026 23:01:45,ACTION,LSTM_AI,PI_HARDWARE,25.83,24,Set AC Fan to MEDIUM & Peltier ON,26.2905,5.7313,+0.13,115,75.12,50,24,,
08/05/2026 23:02:00,ACTION,LSTM_AI,PI_HARDWARE,25.78,24,Set AC Fan to LOW & Peltier OFF,26.2945,5.7322,+0.13,113.4,77.22,50,26.66,,
08/05/2026 23:02:16,ENVIRONMENT,Sensors,PI_HARDWARE,25.64,25.95,-,26.2945,5.7322,+0.08,-,78.71,74.65,-,,
09/05/2026 22:56:00,SYSTEM,BOOT,PI_HARDWARE,24,24,--- Raspberry Pi AI Master Started ---,26.2945,5.7322,-0.77,-,50,50,-,,
09/05/2026 22:56:02,ACTION,LSTM_AI,PI_HARDWARE,27.44,24,Set AC Fan to HIGH & Peltier ON,26.2945,5.7322,+0.51,414.3,50,50,24,,
09/05/2026 22:56:47,ACTION,USER,Tablet,26.75,26.79,Set LOCK to ON,26.3068,5.7349,+0.43,30,69.88,69.31,-,,
09/05/2026 22:56:54,ACTION,USER,Tablet,26.63,26.77,Set LIGHT to ON,26.309,5.7354,+0.39,22.5,70.13,69.57,-,,
09/05/2026 22:56:56,ACTION,USER,Tablet,26.63,26.77,Set LIGHT to OFF,26.309,5.7354,+0.39,25.8,70.13,69.57,-,,
09/05/2026 22:56:57,ACTION,USER,Tablet,26.59,26.79,Set LIGHT to ON,26.3096,5.7355,+0.37,18.6,70.22,69.64,-,,
09/05/2026 22:56:58,ACTION,USER,Tablet,26.59,26.79,Set LIGHT to OFF,26.3096,5.7355,+0.37,22.7,70.22,69.64,-,,
09/05/2026 22:56:59,ACTION,USER,Tablet,26.55,26.8,Set LIGHT to ON,26.3102,5.7356,+0.36,22.7,70.3,69.73,-,,
09/05/2026 22:57:00,ENVIRONMENT,Sensors,PI_HARDWARE,26.55,26.8,-,26.3107,5.7357,+0.36,-,70.3,69.73,-,,
09/05/2026 22:57:00,ACTION,USER,Tablet,26.55,26.8,Set LIGHT to OFF,26.3107,5.7357,+0.36,12.7,70.3,69.73,-,,
09/05/2026 22:57:03,ACTION,USER,Tablet,26.55,26.8,Set WINDOW to ON,26.3113,5.7359,+0.36,21,70.3,69.73,-,,
09/05/2026 22:57:06,ACTION,USER,Tablet,26.52,26.81,Set WINDOW to OFF,26.3118,5.736,+0.35,14.5,70.38,69.82,-,,
09/05/2026 22:57:08,ACTION,USER,Tablet,26.5,26.8,Set WINDOW to ON,26.313,5.7362,+0.34,10.8,70.55,69.84,-,,
09/05/2026 22:57:10,ACTION,USER,Tablet,26.47,26.81,Set WINDOW to OFF,26.313,5.7362,+0.33,11.1,70.62,69.93,-,,
09/05/2026 22:57:11,ACTION,USER,Tablet,26.46,26.77,Set LIGHT to ON,26.3135,5.7363,+0.33,5.6,70.7,69.99,-,,
09/05/2026 22:57:12,ACTION,USER,Tablet,26.46,26.77,Set LIGHT to OFF,26.3135,5.7363,+0.33,8.9,70.7,69.99,-,,
09/05/2026 22:57:14,ACTION,USER,Tablet,26.46,26.77,Set LIGHT to ON,26.3141,5.7365,+0.33,7.6,70.7,69.99,-,,
09/05/2026 22:57:14,ACTION,USER,Tablet,26.44,26.8,Set LIGHT to OFF,26.3146,5.7366,+0.32,10.6,70.75,70.07,-,,
09/05/2026 22:57:16,ACTION,USER,PI_HARDWARE,26.44,26.8,Activated AWAY Mode,26.3146,5.7366,+0.32,-,70.75,70.07,-,,
09/05/2026 22:57:17,ACTION,USER,PI_HARDWARE,26.44,26.8,Set LIGHT to OFF,26.3146,5.7366,+0.32,-,70.75,70.07,-,,
09/05/2026 22:57:17,ACTION,USER,PI_HARDWARE,26.44,26.8,Set LIGHT to OFF,26.3146,5.7366,+0.32,-,70.75,70.07,-,,
09/05/2026 22:57:17,ACTION,USER,PI_HARDWARE,26.44,26.8,Set WINDOW to OFF,26.3146,5.7366,+0.32,-,70.75,70.07,-,,
09/05/2026 22:57:17,ACTION,USER,PI_HARDWARE,26.44,26.8,Set LIGHT to OFF,26.3146,5.7366,+0.32,-,70.75,70.07,-,,
09/05/2026 22:57:17,ACTION,USER,PI_HARDWARE,26.44,26.8,Set LIGHT to OFF,26.3146,5.7366,+0.32,-,70.75,70.07,-,,
09/05/2026 22:57:17,ACTION,USER,PI_HARDWARE,26.44,26.8,Set LIGHT to OFF,26.3146,5.7366,+0.32,-,70.75,70.07,-,,
09/05/2026 22:57:34,SYSTEM,SHUTDOWN,PI_HARDWARE,26.8,26.83,Master Script Stopped Manually,26.3147,5.7366,+0.46,-,70.83,70.31,-,,